id,bank_id,currency,status,api_version,failure_reason,failure_stage,customer_id,vertical,connectivity_type,amount_in_currency,country_id,createdat_ts,lastupdatedat_ts,initiated_at,executed_at,failed_at,authorizing_at,authorized_at,settled_at
3c6646ef17a52ac2e35fdb6a15aa44db6d85985b,b5ab8f51d35b64af079485e5bbbc335213f3a0ae,CAD,Executed,v3,,,365a3d703f257f52adde00af51c7f4897a6f9c6a,vertical 2,type 8,28.0,9e2b06736b477b7a924f60de14a7e329d82d6f4f,2010-02-10 06:00:06.452249,2010-02-10 06:00:14.766862,2010-02-10 06:00:06.452249,2010-02-10 06:00:14.766862,,2010-02-10 06:00:06.452249,2010-02-10 06:00:06.452249,
6c3e58befae5a4880c62c54bdffe7243ab7b66cc,34a0061ba48d1c2810cd930dd69d42482ca92d85,CAD,Executed,v3,,,365a3d703f257f52adde00af51c7f4897a6f9c6a,vertical 2,type 8,18.0,9e2b06736b477b7a924f60de14a7e329d82d6f4f,2010-01-12 06:00:17.890703,2010-01-12 06:00:22.517782,2010-01-12 06:00:17.890703,2010-01-12 06:00:22.517782,,2010-01-12 06:00:17.890703,2010-01-12 06:00:17.890703,
b2ee452081f287aa12f0efbd05c278edd332def9,660054a4565377c6e43ff7709abf56d8494ba604,CAD,Executed,v3,,,365a3d703f257f52adde00af51c7f4897a6f9c6a,vertical 2,type 8,28.5,9e2b06736b477b7a924f60de14a7e329d82d6f4f,2010-02-10 07:20:57.816799,2010-02-10 07:21:04.284348,2010-02-10 07:20:57.816799,2010-02-10 07:21:04.284348,,2010-02-10 07:20:57.816799,2010-02-10 07:20:57.816799,
5aa68c655e0ca1e57bcf4a70c269151811e3ee77,660054a4565377c6e43ff7709abf56d8494ba604,CAD,Executed,v3,,,365a3d703f257f52adde00af51c7f4897a6f9c6a,vertical 2,type 8,16.0,9e2b06736b477b7a924f60de14a7e329d82d6f4f,2010-02-10 06:00:20.172570,2010-02-10 06:00:25.549863,2010-02-10 06:00:20.172570,2010-02-10 06:00:25.549863,,2010-02-10 06:00:20.172570,2010-02-10 06:00:20.172570,
1d72b60adefab1066d7421d72a2c3abb3d558544,0090e57640ed78b0c16ac4606a6773769545bb17,CAD,Executed,v3,,,64c370a753b1db282770cdbf2aba5434a3185b3d,vertical 2,type 8,5.0,9e2b06736b477b7a924f60de14a7e329d82d6f4f,2009-08-14 13:42:02.939891,2009-08-14 13:42:54.515245,2009-08-14 13:42:09.978416,2009-08-14 13:42:54.515245,,2009-08-14 13:42:03.699860,2009-08-14 13:42:52.858713,2009-08-14 13:42:54.515245
bcfa97793076f65649b957dd799997ba2efaef3b,b5ab8f51d35b64af079485e5bbbc335213f3a0ae,CAD,Executed,v3,,,64c370a753b1db282770cdbf2aba5434a3185b3d,vertical 2,type 8,100.0,9e2b06736b477b7a924f60de14a7e329d82d6f4f,2009-08-20 14:05:30.662267,2009-08-20 14:06:04.153539,2009-08-20 14:05:35.397045,2009-08-20 14:06:03.968660,,2009-08-20 14:05:31.590486,2009-08-20 14:06:02.119292,2009-08-20 14:06:04.153539
caf692e3132a3ede4bce389283bbe578229018b4,6926610db1dfc17aca46a6f67789d7d6c24a7185,CAD,failed,v3,expired,initiated,64c370a753b1db282770cdbf2aba5434a3185b3d,vertical 2,type 8,7.08,9e2b06736b477b7a924f60de14a7e329d82d6f4f,2009-09-05 01:37:49.441806,2009-09-05 01:52:49.567983,2009-09-05 01:37:54.902954,,2009-09-05 01:52:49.567983,2009-09-05 01:37:49.926388,,
f23ca43a1cfc1ed47ecb6c37dd352ff426644d27,b5ab8f51d35b64af079485e5bbbc335213f3a0ae,CAD,Executed,v3,,,365a3d703f257f52adde00af51c7f4897a6f9c6a,vertical 2,type 8,40.5,9e2b06736b477b7a924f60de14a7e329d82d6f4f,2010-01-19 06:00:22.670235,2010-01-19 06:00:28.520191,2010-01-19 06:00:22.670235,2010-01-19 06:00:28.520191,,2010-01-19 06:00:22.670235,2010-01-19 06:00:22.670235,
d5478919b341d23f0cba6cf31e20728e71afc257,4d762ce64874cd49be593313e92a1e61cf74417e,CAD,Executed,v3,,,64c370a753b1db282770cdbf2aba5434a3185b3d,vertical 2,type 8,50.0,9e2b06736b477b7a924f60de14a7e329d82d6f4f,2009-10-22 15:17:17.046271,2009-10-22 15:17:56.370269,2009-10-22 15:17:23.534314,2009-10-22 15:17:56.222319,,2009-10-22 15:17:18.082226,2009-10-22 15:17:56.035144,2009-10-22 15:17:56.370269
da1be4c92610de8116f34d30c57635b26c40af1a,e8085010136a26d0ebc200ac0751b1d9d673a764,CAD,Executed,v3,,,64c370a753b1db282770cdbf2aba5434a3185b3d,vertical 2,type 8,20.0,9e2b06736b477b7a924f60de14a7e329d82d6f4f,2010-02-05 05:06:16.494003,2010-02-05 05:07:09.448444,2010-02-05 05:06:36.935998,2010-02-05 05:07:09.448444,,2010-02-05 05:06:24.631949,2010-02-05 05:07:06.656714,2010-02-05 05:07:09.190000
71425ba68caf05a990062959e17e9201ed0a72ee,b5ab8f51d35b64af079485e5bbbc335213f3a0ae,CAD,Executed,v3,,,5300313e698b5062bfe820f7efc7571699b4bb4c,vertical 2,type 8,3.0,9e2b06736b477b7a924f60de14a7e329d82d6f4f,2009-12-25 15:30:47.583276,2009-12-25 15:31:29.723232,2009-12-25 15:30:54.577410,2009-12-25 15:31:29.723232,,2009-12-25 15:30:50.367415,2009-12-25 15:31:27.245779,
ffa4e5d001424a8a511bd9a438ec32481c897baf,b5ab8f51d35b64af079485e5bbbc335213f3a0ae,CAD,Executed,v3,,,5300313e698b5062bfe820f7efc7571699b4bb4c,vertical 2,type 8,1.5,9e2b06736b477b7a924f60de14a7e329d82d6f4f,2009-11-25 22:48:33.901917,2009-11-25 22:49:11.187516,2009-11-25 22:48:39.533972,2009-11-25 22:49:11.187516,,2009-11-25 22:48:36.058715,2009-11-25 22:49:09.208336,
f9127ac2d3216d75d93a7a73b51c1332ee14b954,34a0061ba48d1c2810cd930dd69d42482ca92d85,CAD,Executed,v3,,,5300313e698b5062bfe820f7efc7571699b4bb4c,vertical 2,type 8,3.58,9e2b06736b477b7a924f60de14a7e329d82d6f4f,2009-07-05 10:54:20.650501,2009-07-05 10:55:19.283221,2009-07-05 10:54:27.301145,2009-07-05 10:55:19.283221,,2009-07-05 10:54:23.100428,2009-07-05 10:55:17.878036,
042b2b16e69ccf55e8e4f449fa62243907fe5898,b7fdda6d8957d76f5537a7b43f39060422c52953,USD,Executed,v2,,,5fa03c0259fe9d6d7763bf34ab2812da2a9ee930,vertical 2,type 6,5.0,e663a75ca1d25c297c92ca032b7bd8d1af3b0b5c,2008-02-13 07:56:07.692866,2008-02-13 07:56:53.766215,,2008-02-13 07:56:53.766215,,,,
b1a17e603821beff3fa9f3158c3fe25dae63ec1c,d7de6e602c6a2b995502b91685615a5ce37901d7,USD,Executing,v2,,,5fa03c0259fe9d6d7763bf34ab2812da2a9ee930,vertical 2,,15.0,a05b131fd348c62de04bce3d93a6cd396b1db85f,2008-01-15 13:33:57.319937,2008-01-15 13:34:57.247322,,,,,,
9f6015ea0ace75aa770d04c8d6021547869f7f44,fb4d35bb6a0aba4df37f4fb5b5e688aba9efca27,USD,Initiated,v2,,,5fa03c0259fe9d6d7763bf34ab2812da2a9ee930,vertical 2,,10.0,f69ad584c025f9b756ce1e8c70de3a33aef50b32,2008-06-30 14:03:28.186760,2008-06-30 14:03:28.186760,,,,,,
f65afdaf573dc667f1f772c6b9e1f14d3974f3bb,e3ba0f7b4b8f6907071e8e1916f34633a5a3dfd2,USD,Initiated,v2,,,5fa03c0259fe9d6d7763bf34ab2812da2a9ee930,vertical 2,,80.0,beb7a78398a040dadb3da1ba0474ba3899285e46,2008-05-02 13:31:15.490415,2008-05-02 13:31:15.490415,,,,,,
8a310a30719eddce7b5d7373de34ccff34411990,6926610db1dfc17aca46a6f67789d7d6c24a7185,CAD,Executed,v3,,,5300313e698b5062bfe820f7efc7571699b4bb4c,vertical 2,type 8,4.0,9e2b06736b477b7a924f60de14a7e329d82d6f4f,2009-06-02 23:12:14.473321,2009-06-02 23:17:14.414488,2009-06-02 23:12:34.176112,2009-06-02 23:17:14.414488,,2009-06-02 23:12:21.113491,2009-06-02 23:17:11.730819,
42b9d7f2e665c7560403573bc9dfe994612e2aaf,e8085010136a26d0ebc200ac0751b1d9d673a764,CAD,Executed,v3,,,5300313e698b5062bfe820f7efc7571699b4bb4c,vertical 2,type 8,70.73,9e2b06736b477b7a924f60de14a7e329d82d6f4f,2009-08-28 09:22:00.915958,2009-08-28 09:22:39.553739,2009-08-28 09:22:09.266354,2009-08-28 09:22:39.553739,,2009-08-28 09:22:04.705906,2009-08-28 09:22:36.987008,
a44aca9558e29faed6b97a033599f3e01b906dc3,660054a4565377c6e43ff7709abf56d8494ba604,CAD,failed,v3,expired,authorizing,5300313e698b5062bfe820f7efc7571699b4bb4c,vertical 2,type 8,5.2,9e2b06736b477b7a924f60de14a7e329d82d6f4f,2008-08-10 14:05:14.011148,2008-08-10 14:20:14.228156,2008-08-10 14:05:21.061754,,2008-08-10 14:20:14.228156,2008-08-10 14:05:15.644886,,
a3c802ef7e7a4eef4e2ef5619c42f2b0d3359431,7793607afc91c55351f23d75015223501cd65cd2,USD,Rejected,v2,,,5fa03c0259fe9d6d7763bf34ab2812da2a9ee930,vertical 2,,50.0,f69ad584c025f9b756ce1e8c70de3a33aef50b32,2008-01-31 00:21:51.365617,2008-02-01 00:22:42.090197,,,,,,
f88e2defc8eb0f7a2c81521ba5868ba6c7132f34,b5ab8f51d35b64af079485e5bbbc335213f3a0ae,CAD,Executed,v3,,,64c370a753b1db282770cdbf2aba5434a3185b3d,vertical 2,type 8,12.63,9e2b06736b477b7a924f60de14a7e329d82d6f4f,2009-12-05 08:13:11.241380,2009-12-05 08:13:42.660281,2009-12-05 08:13:16.233370,2009-12-05 08:13:42.660281,,2009-12-05 08:13:12.303574,2009-12-05 08:13:41.088913,2009-12-05 08:13:42.650000
5a855e7456587f414762350bb27f81a5a7824b6c,3674b4d292131698ba6c946dda67a8fd8b63f12a,CAD,Executed,v3,,,64c370a753b1db282770cdbf2aba5434a3185b3d,vertical 2,type 8,10.0,9e2b06736b477b7a924f60de14a7e329d82d6f4f,2009-09-28 07:09:08.295286,2009-09-28 07:09:38.514770,2009-09-28 07:09:15.981268,2009-09-28 07:09:38.514770,,2009-09-28 07:09:09.222910,2009-09-28 07:09:37.219507,2009-09-28 07:09:38.514770
378d2b9e976117af425b27aa3637a15818398f9d,4d762ce64874cd49be593313e92a1e61cf74417e,CAD,failed,v3,expired,initiated,64c370a753b1db282770cdbf2aba5434a3185b3d,vertical 2,type 8,377.7,9e2b06736b477b7a924f60de14a7e329d82d6f4f,2009-11-01 11:52:45.677337,2009-11-01 12:07:45.944390,2009-11-01 11:52:54.854173,,2009-11-01 12:07:45.944390,2009-11-01 11:52:46.988339,,
ba123f56a38477bed76bd4a10ad6af67b35d8c44,6926610db1dfc17aca46a6f67789d7d6c24a7185,CAD,Executed,v3,,,64c370a753b1db282770cdbf2aba5434a3185b3d,vertical 2,type 8,164.45,9e2b06736b477b7a924f60de14a7e329d82d6f4f,2009-12-31 12:01:50.674153,2009-12-31 12:02:34.403226,2009-12-31 12:01:58.948046,2009-12-31 12:02:34.403226,,2009-12-31 12:01:51.868892,2009-12-31 12:02:32.932000,2009-12-31 12:02:34.000000
e6f9185a639d34d491aee64e8936a7ad300dc9c3,660054a4565377c6e43ff7709abf56d8494ba604,CAD,Executed,v3,,,5300313e698b5062bfe820f7efc7571699b4bb4c,vertical 2,type 8,6.0,9e2b06736b477b7a924f60de14a7e329d82d6f4f,2009-12-28 09:51:42.215720,2009-12-28 09:52:19.796831,2009-12-28 09:51:47.904945,2009-12-28 09:52:19.796831,,2009-12-28 09:51:44.511243,2009-12-28 09:52:15.799078,
7a480486e3fe44b4311dabe6aad4472e67c61d02,c6e647f7497bcd595c4e4cff311261cb006e88e5,USD,Initiated,v2,,,5fa03c0259fe9d6d7763bf34ab2812da2a9ee930,vertical 2,type 8,5.5,7ec009376b8bf0c03561b3f6ba251ab9d96efd42,2008-03-10 19:36:15.533362,2008-03-10 19:36:15.533362,,,,,,
f32834d197fcfdaac50b6f0ce86b1ea04b0f83ac,34a0061ba48d1c2810cd930dd69d42482ca92d85,CAD,Executed,v3,,,5300313e698b5062bfe820f7efc7571699b4bb4c,vertical 2,type 8,31.5,9e2b06736b477b7a924f60de14a7e329d82d6f4f,2009-10-24 11:09:53.179853,2009-10-24 11:10:30.960747,2009-10-24 11:09:59.480349,2009-10-24 11:10:30.960747,,2009-10-24 11:09:55.034667,2009-10-24 11:10:29.690187,
2a3cf8b4612f493a4bb8b589c7e30f08f732e65b,34a0061ba48d1c2810cd930dd69d42482ca92d85,CAD,Executed,v3,,,5300313e698b5062bfe820f7efc7571699b4bb4c,vertical 2,type 8,4.0,9e2b06736b477b7a924f60de14a7e329d82d6f4f,2009-01-27 10:07:55.456860,2009-01-27 10:08:23.689083,2009-01-27 10:08:02.304899,2009-01-27 10:08:23.689083,,2009-01-27 10:07:57.044222,2009-01-27 10:08:21.213757,
308a3aa8a1eb8bd0667b722941b42528731658c3,6926610db1dfc17aca46a6f67789d7d6c24a7185,CAD,failed,v3,expired,authorizing,5300313e698b5062bfe820f7efc7571699b4bb4c,vertical 2,type 8,22.0,9e2b06736b477b7a924f60de14a7e329d82d6f4f,2008-10-23 20:33:11.827575,2008-10-23 20:48:11.842937,2008-10-23 20:33:15.511262,,2008-10-23 20:48:11.842937,2008-10-23 20:33:13.146868,,
ea3865ce3645d203531f82f9029952849cfe8c05,6cd7d8d37b110668afdca42fc0e1d366b322783e,CAD,Executed,v3,,,64c370a753b1db282770cdbf2aba5434a3185b3d,vertical 2,type 8,2.0,9e2b06736b477b7a924f60de14a7e329d82d6f4f,2009-12-19 08:38:14.616982,2009-12-19 08:39:14.465793,2009-12-19 08:38:31.000521,2009-12-19 08:39:14.465793,,2009-12-19 08:38:17.845647,2009-12-19 08:39:12.967997,2009-12-19 08:39:14.133000
2432746fed73409197b251232c1326ea8278247a,4d762ce64874cd49be593313e92a1e61cf74417e,CAD,Executed,v3,,,64c370a753b1db282770cdbf2aba5434a3185b3d,vertical 2,type 8,239.95,9e2b06736b477b7a924f60de14a7e329d82d6f4f,2009-10-11 12:27:37.539890,2009-10-11 12:28:20.017014,2009-10-11 12:27:46.048854,2009-10-11 12:28:19.606568,,2009-10-11 12:27:39.595683,2009-10-11 12:28:19.584470,2009-10-11 12:28:20.017014
d821eaeb059af650a29dd0256b369beeade9ee9b,fa485aff3f9e34d55d25f78856d4a2526a5f8e6f,CAD,Executed,v3,,,64c370a753b1db282770cdbf2aba5434a3185b3d,vertical 2,type 8,10.0,9e2b06736b477b7a924f60de14a7e329d82d6f4f,2009-12-27 11:48:15.574156,2009-12-27 11:48:36.063000,2009-12-27 11:48:22.128624,2009-12-27 11:48:36.063000,,2009-12-27 11:48:18.700916,2009-12-27 11:48:33.839608,2009-12-27 11:48:36.063000
45d88c0dd1d4e0648cbd58dbbe4f3649489b46cc,312dccf7c915f4e8819eb22102edaf29d22e2922,USD,Executed,v2,,,5fa03c0259fe9d6d7763bf34ab2812da2a9ee930,vertical 2,type 6,25.0,e663a75ca1d25c297c92ca032b7bd8d1af3b0b5c,2008-08-03 15:00:11.703357,2008-08-03 15:00:56.949574,,2008-08-03 15:00:56.949574,,,,
b788e0ba689ecc0def8d3d28b782aee4423448a0,2806cc87ef4428a0e02d69be4c55e86c26c1a39d,USD,Cancelled,v2,,,5fa03c0259fe9d6d7763bf34ab2812da2a9ee930,vertical 2,,204.57,2709cc79b96641fdf25b1da4ed76b33b0f0cde57,2008-10-03 17:55:11.130414,2008-10-03 17:56:19.205305,,,,,,
3a8b1997f9b53623b288bd49520f28a926c83977,49554e6b40d1be22e2187b7dcec44b1989996243,USD,Initiated,v2,,,5fa03c0259fe9d6d7763bf34ab2812da2a9ee930,vertical 2,,5.13,2709cc79b96641fdf25b1da4ed76b33b0f0cde57,2008-03-07 21:25:07.090251,2008-03-07 21:25:07.090251,,,,,,
86e372cbae7bd9bea47223fa337cd04ab8c156c9,b7308502f039e303a048625c725d4aea3380c2ac,CAD,Initiated,v2,,,5fa03c0259fe9d6d7763bf34ab2812da2a9ee930,vertical 2,type 8,4.44,9e2b06736b477b7a924f60de14a7e329d82d6f4f,2008-08-10 07:21:00.539911,2008-08-10 07:21:00.539911,,,,,,
f42509ed930c7b1799e8dd5367b360310a54d3c7,b5ab8f51d35b64af079485e5bbbc335213f3a0ae,CAD,Executed,v3,,,5300313e698b5062bfe820f7efc7571699b4bb4c,vertical 2,type 8,20.0,9e2b06736b477b7a924f60de14a7e329d82d6f4f,2009-09-30 20:56:19.674323,2009-09-30 20:58:39.493568,2009-09-30 20:56:27.778251,2009-09-30 20:58:39.493568,,2009-09-30 20:56:22.769935,2009-09-30 20:58:37.292186,
d7663b1c93be037a56695546b86457cf9005e2b4,6cd7d8d37b110668afdca42fc0e1d366b322783e,CAD,Executed,v3,,,5300313e698b5062bfe820f7efc7571699b4bb4c,vertical 2,type 8,6.0,9e2b06736b477b7a924f60de14a7e329d82d6f4f,2009-07-11 14:50:07.329491,2009-07-11 14:51:38.862154,2009-07-11 14:50:28.181452,2009-07-11 14:51:38.862154,,2009-07-11 14:50:17.350404,2009-07-11 14:51:37.016506,
ee117fa4b6b968398310a1b62c717de15e5becd1,e8085010136a26d0ebc200ac0751b1d9d673a764,CAD,Executed,v3,,,5300313e698b5062bfe820f7efc7571699b4bb4c,vertical 2,type 8,0.64,9e2b06736b477b7a924f60de14a7e329d82d6f4f,2009-04-24 05:39:49.595529,2009-04-24 05:40:15.438075,2009-04-24 05:39:54.792770,2009-04-24 05:40:15.438075,,2009-04-24 05:39:50.629655,2009-04-24 05:40:13.009881,
27d337700c75c0a1f799a44856cde6ea92bca1fd,b5ab8f51d35b64af079485e5bbbc335213f3a0ae,CAD,Executed,v3,,,5300313e698b5062bfe820f7efc7571699b4bb4c,vertical 2,type 8,6.6,9e2b06736b477b7a924f60de14a7e329d82d6f4f,2009-01-09 07:18:55.263884,2009-01-09 07:19:39.703067,2009-01-09 07:19:01.066109,2009-01-09 07:19:39.703067,,2009-01-09 07:18:56.680091,2009-01-09 07:19:36.272917,
5567b4dc5b4a09c56a8773906fa2861960eca8da,6cd7d8d37b110668afdca42fc0e1d366b322783e,CAD,Executed,v3,,,5300313e698b5062bfe820f7efc7571699b4bb4c,vertical 2,type 8,6.05,9e2b06736b477b7a924f60de14a7e329d82d6f4f,2009-09-26 18:47:57.755956,2009-09-26 18:49:10.518138,2009-09-26 18:48:07.775404,2009-09-26 18:49:10.518138,,2009-09-26 18:48:02.602854,2009-09-26 18:49:08.798856,
2c2e5ce713d8b9a066c3f96a2786d7c4b5983f96,fa485aff3f9e34d55d25f78856d4a2526a5f8e6f,CAD,Executed,v3,,,5300313e698b5062bfe820f7efc7571699b4bb4c,vertical 2,type 8,3.0,9e2b06736b477b7a924f60de14a7e329d82d6f4f,2009-02-24 17:21:59.447216,2009-02-24 17:22:51.348216,2009-02-24 17:22:09.540365,2009-02-24 17:22:51.348216,,2009-02-24 17:22:01.204275,2009-02-24 17:22:48.994186,
267b189cee7f7cd4566d41b2151c765d009d837c,6cd7d8d37b110668afdca42fc0e1d366b322783e,CAD,Executed,v3,,,64c370a753b1db282770cdbf2aba5434a3185b3d,vertical 2,type 8,12.52,9e2b06736b477b7a924f60de14a7e329d82d6f4f,2009-11-30 11:52:49.137441,2009-11-30 11:54:47.099193,2009-11-30 11:54:04.358191,2009-11-30 11:54:47.099193,,2009-11-30 11:52:52.651507,2009-11-30 11:54:45.561909,2009-11-30 11:54:46.763000
1809246f18fc839277748824ac57503e2b16bd33,b5ab8f51d35b64af079485e5bbbc335213f3a0ae,CAD,Executed,v3,,,64c370a753b1db282770cdbf2aba5434a3185b3d,vertical 2,type 8,19.66,9e2b06736b477b7a924f60de14a7e329d82d6f4f,2009-11-16 07:45:44.579599,2009-11-16 07:46:37.597000,2009-11-16 07:46:00.549687,2009-11-16 07:46:37.257651,,2009-11-16 07:45:47.852353,2009-11-16 07:46:35.767998,2009-11-16 07:46:37.597000
bf060ad7e83bc56ab1eb54941a0d895bd9e3551f,21b955e418f741b067688bc141261d7cd8d59973,CAD,failed,v3,user_canceled_at_provider,initiated,64c370a753b1db282770cdbf2aba5434a3185b3d,vertical 2,type 8,5.5,9e2b06736b477b7a924f60de14a7e329d82d6f4f,2010-01-12 05:07:40.518162,2010-01-12 05:08:08.957024,2010-01-12 05:07:56.133422,,2010-01-12 05:08:08.957024,2010-01-12 05:07:43.408037,,
7e52090d3998ceebdf04d96085b473877a2f8fb3,2806cc87ef4428a0e02d69be4c55e86c26c1a39d,USD,Initiated,v2,,,5fa03c0259fe9d6d7763bf34ab2812da2a9ee930,vertical 2,,350.0,2709cc79b96641fdf25b1da4ed76b33b0f0cde57,2008-01-11 10:13:36.224024,2008-01-11 10:13:36.224024,,,,,,
83cd118fdb57699e7378a6cc89cfa82ef8e23925,7f88f8bd29d554cfd6794d5f4b2e589422fd0728,USD,Cancelled,v2,,,5fa03c0259fe9d6d7763bf34ab2812da2a9ee930,vertical 2,,10.0,f69ad584c025f9b756ce1e8c70de3a33aef50b32,2008-05-14 01:39:35.440447,2008-05-16 01:56:01.785876,,,,,,
9d3939743ba03d060b8cc57b98be000c7694e4c9,b5ab8f51d35b64af079485e5bbbc335213f3a0ae,CAD,failed,v3,expired,initiated,5300313e698b5062bfe820f7efc7571699b4bb4c,vertical 2,type 8,3.94,9e2b06736b477b7a924f60de14a7e329d82d6f4f,2009-02-28 20:45:46.419057,2009-02-28 21:00:46.504397,2009-02-28 20:45:52.674574,,2009-02-28 21:00:46.504397,2009-02-28 20:45:48.705749,,
f4e8d4061769c83bca7614c93a3f5b8b005671f4,b5ab8f51d35b64af079485e5bbbc335213f3a0ae,CAD,Executed,v3,,,5300313e698b5062bfe820f7efc7571699b4bb4c,vertical 2,type 8,4.0,9e2b06736b477b7a924f60de14a7e329d82d6f4f,2008-12-07 22:04:53.171946,2008-12-07 22:05:47.418864,2008-12-07 22:04:57.784406,2008-12-07 22:05:47.418864,,2008-12-07 22:04:54.229761,2008-12-07 22:05:44.395006,
be3dabf46aabc16a0daa540e6b1efa6219c60bf7,f4203d6b7658cb7252d6afdf95a6b692e93c2f7b,CAD,Executed,v3,,,5300313e698b5062bfe820f7efc7571699b4bb4c,vertical 2,type 8,3.63,9e2b06736b477b7a924f60de14a7e329d82d6f4f,2009-09-30 13:49:51.136554,2009-09-30 13:50:45.923115,2009-09-30 13:49:58.599756,2009-09-30 13:50:45.923115,,2009-09-30 13:49:53.492231,2009-09-30 13:50:43.347311,
4659575d1a414f5ba424054f2895adb11df211fd,b5ab8f51d35b64af079485e5bbbc335213f3a0ae,CAD,Executed,v3,,,64c370a753b1db282770cdbf2aba5434a3185b3d,vertical 2,type 8,31.38,9e2b06736b477b7a924f60de14a7e329d82d6f4f,2010-02-01 12:46:30.907029,2010-02-01 12:47:45.833000,2010-02-01 12:46:42.887836,2010-02-01 12:47:45.833000,,2010-02-01 12:46:31.823738,2010-02-01 12:47:44.774542,2010-02-01 12:47:45.833000
eba51be805cb392435d550f11501fc7c207fa521,4d762ce64874cd49be593313e92a1e61cf74417e,CAD,Executed,v3,,,64c370a753b1db282770cdbf2aba5434a3185b3d,vertical 2,type 8,30.0,9e2b06736b477b7a924f60de14a7e329d82d6f4f,2009-07-23 08:27:29.978559,2009-07-23 08:29:00.443995,2009-07-23 08:28:00.227479,2009-07-23 08:29:00.292818,,2009-07-23 08:27:30.658387,2009-07-23 08:28:59.965187,2009-07-23 08:29:00.443995
5aba76972d3499261d3da2d22e03728b3fc1a1fc,6cd7d8d37b110668afdca42fc0e1d366b322783e,CAD,Executed,v3,,,64c370a753b1db282770cdbf2aba5434a3185b3d,vertical 2,type 8,1.0,9e2b06736b477b7a924f60de14a7e329d82d6f4f,2009-10-25 10:53:56.767969,2009-10-25 10:54:32.135056,2009-10-25 10:54:02.319203,2009-10-25 10:54:29.579752,,2009-10-25 10:53:57.743808,2009-10-25 10:54:27.909453,2009-10-25 10:54:32.135056
f2f477938139d079f7b36f41a3d769312d44e6e8,7793607afc91c55351f23d75015223501cd65cd2,USD,Rejected,v2,,,5fa03c0259fe9d6d7763bf34ab2812da2a9ee930,vertical 2,,100.0,f69ad584c025f9b756ce1e8c70de3a33aef50b32,2008-01-19 14:06:07.314980,2008-01-19 14:07:30.685961,,,,,,
a52cf37583d2a868825531dc2f16fe06c6630ff2,e8085010136a26d0ebc200ac0751b1d9d673a764,CAD,Executed,v3,,,5300313e698b5062bfe820f7efc7571699b4bb4c,vertical 2,type 8,0.67,9e2b06736b477b7a924f60de14a7e329d82d6f4f,2008-11-29 10:17:24.989070,2008-11-29 10:18:11.818855,2008-11-29 10:17:34.717107,2008-11-29 10:18:11.818855,,2008-11-29 10:17:28.556288,2008-11-29 10:18:09.245016,
41cd5ff16e2d2b28c8d267c0a9fc978b2f079795,e8085010136a26d0ebc200ac0751b1d9d673a764,CAD,Executed,v3,,,64c370a753b1db282770cdbf2aba5434a3185b3d,vertical 2,type 8,30.0,9e2b06736b477b7a924f60de14a7e329d82d6f4f,2010-01-09 08:02:17.313067,2010-01-09 08:02:47.683000,2010-01-09 08:02:22.468054,2010-01-09 08:02:46.891509,,2010-01-09 08:02:17.824634,2010-01-09 08:02:44.117419,2010-01-09 08:02:47.683000
5b3160698962cd79fa254752dda628156ebd6b67,b5ab8f51d35b64af079485e5bbbc335213f3a0ae,CAD,Executed,v3,,,64c370a753b1db282770cdbf2aba5434a3185b3d,vertical 2,type 8,7.97,9e2b06736b477b7a924f60de14a7e329d82d6f4f,2009-09-13 14:39:39.733875,2009-09-13 14:40:21.228552,2009-09-13 14:39:47.774007,2009-09-13 14:40:17.639410,,2009-09-13 14:39:41.458397,2009-09-13 14:40:15.877280,2009-09-13 14:40:21.228552
4c6a92efd807f1d25b0308d1a56a8ada0d778b3d,6cd7d8d37b110668afdca42fc0e1d366b322783e,CAD,Executed,v3,,,5300313e698b5062bfe820f7efc7571699b4bb4c,vertical 2,type 8,5.0,9e2b06736b477b7a924f60de14a7e329d82d6f4f,2009-09-24 10:14:05.458058,2009-09-24 10:14:39.968001,2009-09-24 10:14:11.559647,2009-09-24 10:14:39.968001,,2009-09-24 10:14:07.594241,2009-09-24 10:14:38.243774,
aad5f161c545f4300723cb50d29c78240578889a,36ebb789f8016ca4e1348b28ea126b944b8ff4a4,USD,Initiated,v2,,,5fa03c0259fe9d6d7763bf34ab2812da2a9ee930,vertical 2,type 6,38.0,a68db3fc75fd72a12bb2ad1442ff9927bd04139d,2008-05-16 13:17:55.178434,2008-05-16 13:17:55.178434,,,,,,
de6b0a762a551f2009315b5f402c4d7a296f39dd,34a0061ba48d1c2810cd930dd69d42482ca92d85,CAD,Executed,v3,,,64c370a753b1db282770cdbf2aba5434a3185b3d,vertical 2,type 8,20.0,9e2b06736b477b7a924f60de14a7e329d82d6f4f,2010-01-22 07:20:22.461119,2010-01-22 07:20:52.585144,2010-01-22 07:20:32.747928,2010-01-22 07:20:52.585144,,2010-01-22 07:20:26.179435,2010-01-22 07:20:51.159421,2010-01-22 07:20:52.330000
09aff3e0bca3b56279039da1835f101cef4126db,34a0061ba48d1c2810cd930dd69d42482ca92d85,CAD,Executed,v3,,,64c370a753b1db282770cdbf2aba5434a3185b3d,vertical 2,type 8,11.18,9e2b06736b477b7a924f60de14a7e329d82d6f4f,2009-12-01 20:08:13.227998,2009-12-01 20:08:43.717000,2009-12-01 20:08:24.698858,2009-12-01 20:08:43.164196,,2009-12-01 20:08:19.070790,2009-12-01 20:08:41.893554,2009-12-01 20:08:43.717000
de4c8a7570d4fc1820348b14f3dd60127bfa1063,fce79303b9a1251b2543d03cb39af6c9249fe0eb,USD,Executing,v2,,,5fa03c0259fe9d6d7763bf34ab2812da2a9ee930,vertical 2,,15.0,9e2b06736b477b7a924f60de14a7e329d82d6f4f,2008-03-01 08:13:12.643630,2008-03-01 08:14:34.491169,,,,,,
be3e9881bf02d3e4f750734a3dbf994bf00d6c93,4c39c7d075ce943f66f01365a73f84c93ba3bc4f,USD,Initiated,v2,,,5fa03c0259fe9d6d7763bf34ab2812da2a9ee930,vertical 2,type 8,50.0,7ec009376b8bf0c03561b3f6ba251ab9d96efd42,2008-04-18 22:06:57.418573,2008-04-18 22:06:57.418573,,,,,,
c494bdf122441df1101e03ec8c5f81bf3e583b6d,b5ab8f51d35b64af079485e5bbbc335213f3a0ae,CAD,Executed,v3,,,5300313e698b5062bfe820f7efc7571699b4bb4c,vertical 2,type 8,6.0,9e2b06736b477b7a924f60de14a7e329d82d6f4f,2009-07-10 13:35:20.171050,2009-07-10 13:36:02.199400,2009-07-10 13:35:25.591350,2009-07-10 13:36:02.199400,,2009-07-10 13:35:21.857737,2009-07-10 13:35:59.969890,
36621f3c8937392e50ab023226ce64441285fb4c,0090e57640ed78b0c16ac4606a6773769545bb17,CAD,failed,v3,expired,initiated,64c370a753b1db282770cdbf2aba5434a3185b3d,vertical 2,type 8,6.43,9e2b06736b477b7a924f60de14a7e329d82d6f4f,2010-02-04 16:38:32.381921,2010-02-04 16:53:32.610298,2010-02-04 16:38:42.148119,,2010-02-04 16:53:32.610298,2010-02-04 16:38:35.756777,,
fc57e6a5dcd86fefd0fb6e059b6273b610ba4f67,b5ab8f51d35b64af079485e5bbbc335213f3a0ae,CAD,Executed,v3,,,5300313e698b5062bfe820f7efc7571699b4bb4c,vertical 2,type 8,4.0,9e2b06736b477b7a924f60de14a7e329d82d6f4f,2009-01-21 13:21:50.090792,2009-01-21 13:22:53.607558,2009-01-21 13:21:57.679086,2009-01-21 13:22:53.607558,,2009-01-21 13:21:52.038923,2009-01-21 13:22:49.744562,
9d1dfb479a4b065cc82c45aa1d6e6ee10f53341e,6cd7d8d37b110668afdca42fc0e1d366b322783e,CAD,Executed,v3,,,5300313e698b5062bfe820f7efc7571699b4bb4c,vertical 2,type 8,0.61,9e2b06736b477b7a924f60de14a7e329d82d6f4f,2009-08-22 12:08:32.007498,2009-08-22 12:09:14.352309,2009-08-22 12:08:37.525455,2009-08-22 12:09:14.352309,,2009-08-22 12:08:33.622982,2009-08-22 12:09:12.606491,
bf5e508b5110c244bd7270ae6da1f041dbbb4aff,6926610db1dfc17aca46a6f67789d7d6c24a7185,CAD,Executed,v3,,,64c370a753b1db282770cdbf2aba5434a3185b3d,vertical 2,type 8,10.0,9e2b06736b477b7a924f60de14a7e329d82d6f4f,2009-09-28 14:53:41.172528,2009-09-28 14:54:15.526764,2009-09-28 14:53:47.134341,2009-09-28 14:54:15.526764,,2009-09-28 14:53:41.799596,2009-09-28 14:54:13.417213,2009-09-28 14:54:15.526764
583c16b4161fb5e9d82e3bbca981444a77036795,cf34fb428d5b4884fbe8fbcd3ebc4ec306798370,USD,Rejected,v2,,,5fa03c0259fe9d6d7763bf34ab2812da2a9ee930,vertical 2,type 6,500.0,37eec10a53dd5fd2f024a17be5961dfceb0c66e6,2008-07-15 22:04:31.458317,2008-07-15 22:04:47.243096,,,,,,
28573a03344ea08a3ea411c035bdce56e8f14e9d,660054a4565377c6e43ff7709abf56d8494ba604,CAD,Executed,v3,,,5300313e698b5062bfe820f7efc7571699b4bb4c,vertical 2,type 8,9.15,9e2b06736b477b7a924f60de14a7e329d82d6f4f,2009-09-17 11:58:42.195561,2009-09-17 11:59:29.714749,2009-09-17 11:58:50.438344,2009-09-17 11:59:29.714749,,2009-09-17 11:58:44.932511,2009-09-17 11:59:25.540442,
320142297505895b94c54cf1d4a98b984eb2c1d6,660054a4565377c6e43ff7709abf56d8494ba604,CAD,Executed,v3,,,5300313e698b5062bfe820f7efc7571699b4bb4c,vertical 2,type 8,5.0,9e2b06736b477b7a924f60de14a7e329d82d6f4f,2010-02-02 07:54:05.430011,2010-02-02 07:54:49.707741,2010-02-02 07:54:11.617618,2010-02-02 07:54:49.707741,,2010-02-02 07:54:08.076454,2010-02-02 07:54:47.114955,
0af8adb7cec5bbdbd7d8c5297eed6c54e6dc6314,34a0061ba48d1c2810cd930dd69d42482ca92d85,CAD,Executed,v3,,,a13b6236cb9139e7d2af7b10cec49073a493d27a,vertical 2,type 8,300.0,9e2b06736b477b7a924f60de14a7e329d82d6f4f,2009-04-03 22:03:43.270802,2009-04-03 22:04:20.701328,2009-04-03 22:03:49.856796,2009-04-03 22:04:20.701328,,2009-04-03 22:03:45.601407,2009-04-03 22:04:18.231834,
de26db2467a12e911b94b1c400f07fd2b666e442,b5ab8f51d35b64af079485e5bbbc335213f3a0ae,CAD,Executed,v3,,,365a3d703f257f52adde00af51c7f4897a6f9c6a,vertical 2,type 8,62.0,9e2b06736b477b7a924f60de14a7e329d82d6f4f,2010-01-29 06:00:12.542645,2010-01-29 06:00:20.584264,2010-01-29 06:00:12.542645,2010-01-29 06:00:20.584264,,2010-01-29 06:00:12.542645,2010-01-29 06:00:12.542645,
c09aa0a4fc916872cf7f3e0be44c8f28e65e00d6,b5ab8f51d35b64af079485e5bbbc335213f3a0ae,CAD,Executed,v3,,,365a3d703f257f52adde00af51c7f4897a6f9c6a,vertical 2,type 8,65.0,9e2b06736b477b7a924f60de14a7e329d82d6f4f,2010-02-03 06:00:15.211871,2010-02-03 06:00:26.353615,2010-02-03 06:00:15.211871,2010-02-03 06:00:26.353615,,2010-02-03 06:00:15.211871,2010-02-03 06:00:15.211871,
817d0deb495764dedc58e77a73484c5b719da1d8,660054a4565377c6e43ff7709abf56d8494ba604,CAD,Executed,v3,,,365a3d703f257f52adde00af51c7f4897a6f9c6a,vertical 2,type 8,15.0,9e2b06736b477b7a924f60de14a7e329d82d6f4f,2009-12-30 06:00:18.128271,2009-12-30 06:00:23.128449,2009-12-30 06:00:18.128271,2009-12-30 06:00:23.128449,,2009-12-30 06:00:18.128271,2009-12-30 06:00:18.128271,
2021a72cdf94b58acb83973964966118a1f60268,34a0061ba48d1c2810cd930dd69d42482ca92d85,CAD,Executed,v3,,,5300313e698b5062bfe820f7efc7571699b4bb4c,vertical 2,type 8,12.8,9e2b06736b477b7a924f60de14a7e329d82d6f4f,2008-08-25 09:21:45.316656,2008-08-25 09:22:30.207354,2008-08-25 09:21:51.717328,2008-08-25 09:22:30.207354,,2008-08-25 09:21:46.598093,2008-08-25 09:22:27.540491,
bcada4a4598c973bbf1b033877fb176ca1d22b1c,660054a4565377c6e43ff7709abf56d8494ba604,CAD,Executed,v3,,,5300313e698b5062bfe820f7efc7571699b4bb4c,vertical 2,type 8,15.7,9e2b06736b477b7a924f60de14a7e329d82d6f4f,2009-12-11 06:30:53.929807,2009-12-11 06:31:26.309225,2009-12-11 06:30:59.144310,2009-12-11 06:31:26.309225,,2009-12-11 06:30:56.045282,2009-12-11 06:31:18.711363,
97f88ec5ff364774822a9480064d6426c928317d,b5ab8f51d35b64af079485e5bbbc335213f3a0ae,CAD,failed,v3,provider_error,initiated,5300313e698b5062bfe820f7efc7571699b4bb4c,vertical 2,type 8,160.0,9e2b06736b477b7a924f60de14a7e329d82d6f4f,2009-07-07 23:49:23.884522,2009-07-07 23:49:46.968302,2009-07-07 23:49:29.565891,,2009-07-07 23:49:46.968302,2009-07-07 23:49:25.818442,,
5b4d6a3db2b119692e9d5e7c654c860c5d476b9c,b5ab8f51d35b64af079485e5bbbc335213f3a0ae,CAD,Executed,v3,,,5300313e698b5062bfe820f7efc7571699b4bb4c,vertical 2,type 8,1.19,9e2b06736b477b7a924f60de14a7e329d82d6f4f,2010-01-07 15:26:35.273616,2010-01-07 15:26:59.456509,2010-01-07 15:26:40.155381,2010-01-07 15:26:59.456509,,2010-01-07 15:26:37.103364,2010-01-07 15:26:57.657495,
dd3c003d7fc22170db6c723e7072fe6ab964a6ed,b5ab8f51d35b64af079485e5bbbc335213f3a0ae,CAD,Executed,v3,,,5300313e698b5062bfe820f7efc7571699b4bb4c,vertical 2,type 8,1.5,9e2b06736b477b7a924f60de14a7e329d82d6f4f,2009-07-18 21:00:21.794665,2009-07-18 21:00:51.365381,2009-07-18 21:00:27.276221,2009-07-18 21:00:51.365381,,2009-07-18 21:00:23.593841,2009-07-18 21:00:49.431516,
ac5bb92e9d48919fdb67e1fa316319229c7752c4,6926610db1dfc17aca46a6f67789d7d6c24a7185,CAD,Executed,v3,,,5300313e698b5062bfe820f7efc7571699b4bb4c,vertical 2,type 8,4.1,9e2b06736b477b7a924f60de14a7e329d82d6f4f,2009-06-02 08:29:10.072361,2009-06-02 08:30:19.664348,2009-06-02 08:29:17.655578,2009-06-02 08:30:19.664348,,2009-06-02 08:29:13.182984,2009-06-02 08:30:16.838244,
94ea181b06c3bb87c368c4d1b2ecd514a8fcdee9,6926610db1dfc17aca46a6f67789d7d6c24a7185,CAD,Executed,v3,,,5300313e698b5062bfe820f7efc7571699b4bb4c,vertical 2,type 8,12.2,9e2b06736b477b7a924f60de14a7e329d82d6f4f,2009-10-09 14:07:27.588271,2009-10-09 14:08:25.634176,2009-10-09 14:07:35.104368,2009-10-09 14:08:25.634176,,2009-10-09 14:07:29.723436,2009-10-09 14:08:24.052395,
9c50e61a8b55e3a6c1d8458bafda03edfd621ef4,b5ab8f51d35b64af079485e5bbbc335213f3a0ae,CAD,Executed,v3,,,5300313e698b5062bfe820f7efc7571699b4bb4c,vertical 2,type 8,20.0,9e2b06736b477b7a924f60de14a7e329d82d6f4f,2009-07-02 12:46:40.100061,2009-07-02 12:47:16.422134,2009-07-02 12:46:47.400537,2009-07-02 12:47:16.422134,,2009-07-02 12:46:43.067827,2009-07-02 12:47:14.364347,
6055445d5318575b8e28f10140267a1d3c07357e,b5ab8f51d35b64af079485e5bbbc335213f3a0ae,CAD,Executed,v3,,,5300313e698b5062bfe820f7efc7571699b4bb4c,vertical 2,type 8,5.3,9e2b06736b477b7a924f60de14a7e329d82d6f4f,2008-12-12 10:45:32.629692,2008-12-12 10:46:51.276644,2008-12-12 10:45:43.113519,2008-12-12 10:46:51.276644,,2008-12-12 10:45:36.077598,2008-12-12 10:46:48.381077,
98db49341f8af88405e731601388fafa99ff3d2a,0090e57640ed78b0c16ac4606a6773769545bb17,CAD,failed,v3,expired,initiated,5300313e698b5062bfe820f7efc7571699b4bb4c,vertical 2,type 8,6.0,9e2b06736b477b7a924f60de14a7e329d82d6f4f,2010-02-09 09:39:57.781587,2010-02-09 09:54:58.070298,2010-02-09 09:40:05.803770,,2010-02-09 09:54:58.070298,2010-02-09 09:40:00.529584,,
b966ee8370f84f28b1a4fbcf4f11756ad6da4c9d,f4203d6b7658cb7252d6afdf95a6b692e93c2f7b,CAD,Executed,v3,,,5300313e698b5062bfe820f7efc7571699b4bb4c,vertical 2,type 8,2.97,9e2b06736b477b7a924f60de14a7e329d82d6f4f,2010-01-16 04:59:22.498128,2010-01-16 04:59:44.699496,2010-01-16 04:59:26.747289,2010-01-16 04:59:44.699496,,2010-01-16 04:59:23.757643,2010-01-16 04:59:41.506146,
cb02c88a865d15014fb8900c99e55db81e0b338e,b5ab8f51d35b64af079485e5bbbc335213f3a0ae,CAD,Executed,v3,,,5300313e698b5062bfe820f7efc7571699b4bb4c,vertical 2,type 8,3.0,9e2b06736b477b7a924f60de14a7e329d82d6f4f,2009-11-13 19:36:37.924623,2009-11-13 19:38:14.843111,2009-11-13 19:36:57.571665,2009-11-13 19:38:14.843111,,2009-11-13 19:36:40.573011,2009-11-13 19:38:12.934426,
79ef0d6e17b40867dad8c3d1b106baf1c7fd708c,b7308502f039e303a048625c725d4aea3380c2ac,CAD,Executed,v3,,,5300313e698b5062bfe820f7efc7571699b4bb4c,vertical 2,type 8,1.31,9e2b06736b477b7a924f60de14a7e329d82d6f4f,2009-01-31 18:20:34.710093,2009-01-31 18:21:18.794398,2009-01-31 18:20:41.448979,2009-01-31 18:21:18.794398,,2009-01-31 18:20:37.048220,2009-01-31 18:21:16.548675,
19c9bbefa0e7f0093ab14f68a90261cea69d70fc,e8085010136a26d0ebc200ac0751b1d9d673a764,CAD,Executed,v3,,,5300313e698b5062bfe820f7efc7571699b4bb4c,vertical 2,type 8,1.0,9e2b06736b477b7a924f60de14a7e329d82d6f4f,2009-05-29 14:59:16.043096,2009-05-29 14:59:40.416529,2009-05-29 14:59:22.404341,2009-05-29 14:59:40.416529,,2009-05-29 14:59:17.943304,2009-05-29 14:59:37.858310,
d0b019d7c308030155dc5edef736bdc88281b160,b5ab8f51d35b64af079485e5bbbc335213f3a0ae,CAD,failed,v3,not_authorized,authorizing,5300313e698b5062bfe820f7efc7571699b4bb4c,vertical 2,type 8,2.2,9e2b06736b477b7a924f60de14a7e329d82d6f4f,2008-08-10 16:24:49.998316,2008-08-10 16:25:23.189180,2008-08-10 16:24:53.509046,,2008-08-10 16:25:23.189180,2008-08-10 16:24:51.187070,,
2b72f5ab245626d0632d2ef2ed3874fff536e84a,660054a4565377c6e43ff7709abf56d8494ba604,CAD,Executed,v3,,,5300313e698b5062bfe820f7efc7571699b4bb4c,vertical 2,type 8,2.66,9e2b06736b477b7a924f60de14a7e329d82d6f4f,2009-02-24 13:36:58.604324,2009-02-24 13:37:58.656453,2009-02-24 13:37:09.321671,2009-02-24 13:37:58.656453,,2009-02-24 13:37:02.167724,2009-02-24 13:37:55.996410,
411ea037ec88fbbd3e52c148b8d57241feaa08d4,6cd7d8d37b110668afdca42fc0e1d366b322783e,CAD,Executed,v3,,,5300313e698b5062bfe820f7efc7571699b4bb4c,vertical 2,type 8,14.5,9e2b06736b477b7a924f60de14a7e329d82d6f4f,2008-07-04 12:56:29.485535,2008-07-04 12:57:31.559997,2008-07-04 12:56:35.444466,2008-07-04 12:57:31.559997,,2008-07-04 12:56:32.261980,2008-07-04 12:57:31.453104,
e892663d49b986a164c7e83c3bc4eb416ab4cd68,b5ab8f51d35b64af079485e5bbbc335213f3a0ae,CAD,Executed,v3,,,5300313e698b5062bfe820f7efc7571699b4bb4c,vertical 2,type 8,6.5,9e2b06736b477b7a924f60de14a7e329d82d6f4f,2009-07-21 11:00:16.842118,2009-07-21 11:01:08.697653,2009-07-21 11:00:27.657199,2009-07-21 11:01:08.697653,,2009-07-21 11:00:22.263395,2009-07-21 11:01:06.547964,
1b70ae6621207f3348a897515cc453a70191e2d2,fa485aff3f9e34d55d25f78856d4a2526a5f8e6f,CAD,Executed,v3,,,5300313e698b5062bfe820f7efc7571699b4bb4c,vertical 2,type 8,4.83,9e2b06736b477b7a924f60de14a7e329d82d6f4f,2009-11-05 07:37:23.737457,2009-11-05 07:37:42.745141,2009-11-05 07:37:29.495803,2009-11-05 07:37:42.745141,,2009-11-05 07:37:25.871218,2009-11-05 07:37:40.186252,
c2bc535f2cc2ec16d1c69c2ea4ab7b785dab2498,b5ab8f51d35b64af079485e5bbbc335213f3a0ae,CAD,Executed,v3,,,64c370a753b1db282770cdbf2aba5434a3185b3d,vertical 2,type 8,0.12,9e2b06736b477b7a924f60de14a7e329d82d6f4f,2010-02-09 10:14:31.492015,2010-02-09 10:15:02.783000,2010-02-09 10:14:35.993372,2010-02-09 10:15:02.783000,,2010-02-09 10:14:32.094301,2010-02-09 10:15:00.925397,2010-02-09 10:15:02.783000
4b6fcdf4b86e2afd2a5aa7236387481a2debb4d7,21b955e418f741b067688bc141261d7cd8d59973,CAD,Executed,v3,,,64c370a753b1db282770cdbf2aba5434a3185b3d,vertical 2,type 8,3.04,9e2b06736b477b7a924f60de14a7e329d82d6f4f,2009-09-10 14:46:53.770277,2009-09-10 14:47:32.194663,2009-09-10 14:47:07.649643,2009-09-10 14:47:31.885008,,2009-09-10 14:46:55.783861,2009-09-10 14:47:30.158887,2009-09-10 14:47:32.194663
5d48500cef3c6d73be38dd8f36da11486553db1d,e8085010136a26d0ebc200ac0751b1d9d673a764,CAD,Executed,v3,,,64c370a753b1db282770cdbf2aba5434a3185b3d,vertical 2,type 8,50.0,9e2b06736b477b7a924f60de14a7e329d82d6f4f,2010-01-28 20:34:28.670821,2010-01-28 20:35:35.500000,2010-01-28 20:34:43.031015,2010-01-28 20:35:35.500000,,2010-01-28 20:34:29.437658,2010-01-28 20:35:31.413776,2010-01-28 20:35:35.500000
b007de673a3078228d7fd6574d0b947672c38570,4d762ce64874cd49be593313e92a1e61cf74417e,CAD,Executed,v3,,,64c370a753b1db282770cdbf2aba5434a3185b3d,vertical 2,type 8,8.0,9e2b06736b477b7a924f60de14a7e329d82d6f4f,2009-12-19 05:31:10.100403,2009-12-19 05:33:14.280000,2009-12-19 05:31:14.113205,2009-12-19 05:33:14.280000,,2009-12-19 05:31:10.520610,2009-12-19 05:33:14.196802,2009-12-19 05:33:14.280000
21062543cefd0ad1b5f9903042e2f38fb26f2867,4d762ce64874cd49be593313e92a1e61cf74417e,CAD,Executed,v3,,,64c370a753b1db282770cdbf2aba5434a3185b3d,vertical 2,type 8,5.0,9e2b06736b477b7a924f60de14a7e329d82d6f4f,2010-02-02 09:19:41.922825,2010-02-02 09:20:24.963691,2010-02-02 09:19:52.279650,2010-02-02 09:20:24.963691,,2010-02-02 09:19:45.602850,2010-02-02 09:20:24.689076,2010-02-02 09:20:24.527000
7b4d1de368ad086be087ef06e607754dc431b040,b5ab8f51d35b64af079485e5bbbc335213f3a0ae,CAD,Executed,v3,,,64c370a753b1db282770cdbf2aba5434a3185b3d,vertical 2,type 8,10.0,9e2b06736b477b7a924f60de14a7e329d82d6f4f,2009-10-07 15:51:00.399075,2009-10-07 15:52:31.981631,2009-10-07 15:51:06.790410,2009-10-07 15:52:31.981631,,2009-10-07 15:51:01.198457,2009-10-07 15:52:30.241876,2009-10-07 15:52:31.981631
81aa36ee1cae32ed4c62d514363930ab2108a99c,6cd7d8d37b110668afdca42fc0e1d366b322783e,CAD,Executed,v3,,,64c370a753b1db282770cdbf2aba5434a3185b3d,vertical 2,type 8,2.0,9e2b06736b477b7a924f60de14a7e329d82d6f4f,2009-08-15 00:38:30.379757,2009-08-15 00:39:04.855657,2009-08-15 00:38:39.131030,2009-08-15 00:39:04.855657,,2009-08-15 00:38:31.408829,2009-08-15 00:39:02.939034,2009-08-15 00:39:04.855657
92721f5655348d5ad9bba1c7402399488ee4416a,34a0061ba48d1c2810cd930dd69d42482ca92d85,CAD,failed,v3,expired,initiated,64c370a753b1db282770cdbf2aba5434a3185b3d,vertical 2,type 8,50.77,9e2b06736b477b7a924f60de14a7e329d82d6f4f,2010-02-02 17:42:53.088237,2010-02-02 17:57:53.106334,2010-02-02 17:43:17.831549,,2010-02-02 17:57:53.106334,2010-02-02 17:43:00.214632,,
60d0cfb724b16d35d5f5a0ad9c05f7a0a9d77eb6,b5ab8f51d35b64af079485e5bbbc335213f3a0ae,CAD,Executed,v3,,,5300313e698b5062bfe820f7efc7571699b4bb4c,vertical 2,type 8,6.7,9e2b06736b477b7a924f60de14a7e329d82d6f4f,2009-04-01 18:39:55.335632,2009-04-01 18:40:29.364072,2009-04-01 18:40:00.948324,2009-04-01 18:40:29.364072,,2009-04-01 18:39:56.873724,2009-04-01 18:40:26.015124,
86c9cfba4329ba5801032c338a1735bfd7ac733d,0090e57640ed78b0c16ac4606a6773769545bb17,CAD,Executed,v3,,,5300313e698b5062bfe820f7efc7571699b4bb4c,vertical 2,type 8,1.19,9e2b06736b477b7a924f60de14a7e329d82d6f4f,2009-06-30 19:29:30.127724,2009-06-30 19:32:08.592797,2009-06-30 19:29:37.474706,2009-06-30 19:32:08.592797,,2009-06-30 19:29:32.558477,2009-06-30 19:32:05.533052,
301dcefb541b2c6286d93d406bdb8c6e08fac29c,6cd7d8d37b110668afdca42fc0e1d366b322783e,CAD,Executed,v3,,,64c370a753b1db282770cdbf2aba5434a3185b3d,vertical 2,type 8,5.31,9e2b06736b477b7a924f60de14a7e329d82d6f4f,2009-11-17 17:21:44.040034,2009-11-17 17:22:45.373000,2009-11-17 17:21:54.274946,2009-11-17 17:22:44.046295,,2009-11-17 17:21:44.558121,2009-11-17 17:22:42.376068,2009-11-17 17:22:45.373000
8b1f3fe68ce7132b25deceb08f26a699f7e75ef0,34a0061ba48d1c2810cd930dd69d42482ca92d85,CAD,failed,v3,expired,initiated,64c370a753b1db282770cdbf2aba5434a3185b3d,vertical 2,type 8,31.64,9e2b06736b477b7a924f60de14a7e329d82d6f4f,2009-10-31 14:44:23.581885,2009-10-31 14:59:23.653060,2009-10-31 14:44:27.741586,,2009-10-31 14:59:23.653060,2009-10-31 14:44:24.120813,,
30de57731109d1734af31aef0244544c4b0c6eb9,6cd7d8d37b110668afdca42fc0e1d366b322783e,CAD,Executed,v3,,,64c370a753b1db282770cdbf2aba5434a3185b3d,vertical 2,type 8,7.0,9e2b06736b477b7a924f60de14a7e329d82d6f4f,2009-12-29 12:20:55.278846,2009-12-29 12:22:09.827000,2009-12-29 12:21:03.807829,2009-12-29 12:22:09.637274,,2009-12-29 12:20:55.950919,2009-12-29 12:22:08.142471,2009-12-29 12:22:09.827000
51625fb58126ff40af84758ff2b0565e88232d1f,3674b4d292131698ba6c946dda67a8fd8b63f12a,CAD,failed,v3,expired,initiated,64c370a753b1db282770cdbf2aba5434a3185b3d,vertical 2,type 8,5.5,9e2b06736b477b7a924f60de14a7e329d82d6f4f,2009-07-24 14:19:55.422733,2009-07-24 14:34:55.612828,2009-07-24 14:20:20.208487,,2009-07-24 14:34:55.612828,2009-07-24 14:19:56.610918,,
710b7a008a8635e84c3ece3e4c4f7cdd534a3330,6cd7d8d37b110668afdca42fc0e1d366b322783e,CAD,Executed,v3,,,64c370a753b1db282770cdbf2aba5434a3185b3d,vertical 2,type 8,30.0,9e2b06736b477b7a924f60de14a7e329d82d6f4f,2009-11-28 06:06:40.679252,2009-11-28 06:07:22.390500,2009-11-28 06:06:52.309991,2009-11-28 06:07:22.390500,,2009-11-28 06:06:44.879797,2009-11-28 06:07:20.875153,2009-11-28 06:07:22.387000
4991f0d0bbc5db5bc5f8291f26a68585c4e95ec5,660054a4565377c6e43ff7709abf56d8494ba604,CAD,failed,v3,expired,initiated,64c370a753b1db282770cdbf2aba5434a3185b3d,vertical 2,type 8,27.81,9e2b06736b477b7a924f60de14a7e329d82d6f4f,2009-10-28 07:10:18.466005,2009-10-28 07:25:18.688183,2009-10-28 07:10:23.668036,,2009-10-28 07:25:18.688183,2009-10-28 07:10:19.706678,,
624a2cee5704f38e2b6acf311f0a25f459bee8c4,660054a4565377c6e43ff7709abf56d8494ba604,CAD,failed,v3,expired,authorizing,5300313e698b5062bfe820f7efc7571699b4bb4c,vertical 2,type 8,1.32,9e2b06736b477b7a924f60de14a7e329d82d6f4f,2009-01-30 00:34:04.821003,2009-01-30 00:49:04.845308,2009-01-30 00:34:19.041044,,2009-01-30 00:49:04.845308,2009-01-30 00:34:08.549281,,
e337dd3eba436443b68177bf21647c7d9d52156e,e8085010136a26d0ebc200ac0751b1d9d673a764,CAD,Executed,v3,,,64c370a753b1db282770cdbf2aba5434a3185b3d,vertical 2,type 8,100.76,9e2b06736b477b7a924f60de14a7e329d82d6f4f,2009-12-23 18:58:12.221196,2009-12-23 18:58:53.292418,2009-12-23 18:58:24.529078,2009-12-23 18:58:53.292418,,2009-12-23 18:58:12.969430,2009-12-23 18:58:49.266877,2009-12-23 18:58:52.957000
726152babba080f36012605cec4b3a36508cd775,b5ab8f51d35b64af079485e5bbbc335213f3a0ae,CAD,Executed,v3,,,64c370a753b1db282770cdbf2aba5434a3185b3d,vertical 2,type 8,6.0,9e2b06736b477b7a924f60de14a7e329d82d6f4f,2010-02-02 05:49:23.358929,2010-02-02 05:50:02.662902,2010-02-02 05:49:33.083902,2010-02-02 05:50:02.662902,,2010-02-02 05:49:28.823856,2010-02-02 05:50:00.816885,2010-02-02 05:50:02.473000
e487349c961c02ed90eee0675de6d178ce981e9b,3674b4d292131698ba6c946dda67a8fd8b63f12a,CAD,Executed,v3,,,64c370a753b1db282770cdbf2aba5434a3185b3d,vertical 2,type 8,10.17,9e2b06736b477b7a924f60de14a7e329d82d6f4f,2010-01-29 13:35:05.055915,2010-01-29 13:35:47.400000,2010-01-29 13:35:17.184763,2010-01-29 13:35:47.400000,,2010-01-29 13:35:12.560887,2010-01-29 13:35:44.782382,2010-01-29 13:35:47.400000
d596d906baf22f36fc7998dccdd392d315693c83,e8085010136a26d0ebc200ac0751b1d9d673a764,CAD,failed,v3,user_canceled_at_provider,initiated,64c370a753b1db282770cdbf2aba5434a3185b3d,vertical 2,type 8,155.99,9e2b06736b477b7a924f60de14a7e329d82d6f4f,2010-01-15 19:20:36.976050,2010-01-15 19:20:57.020158,2010-01-15 19:20:42.985305,,2010-01-15 19:20:57.020158,2010-01-15 19:20:39.911306,,
a16da63bd25323a74a8c18f0da7c1402ff41d1f7,b7308502f039e303a048625c725d4aea3380c2ac,CAD,Executed,v3,,,64c370a753b1db282770cdbf2aba5434a3185b3d,vertical 2,type 8,0.6,9e2b06736b477b7a924f60de14a7e329d82d6f4f,2010-01-14 18:49:29.950391,2010-01-14 18:49:47.250000,2010-01-14 18:49:34.520797,2010-01-14 18:49:47.250000,,2010-01-14 18:49:30.266812,2010-01-14 18:49:45.914477,2010-01-14 18:49:47.250000
6262ec09571aa9e6961624a841310b4aa566a058,b7308502f039e303a048625c725d4aea3380c2ac,CAD,failed,v3,canceled,authorizing,64c370a753b1db282770cdbf2aba5434a3185b3d,vertical 2,type 8,64.99,9e2b06736b477b7a924f60de14a7e329d82d6f4f,2009-07-29 17:05:11.355422,2009-07-29 17:05:37.248536,,,2009-07-29 17:05:37.248536,2009-07-29 17:05:12.845692,,
ddeb4c9c7dff776e90dda24485224734abea73d2,b5ab8f51d35b64af079485e5bbbc335213f3a0ae,CAD,failed,v3,expired,authorizing,64c370a753b1db282770cdbf2aba5434a3185b3d,vertical 2,type 8,4.58,9e2b06736b477b7a924f60de14a7e329d82d6f4f,2009-07-23 18:54:02.056963,2009-07-23 19:09:02.190011,,,2009-07-23 19:09:02.190011,2009-07-23 18:54:02.754853,,
0748cd08d76601d0102296789d323d9c791a359f,e8085010136a26d0ebc200ac0751b1d9d673a764,CAD,Executed,v3,,,64c370a753b1db282770cdbf2aba5434a3185b3d,vertical 2,type 8,95.86,9e2b06736b477b7a924f60de14a7e329d82d6f4f,2009-11-25 16:21:38.467951,2009-11-25 16:22:14.475035,2009-11-25 16:21:53.025023,2009-11-25 16:22:14.475035,,2009-11-25 16:21:45.404456,2009-11-25 16:22:11.621570,2009-11-25 16:22:14.320000
adeea9ed43c728f8df6923d9856d8147a10c7bbf,603364a15bf8abd4b8a2f7d46e6934c397ced244,USD,Executed,v2,,,5fa03c0259fe9d6d7763bf34ab2812da2a9ee930,vertical 2,,50.0,f69ad584c025f9b756ce1e8c70de3a33aef50b32,2008-09-24 00:21:06.570413,2008-09-25 02:34:59.885132,,2008-09-25 02:34:59.885132,,,,
f788ed4c8e017363a4d8e409701e592c107b333e,75c78a906cc2f13115727802e5c95b9032a614ba,USD,Executing,v2,,,5fa03c0259fe9d6d7763bf34ab2812da2a9ee930,vertical 2,,100.0,6cdea52ce51f6e135c958a0e37b24c58f571b638,2008-05-26 10:51:57.524838,2008-05-26 10:53:06.687716,,,,,,
d1b476d12d959e68c403147dc83f2d0cff92a480,9c23cc6c80b5af209d7f2be501e4d77cb9657429,USD,Executed,v2,,,5fa03c0259fe9d6d7763bf34ab2812da2a9ee930,vertical 2,,50.0,37eec10a53dd5fd2f024a17be5961dfceb0c66e6,2008-05-13 21:19:38.211367,2008-05-14 05:32:26.489778,,2008-05-14 05:32:26.489778,,,,
000c6bda2d7e0dfb552a1e02e08a4f5007a878d4,cf34fb428d5b4884fbe8fbcd3ebc4ec306798370,USD,Executed,v2,,,5fa03c0259fe9d6d7763bf34ab2812da2a9ee930,vertical 2,type 6,30.0,37eec10a53dd5fd2f024a17be5961dfceb0c66e6,2008-06-03 21:04:06.324721,2008-06-03 21:04:52.190097,,2008-06-03 21:04:52.190097,,,,
205cab4c76e311ef4dfe1660256fb4bfb8c7e49e,b5ab8f51d35b64af079485e5bbbc335213f3a0ae,CAD,Executed,v3,,,64c370a753b1db282770cdbf2aba5434a3185b3d,vertical 2,type 8,3.0,9e2b06736b477b7a924f60de14a7e329d82d6f4f,2009-12-26 09:10:26.681787,2009-12-26 09:10:56.069546,2009-12-26 09:10:35.069544,2009-12-26 09:10:56.069546,,2009-12-26 09:10:30.801042,2009-12-26 09:10:53.878005,2009-12-26 09:10:55.927000
492cb25259334f5c6995bd66dc6346e5243f785f,312dccf7c915f4e8819eb22102edaf29d22e2922,USD,Executed,v2,,,5fa03c0259fe9d6d7763bf34ab2812da2a9ee930,vertical 2,type 6,10.0,e663a75ca1d25c297c92ca032b7bd8d1af3b0b5c,2008-06-14 15:15:40.530646,2008-06-14 15:16:25.650792,,2008-06-14 15:16:25.650792,,,,
67b13b799971859852e34f0adc317f2615ea26cc,6926610db1dfc17aca46a6f67789d7d6c24a7185,CAD,Executed,v3,,,5300313e698b5062bfe820f7efc7571699b4bb4c,vertical 2,type 8,5.0,9e2b06736b477b7a924f60de14a7e329d82d6f4f,2008-09-07 09:23:00.028945,2008-09-07 09:23:42.370123,2008-09-07 09:23:05.602573,2008-09-07 09:23:42.370123,,2008-09-07 09:23:01.979943,2008-09-07 09:23:41.336290,
fbbe4c1d4a0cd6822ab637011929ba52837deb0f,34a0061ba48d1c2810cd930dd69d42482ca92d85,CAD,Executed,v3,,,5300313e698b5062bfe820f7efc7571699b4bb4c,vertical 2,type 8,3.61,9e2b06736b477b7a924f60de14a7e329d82d6f4f,2009-11-15 15:56:03.803770,2009-11-15 15:56:32.393543,2009-11-15 15:56:12.503250,2009-11-15 15:56:32.393543,,2009-11-15 15:56:06.007798,2009-11-15 15:56:31.191485,
d992bacb5fe60ddc1d2c26dfdcd3a62f865ec59c,6cd7d8d37b110668afdca42fc0e1d366b322783e,CAD,Executed,v3,,,5300313e698b5062bfe820f7efc7571699b4bb4c,vertical 2,type 8,15.0,9e2b06736b477b7a924f60de14a7e329d82d6f4f,2009-06-06 07:28:25.396478,2009-06-06 07:30:32.956957,2009-06-06 07:28:39.863799,2009-06-06 07:30:32.956957,,2009-06-06 07:28:29.145634,2009-06-06 07:30:30.179781,
5ef9a1228044605899818245fc9ec65dba9d7de9,4edf2b203db688f77426e198e9f1cce832659f09,USD,Executed,v2,,,5fa03c0259fe9d6d7763bf34ab2812da2a9ee930,vertical 2,type 6,7.0,37eec10a53dd5fd2f024a17be5961dfceb0c66e6,2008-05-05 05:29:54.475843,2008-05-05 05:31:25.539271,,2008-05-05 05:31:25.539271,,,,
ca6362d8d27096f096b9dad4d29d5e7d8d07b1e0,21b955e418f741b067688bc141261d7cd8d59973,CAD,Executed,v3,,,64c370a753b1db282770cdbf2aba5434a3185b3d,vertical 2,type 8,2.57,9e2b06736b477b7a924f60de14a7e329d82d6f4f,2009-10-11 06:50:53.641669,2009-10-11 06:52:10.828859,2009-10-11 06:51:09.603137,2009-10-11 06:52:10.828859,,2009-10-11 06:50:54.676566,2009-10-11 06:52:09.624885,2009-10-11 06:52:10.828859
a107dd7738890b3fade9e522c58cf785385495b8,f4203d6b7658cb7252d6afdf95a6b692e93c2f7b,CAD,Executed,v3,,,64c370a753b1db282770cdbf2aba5434a3185b3d,vertical 2,type 8,0.91,9e2b06736b477b7a924f60de14a7e329d82d6f4f,2009-09-16 04:56:19.876110,2009-09-16 04:56:44.660782,2009-09-16 04:56:24.503985,2009-09-16 04:56:44.458321,,2009-09-16 04:56:20.763954,2009-09-16 04:56:42.100648,2009-09-16 04:56:44.660782
4729afe0cec1c2f321bb42671f95fa00fff65701,a8a270ee31995a10a17bd0f10e17c238937f24e9,USD,Rejected,v2,,,5fa03c0259fe9d6d7763bf34ab2812da2a9ee930,vertical 2,type 6,30.0,37eec10a53dd5fd2f024a17be5961dfceb0c66e6,2008-09-01 20:52:34.573145,2008-09-11 21:36:52.879642,,,,,,
cd07c138f27d64b5d96a4c5013946a2569e7a009,e8085010136a26d0ebc200ac0751b1d9d673a764,CAD,Executed,v3,,,64c370a753b1db282770cdbf2aba5434a3185b3d,vertical 2,type 8,70.0,9e2b06736b477b7a924f60de14a7e329d82d6f4f,2009-12-26 06:06:10.555927,2009-12-26 06:06:49.790000,2009-12-26 06:06:25.431946,2009-12-26 06:06:48.013463,,2009-12-26 06:06:14.572377,2009-12-26 06:06:43.940680,2009-12-26 06:06:49.790000
e8353c4c927d9641da1421555b440a5c7b4e9f52,b5ab8f51d35b64af079485e5bbbc335213f3a0ae,CAD,Executed,v3,,,64c370a753b1db282770cdbf2aba5434a3185b3d,vertical 2,type 8,50.0,9e2b06736b477b7a924f60de14a7e329d82d6f4f,2010-01-29 06:02:42.642003,2010-01-29 06:03:41.140688,2010-01-29 06:02:53.057663,2010-01-29 06:03:41.140688,,2010-01-29 06:02:46.651639,2010-01-29 06:03:39.497822,2010-01-29 06:03:40.880000
d5649fb9eae872daa80b7017b64ad88ea785a3d9,b5ab8f51d35b64af079485e5bbbc335213f3a0ae,CAD,failed,v3,expired,initiated,5300313e698b5062bfe820f7efc7571699b4bb4c,vertical 2,type 8,0.6,9e2b06736b477b7a924f60de14a7e329d82d6f4f,2009-10-31 13:47:38.637465,2009-10-31 14:02:38.714723,2009-10-31 13:47:47.214241,,2009-10-31 14:02:38.714723,2009-10-31 13:47:40.739114,,
f61055a4e69acec49df367af5e382c32a2768704,6cd7d8d37b110668afdca42fc0e1d366b322783e,CAD,Executed,v3,,,5300313e698b5062bfe820f7efc7571699b4bb4c,vertical 2,type 8,19.0,9e2b06736b477b7a924f60de14a7e329d82d6f4f,2009-11-29 12:50:43.861016,2009-11-29 12:51:24.053707,2009-11-29 12:50:48.882385,2009-11-29 12:51:24.053707,,2009-11-29 12:50:45.620759,2009-11-29 12:51:22.400861,
dd8721ec080724b4eb71f3635903c83a8818068e,660054a4565377c6e43ff7709abf56d8494ba604,CAD,failed,v3,expired,initiated,5300313e698b5062bfe820f7efc7571699b4bb4c,vertical 2,type 8,2.5,9e2b06736b477b7a924f60de14a7e329d82d6f4f,2009-08-09 09:54:47.586280,2009-08-09 10:09:47.639365,2009-08-09 09:54:53.033755,,2009-08-09 10:09:47.639365,2009-08-09 09:54:49.731200,,
732e55a7a506fd39293d80f8e6df6fc8cef15f7b,4edf2b203db688f77426e198e9f1cce832659f09,USD,Executed,v2,,,5fa03c0259fe9d6d7763bf34ab2812da2a9ee930,vertical 2,type 6,11.2,37eec10a53dd5fd2f024a17be5961dfceb0c66e6,2008-06-26 08:23:31.388203,2008-06-26 08:24:56.021935,,2008-06-26 08:24:56.021935,,,,
0d1864c2113e379bca2f18731ac518c6b72c91c2,b5ab8f51d35b64af079485e5bbbc335213f3a0ae,CAD,failed,v3,expired,initiated,5300313e698b5062bfe820f7efc7571699b4bb4c,vertical 2,type 8,2.98,9e2b06736b477b7a924f60de14a7e329d82d6f4f,2009-07-05 13:57:02.482417,2009-07-05 14:12:02.691717,2009-07-05 13:57:11.434328,,2009-07-05 14:12:02.691717,2009-07-05 13:57:05.913781,,
d2ea5642c6b8ce401e7ac1e478fd49961402da3b,36d5855cad7c3ea0d5165027ba21056dd5bfb12e,USD,Cancelled,v2,,,5fa03c0259fe9d6d7763bf34ab2812da2a9ee930,vertical 2,,50.0,f69ad584c025f9b756ce1e8c70de3a33aef50b32,2008-02-09 05:09:35.868858,2008-02-10 05:09:37.776827,,,,,,
83c3e579ac52148d731814f45d611a4441733f1a,660054a4565377c6e43ff7709abf56d8494ba604,CAD,Executed,v3,,,64c370a753b1db282770cdbf2aba5434a3185b3d,vertical 2,type 8,60.0,9e2b06736b477b7a924f60de14a7e329d82d6f4f,2009-11-16 12:29:44.228818,2009-11-16 12:30:41.827000,2009-11-16 12:29:51.665973,2009-11-16 12:30:39.990349,,2009-11-16 12:29:45.532296,2009-11-16 12:30:38.736241,2009-11-16 12:30:41.827000
8158bd6ea64c526d7872a1d962bd72055a86dd7d,e8085010136a26d0ebc200ac0751b1d9d673a764,CAD,Executed,v3,,,5300313e698b5062bfe820f7efc7571699b4bb4c,vertical 2,type 8,2.5,9e2b06736b477b7a924f60de14a7e329d82d6f4f,2009-02-23 13:29:03.816889,2009-02-23 13:29:53.119045,2009-02-23 13:29:13.124145,2009-02-23 13:29:53.119045,,2009-02-23 13:29:07.765406,2009-02-23 13:29:50.378259,
eec3acfbf413fc95d7c2a6a6df167fe3f92fb287,0090e57640ed78b0c16ac4606a6773769545bb17,CAD,Executed,v3,,,64c370a753b1db282770cdbf2aba5434a3185b3d,vertical 2,type 8,6.5,9e2b06736b477b7a924f60de14a7e329d82d6f4f,2010-01-16 06:16:50.064971,2010-01-16 06:17:33.291003,2010-01-16 06:16:55.562565,2010-01-16 06:17:33.291003,,2010-01-16 06:16:50.625594,2010-01-16 06:17:30.878155,2010-01-16 06:17:32.913000
5c66d92b898f255d996ba35ef492b3e8b0593c1f,eb1c4738ae6ac9c907a46a541af2d02d6be2f05b,CAD,failed,v3,expired,initiated,64c370a753b1db282770cdbf2aba5434a3185b3d,vertical 2,type 8,10.0,9e2b06736b477b7a924f60de14a7e329d82d6f4f,2009-07-29 17:04:46.700307,2009-07-29 17:19:46.781303,2009-07-29 17:05:16.541533,,2009-07-29 17:19:46.781303,2009-07-29 17:04:47.460697,,
26ad34de84badd234fca8387c9ee968a4b155e24,614f918e6feee31a627e487db0e58c331fc9d4b7,CAD,Initiated,v2,,,5fa03c0259fe9d6d7763bf34ab2812da2a9ee930,vertical 2,type 8,0.22,9e2b06736b477b7a924f60de14a7e329d82d6f4f,2007-10-02 07:28:14.588489,2007-10-02 07:28:14.588489,,,,,,
ee9b00971ad6e77a73ea44e830fc5f057e546870,0f9d5c0c4ec3978964e5b1dee86f6ea9db6c6481,USD,Initiated,v2,,,5fa03c0259fe9d6d7763bf34ab2812da2a9ee930,vertical 2,,20.0,a68db3fc75fd72a12bb2ad1442ff9927bd04139d,2008-02-09 03:40:20.128756,2008-02-09 03:40:20.128756,,,,,,
e1741ad542a457bd972f7badd5ccea93c02bdb7e,e9b3eef71fa711e7f8be41affba46f0a1727713d,USD,Initiated,v2,,,5fa03c0259fe9d6d7763bf34ab2812da2a9ee930,vertical 2,,5.5,1ef393c389ad6e2b2d4d865f843dcf351b1d19f5,2008-03-08 19:34:37.438150,2008-03-08 19:34:37.438150,,,,,,
d0f14f0a45caec27aeefa9ae98161c617855d943,7793607afc91c55351f23d75015223501cd65cd2,USD,Cancelled,v2,,,5fa03c0259fe9d6d7763bf34ab2812da2a9ee930,vertical 2,,10.04,f69ad584c025f9b756ce1e8c70de3a33aef50b32,2008-03-28 21:26:51.914381,2008-03-28 21:28:42.862721,,,,,,
a6702d7684dccb20efe1aa4243ceefd4ec2524fb,1d7f76f54a369b250c4c20515e5b4718dd103af0,CAD,Cancelled,v2,,,5fa03c0259fe9d6d7763bf34ab2812da2a9ee930,vertical 2,type 8,3.9,9e2b06736b477b7a924f60de14a7e329d82d6f4f,2008-11-18 08:35:33.661289,2008-11-18 08:47:29.168577,,,,,,
83507e24377bb89141a2936c3776815741e67cff,4edf2b203db688f77426e198e9f1cce832659f09,USD,Executed,v2,,,5fa03c0259fe9d6d7763bf34ab2812da2a9ee930,vertical 2,type 6,29.39,37eec10a53dd5fd2f024a17be5961dfceb0c66e6,2008-06-26 22:50:47.436746,2008-06-26 22:51:30.201247,,2008-06-26 22:51:30.201247,,,,
621ba3f80055b27f3b432dd2bbeda7b5a8d1ad0b,b5ab8f51d35b64af079485e5bbbc335213f3a0ae,USD,Initiated,v2,,,5fa03c0259fe9d6d7763bf34ab2812da2a9ee930,vertical 2,,1.2,9e2b06736b477b7a924f60de14a7e329d82d6f4f,2007-11-19 10:25:36.270781,2007-11-19 10:25:36.270781,,,,,,
c74497e9def00ac976cd4bc5ab4fdd596ac316e2,b7fdda6d8957d76f5537a7b43f39060422c52953,USD,Executing,v2,,,5fa03c0259fe9d6d7763bf34ab2812da2a9ee930,vertical 2,type 6,100.0,e663a75ca1d25c297c92ca032b7bd8d1af3b0b5c,2008-07-25 05:26:52.855675,2008-07-25 05:28:06.069372,,,,,,
947d2ff2adef436c6297313aeee93f5fc53a88b0,b5ab8f51d35b64af079485e5bbbc335213f3a0ae,CAD,Initiated,v2,,,5fa03c0259fe9d6d7763bf34ab2812da2a9ee930,vertical 2,type 8,39.95,9e2b06736b477b7a924f60de14a7e329d82d6f4f,2008-06-15 13:13:08.007658,2008-06-15 13:13:08.007658,,,,,,
b8a69462a674293f1b3ed7d1973b209b75984b1a,270d77387856b04e5784658fa3ab69e7102c1528,USD,Initiated,v2,,,5fa03c0259fe9d6d7763bf34ab2812da2a9ee930,vertical 2,,4.61,a68db3fc75fd72a12bb2ad1442ff9927bd04139d,2008-08-31 18:45:27.987631,2008-08-31 18:45:27.987631,,,,,,
df21bcf8006ad6a6cc69a4ff457c5bd3afcb5e48,0c13594466c8f4c9996801c4cc3f822975978c2d,USD,Initiated,v2,,,5fa03c0259fe9d6d7763bf34ab2812da2a9ee930,vertical 2,,46.65,f69ad584c025f9b756ce1e8c70de3a33aef50b32,2007-11-05 16:59:42.837479,2007-11-05 16:59:42.837479,,,,,,
8c71f128f25a01124dd44ec5778277f562506525,7793607afc91c55351f23d75015223501cd65cd2,USD,Cancelled,v2,,,5fa03c0259fe9d6d7763bf34ab2812da2a9ee930,vertical 2,,50.0,f69ad584c025f9b756ce1e8c70de3a33aef50b32,2007-11-28 16:18:16.880366,2007-11-28 16:18:22.207356,,,,,,
f492c333070385a5016e1fc0c2897eae58dd3c87,2223af6513f60a4fb51d21fba3c80c3283c3f32c,USD,Initiated,v2,,,5fa03c0259fe9d6d7763bf34ab2812da2a9ee930,vertical 2,type 6,50.0,a68db3fc75fd72a12bb2ad1442ff9927bd04139d,2007-11-14 19:09:15.258950,2007-11-14 19:09:15.258950,,,,,,
940a78bbff0530ded7773d72339b4c0a2b2a575c,b5ab8f51d35b64af079485e5bbbc335213f3a0ae,USD,Initiated,v2,,,5fa03c0259fe9d6d7763bf34ab2812da2a9ee930,vertical 2,,570.69,9e2b06736b477b7a924f60de14a7e329d82d6f4f,2008-03-05 15:32:09.084647,2008-03-05 15:32:09.084647,,,,,,
867bdc8b05c7cd5069b3e8b6ddba1787343e3ea5,312dccf7c915f4e8819eb22102edaf29d22e2922,USD,Initiated,v2,,,5fa03c0259fe9d6d7763bf34ab2812da2a9ee930,vertical 2,type 6,450.0,e663a75ca1d25c297c92ca032b7bd8d1af3b0b5c,2009-01-03 19:19:48.951372,2009-01-03 19:36:55.831543,,,,,,
f639af910bda3fb2cc96107cdafdc0982ad810f6,0090e57640ed78b0c16ac4606a6773769545bb17,CAD,Initiated,v2,,,5fa03c0259fe9d6d7763bf34ab2812da2a9ee930,vertical 2,type 8,39.8,9e2b06736b477b7a924f60de14a7e329d82d6f4f,2008-06-25 14:01:14.041211,2008-06-25 14:01:14.041211,,,,,,
e045b70d08e208d8e42c5c85f0c9801620c263b3,3b16e9298419798c7152950a717caab2e18ef0a1,USD,Cancelled,v2,,,5fa03c0259fe9d6d7763bf34ab2812da2a9ee930,vertical 2,,40.0,e663a75ca1d25c297c92ca032b7bd8d1af3b0b5c,2008-08-22 19:21:19.603129,2008-08-22 19:21:40.506413,,,,,,
c2423c0f48a7686648482ecb7aa7b98534951e02,b7fdda6d8957d76f5537a7b43f39060422c52953,USD,Cancelled,v2,,,5fa03c0259fe9d6d7763bf34ab2812da2a9ee930,vertical 2,type 6,300.0,e663a75ca1d25c297c92ca032b7bd8d1af3b0b5c,2008-10-25 21:39:44.724678,2008-10-25 21:40:07.230441,,,,,,
c3a0eb0aac69ec772f9d72ed7d183cb62a2d31a0,b7fdda6d8957d76f5537a7b43f39060422c52953,USD,Initiated,v2,,,5fa03c0259fe9d6d7763bf34ab2812da2a9ee930,vertical 2,type 6,10.0,e663a75ca1d25c297c92ca032b7bd8d1af3b0b5c,2008-03-10 10:06:07.256412,2008-03-10 10:06:07.256412,,,,,,
bf2b7c320062005ef70d5034ce892bebe0d8ff32,c16630b24e79837e63acc50389586106961f7ed2,USD,Initiated,v2,,,5fa03c0259fe9d6d7763bf34ab2812da2a9ee930,vertical 2,type 8,179.5,7ec009376b8bf0c03561b3f6ba251ab9d96efd42,2008-07-24 23:49:07.587936,2008-07-24 23:49:07.587936,,,,,,
743ab3c6d442d635bbefa6ee97c440058a5a1752,312dccf7c915f4e8819eb22102edaf29d22e2922,USD,Rejected,v2,,,5fa03c0259fe9d6d7763bf34ab2812da2a9ee930,vertical 2,type 6,150.0,e663a75ca1d25c297c92ca032b7bd8d1af3b0b5c,2008-03-19 11:03:12.357614,2008-03-29 11:53:37.796949,,,,,,
9a40a066b4d4c8b485b9853b09cbc0fd69dae33a,8b408eb9070e2b1dbb590cd7ffe0f467b490a66a,USD,Executed,v2,,,5fa03c0259fe9d6d7763bf34ab2812da2a9ee930,vertical 2,,11.0,f69ad584c025f9b756ce1e8c70de3a33aef50b32,2008-02-29 20:43:20.626203,2008-03-01 03:57:37.181724,,2008-03-01 03:57:37.181724,,,,
448fcadf895f475ae6b324ee532b1779ff93c32f,34a0061ba48d1c2810cd930dd69d42482ca92d85,CAD,Executed,v3,,,5300313e698b5062bfe820f7efc7571699b4bb4c,vertical 2,type 8,9.7,9e2b06736b477b7a924f60de14a7e329d82d6f4f,2009-10-31 08:25:09.761350,2009-10-31 08:25:46.391537,2009-10-31 08:25:17.776442,2009-10-31 08:25:46.391537,,2009-10-31 08:25:11.986829,2009-10-31 08:25:44.935334,
e14f18ff5d4870293b65041f046e9beaaec5b5b8,6cd7d8d37b110668afdca42fc0e1d366b322783e,CAD,Executed,v3,,,64c370a753b1db282770cdbf2aba5434a3185b3d,vertical 2,type 8,5.0,9e2b06736b477b7a924f60de14a7e329d82d6f4f,2009-12-31 09:08:21.556701,2009-12-31 09:09:00.313000,2009-12-31 09:08:30.692783,2009-12-31 09:09:00.313000,,2009-12-31 09:08:25.713543,2009-12-31 09:08:59.116903,2009-12-31 09:09:00.313000
c72be2ad42c41aba59b43a316017e86a74a0bdfb,92548b886aedf9b7fedd5f3877cb9554e0f161f2,USD,Executing,v2,,,5fa03c0259fe9d6d7763bf34ab2812da2a9ee930,vertical 2,type 6,23.0,e663a75ca1d25c297c92ca032b7bd8d1af3b0b5c,2007-12-22 18:51:57.930913,2007-12-22 18:53:39.575433,,,,,,
bf7d34cda4ce08abdab0f5a17b0dfeaa868a082f,34a0061ba48d1c2810cd930dd69d42482ca92d85,CAD,failed,v3,expired,initiated,64c370a753b1db282770cdbf2aba5434a3185b3d,vertical 2,type 8,2.0,9e2b06736b477b7a924f60de14a7e329d82d6f4f,2009-07-28 10:36:21.902492,2009-07-28 10:51:22.012416,2009-07-28 10:36:47.294069,,2009-07-28 10:51:22.012416,2009-07-28 10:36:22.466172,,
44c4c021892be27ee2ec176c685adf39aa25d799,0090e57640ed78b0c16ac4606a6773769545bb17,CAD,Executed,v3,,,64c370a753b1db282770cdbf2aba5434a3185b3d,vertical 2,type 8,6.5,9e2b06736b477b7a924f60de14a7e329d82d6f4f,2010-01-05 06:45:53.388873,2010-01-05 06:46:38.063000,2010-01-05 06:46:01.681602,2010-01-05 06:46:38.063000,,2010-01-05 06:45:56.913587,2010-01-05 06:46:37.375173,2010-01-05 06:46:38.063000
cd42da1b246092a986f10053900da0fbda154397,b5ab8f51d35b64af079485e5bbbc335213f3a0ae,CAD,Executed,v3,,,64c370a753b1db282770cdbf2aba5434a3185b3d,vertical 2,type 8,8.0,9e2b06736b477b7a924f60de14a7e329d82d6f4f,2009-08-14 20:28:55.735422,2009-08-14 20:29:33.983007,2009-08-14 20:29:03.609826,2009-08-14 20:29:32.737927,,2009-08-14 20:28:56.210034,2009-08-14 20:29:30.226552,2009-08-14 20:29:33.983007
320a377acaaf84a7972b58128f15fd82ef4fe091,2223af6513f60a4fb51d21fba3c80c3283c3f32c,USD,Initiated,v2,,,5fa03c0259fe9d6d7763bf34ab2812da2a9ee930,vertical 2,,10.0,a68db3fc75fd72a12bb2ad1442ff9927bd04139d,2008-07-17 11:14:10.469566,2008-07-17 11:14:59.565083,,,,,,
5c0d5276042dc6aa2fbf89fa6479c719b96cfdfc,f9ea9e29eb75b39bef30097f43cec764de774bda,USD,Initiated,v2,,,5fa03c0259fe9d6d7763bf34ab2812da2a9ee930,vertical 2,,150.0,a68db3fc75fd72a12bb2ad1442ff9927bd04139d,2008-07-24 18:41:13.929638,2008-07-24 18:41:13.929638,,,,,,
41974c3a8c3cc793da11cebf67c067a97ebe4997,8216651c8989eb69415e6fd793175c69351debc5,USD,failed,v3,provider_expired,initiated,6b9aa19c38a47a7d809eb3203685aaf80e25e9d6,vertical 2,type 1,2.0,f69ad584c025f9b756ce1e8c70de3a33aef50b32,2010-01-29 08:22:11.333879,2010-01-30 08:27:59.285298,2010-01-29 08:22:32.801169,,2010-01-30 08:27:59.285298,2010-01-29 08:22:16.319502,,
7bd7ef1fb64ec8530581dd0d666eede8c338da73,0c13594466c8f4c9996801c4cc3f822975978c2d,USD,Executed,v3,,,6b9aa19c38a47a7d809eb3203685aaf80e25e9d6,vertical 2,type 3,0.29,f69ad584c025f9b756ce1e8c70de3a33aef50b32,2009-09-12 17:06:58.558605,2009-09-12 17:07:22.206049,2009-09-12 17:07:04.445886,2009-09-12 17:07:18.605432,,2009-09-12 17:07:02.367645,2009-09-12 17:07:17.465033,2009-09-12 17:07:22.206049
10d9883b9e103d4b2975997154ccf93e0f6f413f,0c13594466c8f4c9996801c4cc3f822975978c2d,USD,Executed,v3,,,6b9aa19c38a47a7d809eb3203685aaf80e25e9d6,vertical 2,type 3,2.5,f69ad584c025f9b756ce1e8c70de3a33aef50b32,2009-12-13 16:26:32.479060,2009-12-13 16:26:51.568201,2009-12-13 16:26:38.656158,2009-12-13 16:26:51.568201,,2009-12-13 16:26:35.960785,2009-12-13 16:26:50.464621,2009-12-13 16:26:51.000000
8993a1088af75bab76160adc92b7cf8754093834,fa485aff3f9e34d55d25f78856d4a2526a5f8e6f,CAD,Executed,v3,,,5300313e698b5062bfe820f7efc7571699b4bb4c,vertical 2,type 8,2.0,9e2b06736b477b7a924f60de14a7e329d82d6f4f,2010-01-02 11:00:31.723449,2010-01-02 11:01:12.168629,2010-01-02 11:00:41.512071,2010-01-02 11:01:12.168629,,2010-01-02 11:00:34.096531,2010-01-02 11:01:08.677220,
6e4ed6f93c0b91b2f39a7152e4e5eda22840365e,6cd7d8d37b110668afdca42fc0e1d366b322783e,CAD,Executed,v3,,,5300313e698b5062bfe820f7efc7571699b4bb4c,vertical 2,type 8,5.0,9e2b06736b477b7a924f60de14a7e329d82d6f4f,2008-11-27 14:44:19.100969,2008-11-27 14:45:29.680054,2008-11-27 14:44:25.792649,2008-11-27 14:45:29.680054,,2008-11-27 14:44:21.504712,2008-11-27 14:45:29.612320,
88f16e3d5170f23b744b621ae69126d7ffd8deb3,8216651c8989eb69415e6fd793175c69351debc5,USD,failed,v3,provider_expired,initiated,6b9aa19c38a47a7d809eb3203685aaf80e25e9d6,vertical 2,type 2,0.1,f69ad584c025f9b756ce1e8c70de3a33aef50b32,2010-01-07 10:16:52.123708,2010-01-08 22:22:39.767037,2010-01-07 10:17:10.761613,,2010-01-08 22:22:39.767037,2010-01-07 10:16:55.797123,,
27bada5ce4f5dc17458fb5fc5e77a664a6071781,6cd7d8d37b110668afdca42fc0e1d366b322783e,CAD,Executed,v3,,,5300313e698b5062bfe820f7efc7571699b4bb4c,vertical 2,type 8,7.5,9e2b06736b477b7a924f60de14a7e329d82d6f4f,2010-01-23 10:32:39.368231,2010-01-23 10:34:08.679773,2010-01-23 10:32:45.701050,2010-01-23 10:34:08.679773,,2010-01-23 10:32:40.988641,2010-01-23 10:34:07.051406,
e6808a80a8f0cc2ee3f8404db2cd207271b5a62f,b5ab8f51d35b64af079485e5bbbc335213f3a0ae,CAD,Executed,v3,,,5300313e698b5062bfe820f7efc7571699b4bb4c,vertical 2,type 8,6.5,9e2b06736b477b7a924f60de14a7e329d82d6f4f,2009-04-13 17:11:47.860874,2009-04-13 17:12:34.248008,2009-04-13 17:11:54.294404,2009-04-13 17:12:34.248008,,2009-04-13 17:11:49.523415,2009-04-13 17:12:30.922684,
9c706ff939e1dbc4415c7337b8b6cea5336ededf,0090e57640ed78b0c16ac4606a6773769545bb17,CAD,Executed,v3,,,5300313e698b5062bfe820f7efc7571699b4bb4c,vertical 2,type 8,16.81,9e2b06736b477b7a924f60de14a7e329d82d6f4f,2009-02-28 07:44:30.016197,2009-02-28 07:45:27.864641,2009-02-28 07:44:35.813721,2009-02-28 07:45:27.864641,,2009-02-28 07:44:31.548588,2009-02-28 07:45:21.882937,
f79f71990b86bea13d7013f13ed2e071c8f1c703,0090e57640ed78b0c16ac4606a6773769545bb17,CAD,Executed,v3,,,64c370a753b1db282770cdbf2aba5434a3185b3d,vertical 2,type 8,3.07,9e2b06736b477b7a924f60de14a7e329d82d6f4f,2009-09-30 15:23:19.437120,2009-09-30 15:24:37.266851,2009-09-30 15:23:25.513956,2009-09-30 15:24:37.266851,,2009-09-30 15:23:20.367989,2009-09-30 15:24:36.098737,2009-09-30 15:24:37.266851
8c4fe5d52b2574f6fa3641ebe0020000662c2132,0c13594466c8f4c9996801c4cc3f822975978c2d,USD,Executed,v3,,,6b9aa19c38a47a7d809eb3203685aaf80e25e9d6,vertical 2,type 3,200.0,f69ad584c025f9b756ce1e8c70de3a33aef50b32,2010-01-28 04:48:57.427600,2010-01-28 04:49:55.680957,2010-01-28 04:49:03.377925,2010-01-28 04:49:55.680957,,2010-01-28 04:49:00.769216,2010-01-28 04:49:54.573084,2010-01-28 04:49:55.000000
9ce7a71cc5382b07abb7935c0ded035413e1afbf,98951360efa5454bb739e4af11bc9c6211b1de07,USD,initiated,v3,,,4d77a245c5a8140938c1e61a95107f4b89a103ef,vertical 5,type 2,6.0,a68db3fc75fd72a12bb2ad1442ff9927bd04139d,2009-11-08 07:04:02.427298,2009-11-08 07:04:12.929436,2009-11-08 07:04:12.929436,,,2009-11-08 07:04:07.048904,,
b583740603abff7e74815e8ff86b0ab0c607d1ac,4c330366c06bae9c5907162ada0364a929b6c8bc,USD,Executed,v3,,,6b9aa19c38a47a7d809eb3203685aaf80e25e9d6,vertical 2,type 1,100.0,f69ad584c025f9b756ce1e8c70de3a33aef50b32,2010-01-22 09:29:10.126568,2010-01-22 09:30:55.000000,2010-01-22 09:29:23.580520,2010-01-22 09:30:55.000000,,2010-01-22 09:29:14.034684,2010-01-22 09:30:55.000000,2010-01-22 09:30:55.000000
fcebb85985042f5a5400021e8af7267f74c8697c,4475c4563dba7a36e7d141ff4c42d5b696817201,USD,failed,v3,provider_rejected,authorized,6b9aa19c38a47a7d809eb3203685aaf80e25e9d6,vertical 2,type 1,0.3,f69ad584c025f9b756ce1e8c70de3a33aef50b32,2009-08-07 05:37:52.364917,2009-08-07 05:51:11.645336,2009-08-07 05:38:05.582448,,2009-08-07 05:51:11.645336,2009-08-07 05:37:59.759443,2009-08-07 05:51:11.046884,
b6d3454d28f062ecd42db59e83ce62dde2666b10,8216651c8989eb69415e6fd793175c69351debc5,USD,failed,v3,provider_expired,initiated,6b9aa19c38a47a7d809eb3203685aaf80e25e9d6,vertical 2,type 1,2.5,f69ad584c025f9b756ce1e8c70de3a33aef50b32,2010-01-21 15:58:58.678713,2010-01-22 16:04:43.664313,2010-01-21 15:59:16.285407,,2010-01-22 16:04:43.664313,2010-01-21 15:59:02.667090,,
f0bb95d144ac9f87a82b13221c34e08f3e59ba08,8216651c8989eb69415e6fd793175c69351debc5,USD,failed,v3,provider_expired,initiated,6b9aa19c38a47a7d809eb3203685aaf80e25e9d6,vertical 2,type 1,4.0,f69ad584c025f9b756ce1e8c70de3a33aef50b32,2010-01-22 19:06:32.113504,2010-01-23 19:12:11.087230,2010-01-22 19:06:44.530679,,2010-01-23 19:12:11.087230,2010-01-22 19:06:36.545538,,
05a267e1a2eaae38ade1e88bf756a3fd795aca2f,5b0ed91724fa2b03929736b7ee1c202617f38644,USD,Executed,v3,,,4d77a245c5a8140938c1e61a95107f4b89a103ef,vertical 5,type 2,8.5,a68db3fc75fd72a12bb2ad1442ff9927bd04139d,2009-11-13 16:36:01.049055,2009-11-17 00:55:37.000000,2009-11-13 16:36:09.425774,2009-11-13 16:37:03.421761,,2009-11-13 16:36:04.650304,2009-11-13 16:37:03.400472,2009-11-17 00:55:37.000000
9df24f562b336999a252ddf25ad2960815b464b1,9108cac4c29bf1bc00d78fbe3824e8b7d4f147de,USD,Executed,v3,,,4d77a245c5a8140938c1e61a95107f4b89a103ef,vertical 5,type 3,2.0,a68db3fc75fd72a12bb2ad1442ff9927bd04139d,2009-10-29 13:21:25.030209,2009-10-29 13:22:01.407102,2009-10-29 13:21:35.619105,2009-10-29 13:21:58.532201,,2009-10-29 13:21:29.380267,2009-10-29 13:21:57.373331,2009-10-29 13:22:01.407102
cadf49cca75935ff8a9936835d59b5f9408e8197,2223af6513f60a4fb51d21fba3c80c3283c3f32c,USD,initiated,v3,,,4d77a245c5a8140938c1e61a95107f4b89a103ef,vertical 5,type 2,10.0,a68db3fc75fd72a12bb2ad1442ff9927bd04139d,2009-11-02 20:27:34.870179,2009-11-02 20:27:44.566352,2009-11-02 20:27:44.566352,,,2009-11-02 20:27:38.153577,,
c82923f16402f7f8541134a180687e61645aebb0,98951360efa5454bb739e4af11bc9c6211b1de07,USD,initiated,v3,,,4d77a245c5a8140938c1e61a95107f4b89a103ef,vertical 5,type 2,1.0,a68db3fc75fd72a12bb2ad1442ff9927bd04139d,2009-11-23 02:34:59.825017,2009-11-23 02:35:09.370798,2009-11-23 02:35:09.370798,,,2009-11-23 02:35:03.675718,,
7ff317f5fc1b925376d3a296d960deab87f0b99c,2223af6513f60a4fb51d21fba3c80c3283c3f32c,USD,Executed,v3,,,4d77a245c5a8140938c1e61a95107f4b89a103ef,vertical 5,type 2,1.0,a68db3fc75fd72a12bb2ad1442ff9927bd04139d,2009-12-02 16:33:38.083326,2009-12-03 00:56:07.000000,2009-12-02 16:33:44.580894,2009-12-02 17:02:57.287950,,2009-12-02 16:33:41.080811,2009-12-02 16:34:22.266423,2009-12-03 00:56:07.000000
bc19a82a5d99f0f149ead595d5c28fb72c2fd6f6,2223af6513f60a4fb51d21fba3c80c3283c3f32c,USD,Executed,v3,,,4d77a245c5a8140938c1e61a95107f4b89a103ef,vertical 5,type 2,29.0,a68db3fc75fd72a12bb2ad1442ff9927bd04139d,2009-11-20 07:31:06.989751,2009-11-20 10:14:01.000000,2009-11-20 07:31:13.463840,2009-11-20 08:10:23.777631,,2009-11-20 07:31:09.706247,2009-11-20 07:32:11.907271,2009-11-20 10:14:01.000000
839c9cee14817ce46edd4eaf9c6caf361f511dd2,732fe9ec017e56462f6b5e3ccc8bbb957f64268e,USD,failed,v3,expired,authorizing,0e6470540c439c8a8258849bbe898b284bbcf94f,vertical 1,type 2,1.6,9e2b06736b477b7a924f60de14a7e329d82d6f4f,2008-02-08 13:20:35.088968,2008-02-08 13:35:35.322791,,,2008-02-08 13:35:35.322791,2008-02-08 13:20:35.088968,,
00f3fb8cf6227274454eba8c187845daf16f0a74,fcb5034c21adb87a2d46c8ea4b27aa70f1fcccf7,USD,authorizing,v3,,,0e6470540c439c8a8258849bbe898b284bbcf94f,vertical 1,type 2,1.6,9e2b06736b477b7a924f60de14a7e329d82d6f4f,2008-01-30 18:24:36.483876,2008-01-30 18:24:36.976426,2008-01-30 18:24:36.976426,,,2008-01-30 18:24:36.638893,,
2f194d112352584c98c3db474c76aa9b1bfb4409,e05588aa8e431d3f2d5f7387b647f8d1001763c8,USD,failed,v3,expired,authorizing,0e6470540c439c8a8258849bbe898b284bbcf94f,vertical 1,type 2,1.6,9e2b06736b477b7a924f60de14a7e329d82d6f4f,2008-05-13 23:50:46.464856,2008-05-14 00:05:46.507522,,,2008-05-14 00:05:46.507522,2008-05-13 23:50:47.649878,,
2dbcdf5df82efa193efcdced7b106b8ea0cfd1c0,ae8ea61f0f68ef5001d23eb2a33fa80f363deed0,USD,initiated,v3,,,0e6470540c439c8a8258849bbe898b284bbcf94f,vertical 1,type 2,1.6,a68db3fc75fd72a12bb2ad1442ff9927bd04139d,2008-05-06 17:48:59.939513,2008-05-06 17:49:20.813108,2008-05-06 17:49:20.813108,,,2008-05-06 17:49:00.758228,,
86f0d185d9fd213b0f4d8dcde708e136afe4616b,36ebb789f8016ca4e1348b28ea126b944b8ff4a4,USD,initiated,v3,,,0e6470540c439c8a8258849bbe898b284bbcf94f,vertical 1,type 2,12.43,a68db3fc75fd72a12bb2ad1442ff9927bd04139d,2009-07-20 17:09:50.572733,2009-07-20 17:10:11.091820,2009-07-20 17:10:11.091820,,,2009-07-20 17:09:51.268429,,
4634427f1f9b852e699c1382c982c76020ee47f9,3674b4d292131698ba6c946dda67a8fd8b63f12a,CAD,Executed,v3,,,64c370a753b1db282770cdbf2aba5434a3185b3d,vertical 2,type 8,4.39,9e2b06736b477b7a924f60de14a7e329d82d6f4f,2009-10-19 10:56:13.811336,2009-10-19 10:56:55.301743,2009-10-19 10:56:20.649150,2009-10-19 10:56:54.681537,,2009-10-19 10:56:14.676379,2009-10-19 10:56:51.907296,2009-10-19 10:56:55.301743
93cf37e57411c54f64ed55c956488797d95ca740,3674b4d292131698ba6c946dda67a8fd8b63f12a,CAD,Executed,v3,,,64c370a753b1db282770cdbf2aba5434a3185b3d,vertical 2,type 8,5.0,9e2b06736b477b7a924f60de14a7e329d82d6f4f,2009-10-24 08:27:35.682515,2009-10-24 08:28:12.478999,2009-10-24 08:27:42.359536,2009-10-24 08:28:12.478999,,2009-10-24 08:27:37.140809,2009-10-24 08:28:10.048022,2009-10-24 08:28:12.478999
68f32f08a299761f48b0b2a0e5f6cd53568bbb56,b5ab8f51d35b64af079485e5bbbc335213f3a0ae,CAD,Executed,v3,,,64c370a753b1db282770cdbf2aba5434a3185b3d,vertical 2,type 8,0.5,9e2b06736b477b7a924f60de14a7e329d82d6f4f,2009-12-30 09:04:16.008365,2009-12-30 09:04:44.117000,2009-12-30 09:04:19.978875,2009-12-30 09:04:44.117000,,2009-12-30 09:04:16.735445,2009-12-30 09:04:43.100855,2009-12-30 09:04:44.117000
77c234df36d1f29061e9fdae5edd991d95d626e0,4a25416f0699febf3b8ff8ebfeeaa9e16dc1ea41,CAD,Executed,v3,,,d292da2283043c07accb1086a004caaf05472d44,vertical 5,type 8,3.0,9e2b06736b477b7a924f60de14a7e329d82d6f4f,2009-05-27 10:23:18.049818,2009-05-27 10:23:57.432445,2009-05-27 10:23:24.482422,2009-05-27 10:23:57.432445,,2009-05-27 10:23:20.523526,2009-05-27 10:23:56.134247,2009-05-27 10:23:57.432445
92291a65623f4eae9ed381bbe63cb06c835db635,b7308502f039e303a048625c725d4aea3380c2ac,CAD,Executed,v3,,,d292da2283043c07accb1086a004caaf05472d44,vertical 5,type 8,5.0,9e2b06736b477b7a924f60de14a7e329d82d6f4f,2010-01-28 04:36:23.446461,2010-01-28 04:36:53.887000,2010-01-28 04:36:33.588651,2010-01-28 04:36:53.887000,,2010-01-28 04:36:28.109484,2010-01-28 04:36:51.564195,2010-01-28 04:36:53.887000
623271374d760839f844d3752b40d5b0c3f2473d,e8085010136a26d0ebc200ac0751b1d9d673a764,CAD,Executed,v3,,,d292da2283043c07accb1086a004caaf05472d44,vertical 5,type 8,4.0,9e2b06736b477b7a924f60de14a7e329d82d6f4f,2009-06-02 19:06:00.450007,2009-06-02 19:06:34.819619,2009-06-02 19:06:08.756165,2009-06-02 19:06:33.133264,,2009-06-02 19:06:03.861716,2009-06-02 19:06:30.726967,2009-06-02 19:06:34.819619
daa2fcd47f220e49dd29e2d9ae1ea7d280d1fa4a,b5ab8f51d35b64af079485e5bbbc335213f3a0ae,CAD,Executed,v3,,,d292da2283043c07accb1086a004caaf05472d44,vertical 5,type 8,5.0,9e2b06736b477b7a924f60de14a7e329d82d6f4f,2009-11-02 08:03:41.493937,2009-11-02 08:04:20.184708,2009-11-02 08:03:50.992352,2009-11-02 08:04:19.876862,,2009-11-02 08:03:48.068630,2009-11-02 08:04:18.215997,2009-11-02 08:04:20.184708
8c837e0483cfd95da0264884c41bb10d41a3ec1f,e8085010136a26d0ebc200ac0751b1d9d673a764,CAD,Executed,v3,,,d292da2283043c07accb1086a004caaf05472d44,vertical 5,type 8,2.0,9e2b06736b477b7a924f60de14a7e329d82d6f4f,2009-08-04 01:39:45.434393,2009-08-04 01:40:16.629220,2009-08-04 01:39:52.725356,2009-08-04 01:40:16.022736,,2009-08-04 01:39:49.416282,2009-08-04 01:40:13.047871,2009-08-04 01:40:16.629220
e685292224a1148674781ede5b6bccb098069698,6cd7d8d37b110668afdca42fc0e1d366b322783e,CAD,Executed,v3,,,d292da2283043c07accb1086a004caaf05472d44,vertical 5,type 8,1.1,9e2b06736b477b7a924f60de14a7e329d82d6f4f,2008-07-04 13:44:53.343139,2008-07-04 13:46:07.599676,2008-07-04 13:45:00.094515,2008-07-04 13:46:07.051483,,2008-07-04 13:44:56.869237,2008-07-04 13:46:06.022119,2008-07-04 13:46:07.599676
369bc5d3675abd0d9d6495141179f6af1297d788,b7308502f039e303a048625c725d4aea3380c2ac,CAD,Executed,v3,,,d292da2283043c07accb1086a004caaf05472d44,vertical 5,type 8,2.4,9e2b06736b477b7a924f60de14a7e329d82d6f4f,2008-09-29 17:52:22.616185,2008-09-29 17:59:52.975339,2008-09-29 17:52:27.072435,2008-09-29 17:52:45.771761,,2008-09-29 17:52:25.404240,2008-09-29 17:52:42.953363,2008-09-29 17:59:52.975339
d12635a7b20d0c75d6e30c5f9aea0f431eb117f5,4d762ce64874cd49be593313e92a1e61cf74417e,CAD,Executed,v3,,,d292da2283043c07accb1086a004caaf05472d44,vertical 5,type 8,4.0,9e2b06736b477b7a924f60de14a7e329d82d6f4f,2009-05-16 20:08:16.704246,2009-05-16 20:08:49.094691,2009-05-16 20:08:26.470130,2009-05-16 20:08:47.871263,,2009-05-16 20:08:19.332105,2009-05-16 20:08:47.867677,2009-05-16 20:08:49.094691
3c547bf39c1467097d7411ea019a48c6b128e886,36ebb789f8016ca4e1348b28ea126b944b8ff4a4,USD,Cancelled,v2,,,5fa03c0259fe9d6d7763bf34ab2812da2a9ee930,vertical 2,type 6,4.87,a68db3fc75fd72a12bb2ad1442ff9927bd04139d,2008-01-01 22:42:48.207465,2008-01-01 23:16:33.429299,,,,,,
82276dfe2a835b6ede4ceed96991959491951226,f4203d6b7658cb7252d6afdf95a6b692e93c2f7b,CAD,Executed,v3,,,64c370a753b1db282770cdbf2aba5434a3185b3d,vertical 2,type 8,20.02,9e2b06736b477b7a924f60de14a7e329d82d6f4f,2010-01-18 04:35:44.775271,2010-01-18 04:36:25.360000,2010-01-18 04:35:55.149868,2010-01-18 04:36:25.360000,,2010-01-18 04:35:50.052299,2010-01-18 04:36:24.211421,2010-01-18 04:36:25.360000
ff20889fa7c64239df0f33b3a78fcdaeabe508c0,c6e647f7497bcd595c4e4cff311261cb006e88e5,USD,Initiated,v2,,,5fa03c0259fe9d6d7763bf34ab2812da2a9ee930,vertical 2,type 8,199.0,7ec009376b8bf0c03561b3f6ba251ab9d96efd42,2008-03-10 21:28:29.038195,2008-03-10 21:28:29.038195,,,,,,
e26a443c1c453dd2136cb9ef7c226b85bcdbc69a,0b628c2e271ca4128039bf2fe476a428610674aa,USD,Initiated,v2,,,5fa03c0259fe9d6d7763bf34ab2812da2a9ee930,vertical 2,,100.0,6cdea52ce51f6e135c958a0e37b24c58f571b638,2008-10-01 14:58:05.722112,2008-10-01 14:58:05.722112,,,,,,
e8dae278638333fe9c250629511811002ab59091,b5ab8f51d35b64af079485e5bbbc335213f3a0ae,CAD,Executed,v3,,,64c370a753b1db282770cdbf2aba5434a3185b3d,vertical 2,type 8,10.0,9e2b06736b477b7a924f60de14a7e329d82d6f4f,2009-11-23 07:27:40.479679,2009-11-23 07:28:25.439158,2009-11-23 07:27:46.040027,2009-11-23 07:28:25.439158,,2009-11-23 07:27:41.003770,2009-11-23 07:28:23.752495,2009-11-23 07:28:25.417000
5fb6a1ec5f270936b1efadc9e11d67ec3f74b766,92548b886aedf9b7fedd5f3877cb9554e0f161f2,USD,Executed,v2,,,5fa03c0259fe9d6d7763bf34ab2812da2a9ee930,vertical 2,type 6,260.0,e663a75ca1d25c297c92ca032b7bd8d1af3b0b5c,2008-11-01 14:03:18.799257,2008-11-01 14:09:20.239504,,2008-11-01 14:09:20.239504,,,,
7d373f47a0b6f650ef71581c9549d090220878e9,4edf2b203db688f77426e198e9f1cce832659f09,USD,failed,v3,expired,authorizing,5300313e698b5062bfe820f7efc7571699b4bb4c,vertical 2,type 2,7.9,37eec10a53dd5fd2f024a17be5961dfceb0c66e6,2008-11-03 00:48:59.038913,2008-11-03 01:03:59.155221,,,2008-11-03 01:03:59.155221,2008-11-03 00:49:01.310689,,
178ba5bf28f6ebc1090f85315d8aa56d99178214,a8a270ee31995a10a17bd0f10e17c238937f24e9,USD,Rejected,v2,,,5fa03c0259fe9d6d7763bf34ab2812da2a9ee930,vertical 2,type 6,4.6,37eec10a53dd5fd2f024a17be5961dfceb0c66e6,2008-09-01 12:02:28.754961,2008-09-11 12:42:30.934175,,,,,,
7ed929f2d8eb28d710892dfd5abce14a2df3ae99,4560f0537a18cb9130ed587231ac483e94369724,USD,Cancelled,v2,,,5fa03c0259fe9d6d7763bf34ab2812da2a9ee930,vertical 2,,50.0,2709cc79b96641fdf25b1da4ed76b33b0f0cde57,2008-10-03 10:09:54.132234,2008-10-03 10:25:23.525962,,,,,,
6729c2096bcdbe7413d3233fbbbd54fc41bde938,b5ab8f51d35b64af079485e5bbbc335213f3a0ae,CAD,Executed,v3,,,5300313e698b5062bfe820f7efc7571699b4bb4c,vertical 2,type 8,2.8,9e2b06736b477b7a924f60de14a7e329d82d6f4f,2008-10-02 19:35:52.123109,2008-10-02 19:36:35.312686,2008-10-02 19:35:57.165368,2008-10-02 19:36:35.312686,,2008-10-02 19:35:53.493660,2008-10-02 19:36:31.513083,
4c143eb89b9cabd9aaab002f73f2ceda88ec5a0f,6cd7d8d37b110668afdca42fc0e1d366b322783e,CAD,Executed,v3,,,64c370a753b1db282770cdbf2aba5434a3185b3d,vertical 2,type 8,53.41,9e2b06736b477b7a924f60de14a7e329d82d6f4f,2009-09-24 09:51:00.807891,2009-09-24 09:52:05.152996,2009-09-24 09:51:23.429887,2009-09-24 09:52:05.081174,,2009-09-24 09:51:02.383810,2009-09-24 09:52:03.530738,2009-09-24 09:52:05.152996
8f9b4b264aa06b79a449ee8d8f8b3e1624b99fe2,34a0061ba48d1c2810cd930dd69d42482ca92d85,CAD,Executed,v3,,,64c370a753b1db282770cdbf2aba5434a3185b3d,vertical 2,type 8,10.0,9e2b06736b477b7a924f60de14a7e329d82d6f4f,2009-09-12 05:36:53.160481,2009-09-12 05:37:29.579549,2009-09-12 05:36:58.742671,2009-09-12 05:37:29.579549,,2009-09-12 05:36:53.788639,2009-09-12 05:37:27.047320,2009-09-12 05:37:29.579549
68051fb330bd7dea71a5f3c1c6919b123fb5f905,92548b886aedf9b7fedd5f3877cb9554e0f161f2,USD,Executed,v2,,,5fa03c0259fe9d6d7763bf34ab2812da2a9ee930,vertical 2,type 6,50.0,e663a75ca1d25c297c92ca032b7bd8d1af3b0b5c,2008-07-27 17:35:04.168701,2008-07-27 17:37:23.740289,,2008-07-27 17:37:23.740289,,,,
e35c170ff881c8bb54c146d9342a39a1956ff005,660054a4565377c6e43ff7709abf56d8494ba604,CAD,Executed,v3,,,5300313e698b5062bfe820f7efc7571699b4bb4c,vertical 2,type 8,3.8,9e2b06736b477b7a924f60de14a7e329d82d6f4f,2009-10-18 22:13:51.866663,2009-10-18 22:15:27.406676,2009-10-18 22:14:01.509637,2009-10-18 22:15:27.406676,,2009-10-18 22:13:56.763212,2009-10-18 22:15:24.849066,
dda729fae0bb87ec4f18744cb95eb9109b81fb44,b5ab8f51d35b64af079485e5bbbc335213f3a0ae,CAD,Executed,v3,,,5300313e698b5062bfe820f7efc7571699b4bb4c,vertical 2,type 8,5.0,9e2b06736b477b7a924f60de14a7e329d82d6f4f,2010-01-12 11:42:01.748890,2010-01-12 11:43:02.086978,2010-01-12 11:42:15.463501,2010-01-12 11:43:02.086978,,2010-01-12 11:42:06.427229,2010-01-12 11:43:00.363886,
5618991adf86ba013c7edfb173252a03549db134,b1184334f619bc3522f60fe1daaf1021c23f9ce6,USD,Executed,v2,,,5fa03c0259fe9d6d7763bf34ab2812da2a9ee930,vertical 2,,250.0,6cdea52ce51f6e135c958a0e37b24c58f571b638,2008-09-23 12:17:49.734135,2008-09-23 12:19:16.333846,,2008-09-23 12:19:16.333846,,,,
bcf7f8b214bc85b0ff342da145e8436ad6934ca1,b7308502f039e303a048625c725d4aea3380c2ac,CAD,Initiated,v2,,,5fa03c0259fe9d6d7763bf34ab2812da2a9ee930,vertical 2,type 8,263.87,9e2b06736b477b7a924f60de14a7e329d82d6f4f,2008-08-24 13:14:30.364848,2008-08-24 13:14:30.364848,,,,,,
1373beb8bea7968590b6059808dabd02ced33ff6,3674b4d292131698ba6c946dda67a8fd8b63f12a,CAD,failed,v3,not_authorized,initiated,64c370a753b1db282770cdbf2aba5434a3185b3d,vertical 2,type 8,4.67,9e2b06736b477b7a924f60de14a7e329d82d6f4f,2009-08-27 16:48:52.859184,2009-08-27 16:49:51.456623,2009-08-27 16:48:58.689095,,2009-08-27 16:49:51.456623,2009-08-27 16:48:53.961142,,
207b241c7bdc7d621ddc4b68e2aa5906d67f04e1,0090e57640ed78b0c16ac4606a6773769545bb17,CAD,Executed,v3,,,5300313e698b5062bfe820f7efc7571699b4bb4c,vertical 2,type 8,8.3,9e2b06736b477b7a924f60de14a7e329d82d6f4f,2008-09-17 10:12:43.599970,2008-09-17 10:13:58.037686,2008-09-17 10:12:57.068309,2008-09-17 10:13:58.037686,,2008-09-17 10:12:49.540902,2008-09-17 10:13:52.157802,
0b8276fca558e2b23543778f9b5ad05a1e8c6a72,e8085010136a26d0ebc200ac0751b1d9d673a764,CAD,failed,v3,canceled,authorizing,64c370a753b1db282770cdbf2aba5434a3185b3d,vertical 2,type 8,0.13,9e2b06736b477b7a924f60de14a7e329d82d6f4f,2009-09-02 08:45:22.889103,2009-09-02 08:45:39.654196,,,2009-09-02 08:45:39.654196,2009-09-02 08:45:23.981396,,
d3cac9ae95e9b6698ef5ddc8b3b96410ceb4546d,b5ab8f51d35b64af079485e5bbbc335213f3a0ae,CAD,Executed,v3,,,5300313e698b5062bfe820f7efc7571699b4bb4c,vertical 2,type 8,32.53,9e2b06736b477b7a924f60de14a7e329d82d6f4f,2009-03-28 13:22:44.306412,2009-03-28 13:23:26.547022,2009-03-28 13:22:51.093500,2009-03-28 13:23:26.547022,,2009-03-28 13:22:46.404269,2009-03-28 13:23:23.566754,
296e11b2f9709d0e87a545a50616ab5539ea56a7,b5ab8f51d35b64af079485e5bbbc335213f3a0ae,CAD,Executed,v3,,,64c370a753b1db282770cdbf2aba5434a3185b3d,vertical 2,type 8,7.48,9e2b06736b477b7a924f60de14a7e329d82d6f4f,2009-09-27 07:44:17.289908,2009-09-27 07:45:26.975745,2009-09-27 07:44:23.929275,2009-09-27 07:45:26.975745,,2009-09-27 07:44:18.295151,2009-09-27 07:45:25.465298,2009-09-27 07:45:26.975745
03fe5eac0c3577f463d681ceed2482856d327662,36ebb789f8016ca4e1348b28ea126b944b8ff4a4,USD,Rejected,v2,,,5fa03c0259fe9d6d7763bf34ab2812da2a9ee930,vertical 2,type 6,150.0,a68db3fc75fd72a12bb2ad1442ff9927bd04139d,2008-01-15 23:35:27.313635,2008-01-15 23:41:04.567813,,,,,,
40a0a60a7aa7bf1b513b5c15fea736fe0af8ce03,978dac64392f6e5db2835d6228219eab5a7b27af,USD,Executed,v2,,,5fa03c0259fe9d6d7763bf34ab2812da2a9ee930,vertical 2,,50.0,a05b131fd348c62de04bce3d93a6cd396b1db85f,2008-11-28 08:45:27.692489,2008-11-28 09:18:33.105910,,2008-11-28 09:18:33.105910,,,,
29eb7afc0ca15c174c8939df280aee9f8e258d56,660054a4565377c6e43ff7709abf56d8494ba604,CAD,failed,v3,not_authorized,authorizing,d292da2283043c07accb1086a004caaf05472d44,vertical 5,type 8,5.0,9e2b06736b477b7a924f60de14a7e329d82d6f4f,2008-09-17 01:20:15.396323,2008-09-17 01:20:49.824982,2008-09-17 01:20:24.280796,,2008-09-17 01:20:49.824982,2008-09-17 01:20:20.384052,,
b57e9de8f19638c4e042b88fd99b87d0ee16a631,34a0061ba48d1c2810cd930dd69d42482ca92d85,CAD,Executed,v3,,,d292da2283043c07accb1086a004caaf05472d44,vertical 5,type 8,2.5,9e2b06736b477b7a924f60de14a7e329d82d6f4f,2008-05-16 13:41:04.802747,2008-05-16 13:41:38.384511,2008-05-16 13:41:16.529985,2008-05-16 13:41:38.213826,,2008-05-16 13:41:11.373469,2008-05-16 13:41:35.543274,2008-05-16 13:41:38.384511
cdc1b61fea3e054c08ef8af25c03a0460e248ec8,34a0061ba48d1c2810cd930dd69d42482ca92d85,CAD,Executed,v3,,,d292da2283043c07accb1086a004caaf05472d44,vertical 5,type 8,10.0,9e2b06736b477b7a924f60de14a7e329d82d6f4f,2008-05-22 01:34:20.339290,2008-05-22 01:35:00.522934,2008-05-22 01:34:28.529965,2008-05-22 01:35:00.522934,,2008-05-22 01:34:24.779678,2008-05-22 01:34:58.098523,2008-05-22 01:35:00.522934
96f8491dbfc64207293cfb7ebb589b93ccaf5563,b5ab8f51d35b64af079485e5bbbc335213f3a0ae,CAD,failed,v3,expired,initiated,64c370a753b1db282770cdbf2aba5434a3185b3d,vertical 2,type 8,0.19,9e2b06736b477b7a924f60de14a7e329d82d6f4f,2010-01-03 15:18:44.744736,2010-01-03 15:33:44.812940,2010-01-03 15:19:02.010223,,2010-01-03 15:33:44.812940,2010-01-03 15:18:48.312973,,
7455bf03803788b164c52d83bf18204d7940444f,0090e57640ed78b0c16ac4606a6773769545bb17,CAD,failed,v3,not_authorized,initiated,5300313e698b5062bfe820f7efc7571699b4bb4c,vertical 2,type 8,18.7,9e2b06736b477b7a924f60de14a7e329d82d6f4f,2009-07-28 10:44:28.245463,2009-07-28 10:45:12.714935,2009-07-28 10:44:36.090642,,2009-07-28 10:45:12.714935,2009-07-28 10:44:30.655007,,
f2ef6b430b0db062074098c47c333c2e1a9066be,3674b4d292131698ba6c946dda67a8fd8b63f12a,CAD,failed,v3,not_authorized,initiated,5300313e698b5062bfe820f7efc7571699b4bb4c,vertical 2,type 8,21.61,9e2b06736b477b7a924f60de14a7e329d82d6f4f,2009-08-09 01:09:17.137327,2009-08-09 01:14:12.315087,2009-08-09 01:10:23.369557,,2009-08-09 01:14:12.315087,2009-08-09 01:10:07.917403,,
00d89600408c6cf6d16fd23e20fca2f86fbc2c97,3674b4d292131698ba6c946dda67a8fd8b63f12a,CAD,Executed,v3,,,64c370a753b1db282770cdbf2aba5434a3185b3d,vertical 2,type 8,8.86,9e2b06736b477b7a924f60de14a7e329d82d6f4f,2010-01-10 05:12:59.673325,2010-01-10 05:13:50.950000,2010-01-10 05:13:06.304930,2010-01-10 05:13:50.950000,,2010-01-10 05:13:00.276325,2010-01-10 05:13:49.908967,2010-01-10 05:13:50.950000
822a8fb902c1634792dff0ff9cbcebfcf5950772,660054a4565377c6e43ff7709abf56d8494ba604,CAD,Executed,v3,,,5300313e698b5062bfe820f7efc7571699b4bb4c,vertical 2,type 8,5.3,9e2b06736b477b7a924f60de14a7e329d82d6f4f,2008-12-13 14:24:12.382307,2008-12-13 14:24:59.348280,2008-12-13 14:24:18.851678,2008-12-13 14:24:59.348280,,2008-12-13 14:24:13.881301,2008-12-13 14:24:56.004188,
bf66c61b33d3fc04bd3c1796a5137453f073e31f,6cd7d8d37b110668afdca42fc0e1d366b322783e,CAD,Executed,v3,,,5300313e698b5062bfe820f7efc7571699b4bb4c,vertical 2,type 8,4.5,9e2b06736b477b7a924f60de14a7e329d82d6f4f,2009-11-14 18:14:43.892453,2009-11-14 18:16:11.540779,2009-11-14 18:14:48.865372,2009-11-14 18:16:11.540779,,2009-11-14 18:14:45.330359,2009-11-14 18:16:09.725837,
509f2b6862498b9a2061f6e8767c379f8733c583,30f7c597c23522d4038935c6491bb91e74647c22,USD,Executed,v3,,,6b9aa19c38a47a7d809eb3203685aaf80e25e9d6,vertical 2,type 1,2.0,f69ad584c025f9b756ce1e8c70de3a33aef50b32,2010-01-13 13:23:36.951531,2010-01-13 13:25:38.000000,2010-01-13 13:23:47.078642,2010-01-13 13:25:38.000000,,2010-01-13 13:23:39.959270,2010-01-13 13:25:38.000000,2010-01-13 13:25:38.000000
541db9ec2304c77efb9732cc44a5052b4135134c,7793607afc91c55351f23d75015223501cd65cd2,USD,failed,v3,not_authorized,initiated,6b9aa19c38a47a7d809eb3203685aaf80e25e9d6,vertical 2,type 1,80.0,f69ad584c025f9b756ce1e8c70de3a33aef50b32,2009-11-15 05:23:09.392418,2009-11-15 05:26:51.968808,2009-11-15 05:23:15.902285,,2009-11-15 05:26:51.968808,2009-11-15 05:23:13.221532,,
22c41e4c5d3407512af8cabedfc90ca3de922ced,4d762ce64874cd49be593313e92a1e61cf74417e,CAD,failed,v3,provider_rejected,authorized,d292da2283043c07accb1086a004caaf05472d44,vertical 5,type 8,6.0,9e2b06736b477b7a924f60de14a7e329d82d6f4f,2009-10-01 15:31:24.933486,2009-10-01 15:32:34.016415,2009-10-01 15:31:32.421600,,2009-10-01 15:32:34.016415,2009-10-01 15:31:27.974101,2009-10-01 15:32:33.564912,
4a7ba472009391ec5d22fbba0dcfd245d65bb259,e8085010136a26d0ebc200ac0751b1d9d673a764,CAD,Executed,v3,,,d292da2283043c07accb1086a004caaf05472d44,vertical 5,type 8,1.5,9e2b06736b477b7a924f60de14a7e329d82d6f4f,2009-09-11 00:01:10.573685,2009-09-11 00:01:48.708842,2009-09-11 00:01:18.951029,2009-09-11 00:01:48.708842,,2009-09-11 00:01:14.594073,2009-09-11 00:01:44.508954,2009-09-11 00:01:48.708842
5eded79fa5b89e6755f84ddfbeac295018a95a1d,6cd7d8d37b110668afdca42fc0e1d366b322783e,CAD,Executed,v3,,,d292da2283043c07accb1086a004caaf05472d44,vertical 5,type 8,3.0,9e2b06736b477b7a924f60de14a7e329d82d6f4f,2010-01-23 12:48:26.400208,2010-01-23 12:49:10.262253,2010-01-23 12:48:34.783943,2010-01-23 12:49:10.262253,,2010-01-23 12:48:30.740519,2010-01-23 12:49:08.855024,2010-01-23 12:49:09.937000
dff604c264a1a149b162fdfb3488bfb804a355ce,e8085010136a26d0ebc200ac0751b1d9d673a764,CAD,Executed,v3,,,d292da2283043c07accb1086a004caaf05472d44,vertical 5,type 8,9.8,9e2b06736b477b7a924f60de14a7e329d82d6f4f,2009-10-29 14:40:58.913292,2009-10-29 14:41:32.838347,2009-10-29 14:41:04.504789,2009-10-29 14:41:29.704647,,2009-10-29 14:41:01.028324,2009-10-29 14:41:25.643548,2009-10-29 14:41:32.838347
b1ee035d9beba6614d4151b3aa364d6df978f0ee,6cd7d8d37b110668afdca42fc0e1d366b322783e,CAD,Executed,v3,,,d292da2283043c07accb1086a004caaf05472d44,vertical 5,type 8,1.0,9e2b06736b477b7a924f60de14a7e329d82d6f4f,2009-04-01 00:19:06.923679,2009-04-01 00:19:40.634262,2009-04-01 00:19:12.510226,2009-04-01 00:19:40.634262,,2009-04-01 00:19:09.179569,2009-04-01 00:19:38.661504,2009-04-01 00:19:40.634262
5faddcbe29d2e8e6ede7f79a046ad0b7164220cd,4d762ce64874cd49be593313e92a1e61cf74417e,CAD,Executed,v3,,,d292da2283043c07accb1086a004caaf05472d44,vertical 5,type 8,1.0,9e2b06736b477b7a924f60de14a7e329d82d6f4f,2009-06-26 17:28:36.843152,2009-06-26 17:29:34.479165,2009-06-26 17:28:46.770638,2009-06-26 17:29:33.769723,,2009-06-26 17:28:40.254554,2009-06-26 17:29:33.754499,2009-06-26 17:29:34.479165
62fa2081d36bb7319faa64a58200ce623a88404d,4d762ce64874cd49be593313e92a1e61cf74417e,CAD,Executed,v3,,,d292da2283043c07accb1086a004caaf05472d44,vertical 5,type 8,1.0,9e2b06736b477b7a924f60de14a7e329d82d6f4f,2009-04-18 10:20:13.029837,2009-04-18 10:20:46.659372,2009-04-18 10:20:20.834659,2009-04-18 10:20:46.051839,,2009-04-18 10:20:15.575321,2009-04-18 10:20:46.049374,2009-04-18 10:20:46.659372
75367c16dcba43c8e2448562710113c8bcb211d1,6926610db1dfc17aca46a6f67789d7d6c24a7185,CAD,Executed,v3,,,d292da2283043c07accb1086a004caaf05472d44,vertical 5,type 8,1.0,9e2b06736b477b7a924f60de14a7e329d82d6f4f,2008-11-28 23:12:01.128017,2008-11-28 23:12:31.875643,2008-11-28 23:12:09.104640,2008-11-28 23:12:30.887308,,2008-11-28 23:12:05.590872,2008-11-28 23:12:30.886283,2008-11-28 23:12:31.875643
925ca1d00dfce04cd4a75dff1a16567f7f7e019b,0090e57640ed78b0c16ac4606a6773769545bb17,CAD,Executed,v3,,,d292da2283043c07accb1086a004caaf05472d44,vertical 5,type 8,1.0,9e2b06736b477b7a924f60de14a7e329d82d6f4f,2009-07-24 17:40:22.191721,2009-07-24 17:40:59.534931,2009-07-24 17:40:28.491319,2009-07-24 17:40:59.534931,,2009-07-24 17:40:24.688454,2009-07-24 17:40:58.275796,2009-07-24 17:40:59.534931
7bb9721cdfc77f5ed870bfbb6d192a3ac3a5121a,b5ab8f51d35b64af079485e5bbbc335213f3a0ae,CAD,Executed,v3,,,d292da2283043c07accb1086a004caaf05472d44,vertical 5,type 8,10.0,9e2b06736b477b7a924f60de14a7e329d82d6f4f,2009-11-22 18:49:38.478799,2009-11-22 18:50:01.910000,2009-11-22 18:49:43.909689,2009-11-22 18:50:01.609574,,2009-11-22 18:49:41.138492,2009-11-22 18:49:59.805497,2009-11-22 18:50:01.910000
ed546164dda917930cd0cc45a44058ca043c44c2,6cd7d8d37b110668afdca42fc0e1d366b322783e,CAD,Executed,v3,,,d292da2283043c07accb1086a004caaf05472d44,vertical 5,type 8,4.0,9e2b06736b477b7a924f60de14a7e329d82d6f4f,2009-11-28 08:41:50.541320,2009-11-28 08:42:32.225422,2009-11-28 08:41:57.958778,2009-11-28 08:42:32.225422,,2009-11-28 08:41:53.882687,2009-11-28 08:42:30.600230,2009-11-28 08:42:31.943000
fa533b0e3bdb0e23ad48e454f33d2b8dae916df7,fa485aff3f9e34d55d25f78856d4a2526a5f8e6f,CAD,Executed,v3,,,bdb4a4c12e84cf47100355e313846e5b40137f8d,vertical 2,type 8,0.1,9e2b06736b477b7a924f60de14a7e329d82d6f4f,2009-07-29 10:34:25.150500,2009-07-29 10:34:40.222881,2009-07-29 10:34:28.788869,2009-07-29 10:34:40.222881,,2009-07-29 10:34:25.705082,2009-07-29 10:34:37.714169,2009-07-29 10:34:40.222881
58e8ad49574a1056e3f1fdf892e4fa1a0688a7be,e3ba0f7b4b8f6907071e8e1916f34633a5a3dfd2,USD,Executed,v2,,,5fa03c0259fe9d6d7763bf34ab2812da2a9ee930,vertical 2,,120.0,beb7a78398a040dadb3da1ba0474ba3899285e46,2008-12-14 14:22:55.484823,2008-12-14 14:24:20.528855,,2008-12-14 14:24:20.528855,,,,
3876093cec470fd3932a8bf0168265e0c734b27c,74560d9695b8ddb4d33df114c9ad1ac35a67ef4e,USD,Cancelled,v2,,,5fa03c0259fe9d6d7763bf34ab2812da2a9ee930,vertical 2,,5.0,a68db3fc75fd72a12bb2ad1442ff9927bd04139d,2007-11-02 01:41:22.099859,2007-11-02 01:42:12.907188,,,,,,
fd7a9d8f1798db70056d98a6a46fcb4fc0609972,8216651c8989eb69415e6fd793175c69351debc5,USD,Executed,v3,,,6b9aa19c38a47a7d809eb3203685aaf80e25e9d6,vertical 2,type 1,15.0,f69ad584c025f9b756ce1e8c70de3a33aef50b32,2010-02-06 07:25:14.561838,2010-02-06 07:27:00.000000,2010-02-06 07:26:24.916347,2010-02-06 07:27:00.000000,,2010-02-06 07:25:18.991575,2010-02-06 07:26:59.390291,2010-02-06 07:27:00.000000
17b866c940421a2dfead3ab578708aceb0cff548,0c13594466c8f4c9996801c4cc3f822975978c2d,USD,failed,v3,insufficient_funds,initiated,6b9aa19c38a47a7d809eb3203685aaf80e25e9d6,vertical 2,type 3,0.1,f69ad584c025f9b756ce1e8c70de3a33aef50b32,2009-09-10 18:19:07.241037,2009-09-10 18:19:42.998867,2009-09-10 18:19:22.588176,,2009-09-10 18:19:42.998867,2009-09-10 18:19:20.723786,,
ca112a22ed8f22d9340a6ae9c6631fa281d7e256,30f7c597c23522d4038935c6491bb91e74647c22,USD,Executed,v3,,,6b9aa19c38a47a7d809eb3203685aaf80e25e9d6,vertical 2,type 1,0.9,f69ad584c025f9b756ce1e8c70de3a33aef50b32,2010-01-07 20:06:19.998482,2010-01-07 20:06:53.000000,2010-01-07 20:06:29.134749,2010-01-07 20:06:53.000000,,2010-01-07 20:06:23.266507,2010-01-07 20:06:53.000000,2010-01-07 20:06:53.000000
e73b2e403519fe24b8b53158dc201da2d966588b,8216651c8989eb69415e6fd793175c69351debc5,USD,Executed,v3,,,6b9aa19c38a47a7d809eb3203685aaf80e25e9d6,vertical 2,type 1,2.0,f69ad584c025f9b756ce1e8c70de3a33aef50b32,2010-01-30 21:44:03.477386,2010-01-30 21:45:05.000000,2010-01-30 21:44:28.244248,2010-01-30 21:45:05.000000,,2010-01-30 21:44:07.806067,2010-01-30 21:45:03.773565,2010-01-30 21:45:05.000000
d3b6f301886b2872e9559edb13cd8b3fc9eafe1c,4475c4563dba7a36e7d141ff4c42d5b696817201,USD,failed,v3,provider_rejected,authorized,6b9aa19c38a47a7d809eb3203685aaf80e25e9d6,vertical 2,type 1,0.5,f69ad584c025f9b756ce1e8c70de3a33aef50b32,2009-08-07 04:35:33.385870,2009-08-07 04:49:37.826285,2009-08-07 04:36:15.765351,,2009-08-07 04:49:37.826285,2009-08-07 04:35:47.350853,2009-08-07 04:49:37.816887,
5fd01f0813b2c97b94d65d0e438ea4e4b90caacb,603364a15bf8abd4b8a2f7d46e6934c397ced244,USD,failed,v3,provider_rejected,authorized,6b9aa19c38a47a7d809eb3203685aaf80e25e9d6,vertical 2,type 1,100.0,f69ad584c025f9b756ce1e8c70de3a33aef50b32,2009-10-01 07:59:26.172552,2009-10-01 08:59:45.883958,2009-10-01 07:59:34.478689,,2009-10-01 08:59:45.883958,2009-10-01 07:59:29.006401,2009-10-01 08:59:45.881500,
8662ad754993d19bd29da3450e2a644eed548ded,b5ab8f51d35b64af079485e5bbbc335213f3a0ae,CAD,Executed,v3,,,5300313e698b5062bfe820f7efc7571699b4bb4c,vertical 2,type 8,11.0,9e2b06736b477b7a924f60de14a7e329d82d6f4f,2009-07-15 11:04:46.066587,2009-07-15 11:05:28.019882,2009-07-15 11:04:56.986455,2009-07-15 11:05:28.019882,,2009-07-15 11:04:50.494725,2009-07-15 11:05:25.953991,
c27d753bfea08212161c341fdafd595f7571195c,8b408eb9070e2b1dbb590cd7ffe0f467b490a66a,USD,Executed,v3,,,6b9aa19c38a47a7d809eb3203685aaf80e25e9d6,vertical 2,type 1,1.0,f69ad584c025f9b756ce1e8c70de3a33aef50b32,2009-10-07 15:08:20.892982,2009-10-07 15:09:44.375892,2009-10-07 15:08:52.889133,2009-10-07 15:09:44.375892,,2009-10-07 15:08:24.574222,2009-10-07 15:09:40.340075,2009-10-07 15:09:44.375892
368b555de5516a337a94456c44bc9709acf4a22b,4475c4563dba7a36e7d141ff4c42d5b696817201,USD,Executed,v3,,,6b9aa19c38a47a7d809eb3203685aaf80e25e9d6,vertical 2,type 1,160.0,f69ad584c025f9b756ce1e8c70de3a33aef50b32,2009-08-29 14:20:21.391576,2009-08-29 14:21:30.900647,2009-08-29 14:20:33.729219,2009-08-29 14:21:30.900647,,2009-08-29 14:20:24.845903,2009-08-29 14:21:30.900647,2009-08-29 14:21:30.900647
e6cb90115bf40f23870140c727df037ac861f00c,7793607afc91c55351f23d75015223501cd65cd2,USD,failed,v3,provider_expired,initiated,6b9aa19c38a47a7d809eb3203685aaf80e25e9d6,vertical 2,type 1,5.0,f69ad584c025f9b756ce1e8c70de3a33aef50b32,2009-11-02 18:20:37.100698,2009-11-03 14:26:17.411679,2009-11-02 18:20:45.398779,,2009-11-03 14:26:17.411679,2009-11-02 18:20:42.503518,,
edc361710d8a6d5d558ecc1f324f44cb2fbc2479,98951360efa5454bb739e4af11bc9c6211b1de07,USD,initiated,v3,,,4d77a245c5a8140938c1e61a95107f4b89a103ef,vertical 5,type 2,2.0,a68db3fc75fd72a12bb2ad1442ff9927bd04139d,2009-11-28 04:38:12.496846,2009-11-28 04:38:23.884672,2009-11-28 04:38:23.884672,,,2009-11-28 04:38:17.773952,,
752203b1efed36d74b936b59132c8d3f55a57413,36ebb789f8016ca4e1348b28ea126b944b8ff4a4,USD,failed,v3,provider_rejected,authorized,4d77a245c5a8140938c1e61a95107f4b89a103ef,vertical 5,type 2,1.0,a68db3fc75fd72a12bb2ad1442ff9927bd04139d,2009-11-11 02:24:30.281668,2009-11-11 02:25:53.415423,2009-11-11 02:24:38.815392,,2009-11-11 02:25:53.415423,2009-11-11 02:24:33.941448,2009-11-11 02:25:53.368707,
8d953d90a56beecaf0de124bd93dfcd098d79742,83ea4c6fc55750d2bfec35f495048cfdcc9260d6,USD,Executed,v3,provider_rejected,authorized,4d77a245c5a8140938c1e61a95107f4b89a103ef,vertical 5,type 2,10.0,a68db3fc75fd72a12bb2ad1442ff9927bd04139d,2009-10-25 04:14:31.689109,2009-10-28 07:50:51.168075,2009-10-25 04:14:54.728005,2009-10-28 07:50:51.168075,2009-10-25 04:15:16.803567,2009-10-25 04:14:35.130179,2009-10-25 04:15:15.858877,2009-10-28 07:50:51.168075
837c998fb1e2a2a830f0db91fdeb7bba2bff5764,98951360efa5454bb739e4af11bc9c6211b1de07,USD,Executed,v3,,,4d77a245c5a8140938c1e61a95107f4b89a103ef,vertical 5,type 2,10.0,a68db3fc75fd72a12bb2ad1442ff9927bd04139d,2009-11-08 23:15:51.410716,2009-11-11 01:00:25.000000,2009-11-08 23:16:01.277496,2009-11-08 23:17:00.321335,,2009-11-08 23:15:53.651694,2009-11-08 23:16:29.680401,2009-11-11 01:00:25.000000
10e179c6a2fceff28e6dcb176fafe4e9fa5df9e5,2223af6513f60a4fb51d21fba3c80c3283c3f32c,USD,initiated,v3,,,4d77a245c5a8140938c1e61a95107f4b89a103ef,vertical 5,type 2,1.5,a68db3fc75fd72a12bb2ad1442ff9927bd04139d,2009-10-25 17:36:14.722378,2009-10-25 17:37:17.389904,2009-10-25 17:37:17.389904,,,2009-10-25 17:36:18.795730,,
ac2508599247ff702a8bfdb59f6d008999a2f03b,36ebb789f8016ca4e1348b28ea126b944b8ff4a4,USD,initiated,v3,,,4d77a245c5a8140938c1e61a95107f4b89a103ef,vertical 5,type 2,5.0,a68db3fc75fd72a12bb2ad1442ff9927bd04139d,2009-11-18 23:37:53.225376,2009-11-18 23:38:09.097204,2009-11-18 23:38:09.097204,,,2009-11-18 23:37:56.068360,,
78a427c41f943d26012ab89a6911605ab1294d29,e8085010136a26d0ebc200ac0751b1d9d673a764,CAD,Executed,v3,,,64c370a753b1db282770cdbf2aba5434a3185b3d,vertical 2,type 8,5.0,9e2b06736b477b7a924f60de14a7e329d82d6f4f,2009-10-02 14:00:42.427886,2009-10-02 14:01:17.749000,2009-10-02 14:00:49.731321,2009-10-02 14:01:16.176502,,2009-10-02 14:00:43.822240,2009-10-02 14:01:12.322710,2009-10-02 14:01:17.749000
48ad43648a1bbe5a01069e9f0476993f8227640a,6cd7d8d37b110668afdca42fc0e1d366b322783e,CAD,Executed,v3,,,64c370a753b1db282770cdbf2aba5434a3185b3d,vertical 2,type 8,1.99,9e2b06736b477b7a924f60de14a7e329d82d6f4f,2009-09-23 09:21:58.068952,2009-09-23 09:22:29.459143,2009-09-23 09:22:03.728293,2009-09-23 09:22:27.054660,,2009-09-23 09:21:59.148520,2009-09-23 09:22:25.560895,2009-09-23 09:22:29.459143
2f0cf6d4454e921bf1eeccc2e86f7e772fd8d9a0,0090e57640ed78b0c16ac4606a6773769545bb17,CAD,Executed,v3,,,0e6470540c439c8a8258849bbe898b284bbcf94f,vertical 1,type 8,0.1,9e2b06736b477b7a924f60de14a7e329d82d6f4f,2008-05-20 14:36:35.160078,2008-05-20 14:49:55.306576,2008-05-20 14:48:32.337848,2008-05-20 14:49:55.306576,,2008-05-20 14:36:36.195607,2008-05-20 14:49:51.516191,
e1f1c336e9a467d2ce746455bb086b03ee7ec66e,732fe9ec017e56462f6b5e3ccc8bbb957f64268e,USD,failed,v3,expired,authorizing,0e6470540c439c8a8258849bbe898b284bbcf94f,vertical 1,type 2,1.6,9e2b06736b477b7a924f60de14a7e329d82d6f4f,2008-02-04 01:28:51.606324,2008-02-04 01:43:51.665924,,,2008-02-04 01:43:51.665924,2008-02-04 01:28:51.606324,,
563cde566b1ba756d5907b3679906324a27c7e92,b5ab8f51d35b64af079485e5bbbc335213f3a0ae,CAD,failed,v3,expired,initiated,64c370a753b1db282770cdbf2aba5434a3185b3d,vertical 2,type 8,50.0,9e2b06736b477b7a924f60de14a7e329d82d6f4f,2009-08-29 11:36:46.550072,2009-08-29 11:51:46.703370,2009-08-29 11:36:52.877404,,2009-08-29 11:51:46.703370,2009-08-29 11:36:46.993690,,
c4031d7bc019add23725937782b46f14dd1ec28d,b5ab8f51d35b64af079485e5bbbc335213f3a0ae,CAD,Executed,v3,,,64c370a753b1db282770cdbf2aba5434a3185b3d,vertical 2,type 8,4.89,9e2b06736b477b7a924f60de14a7e329d82d6f4f,2009-11-15 19:22:41.173633,2009-11-15 19:23:18.493000,2009-11-15 19:22:46.567630,2009-11-15 19:23:16.263027,,2009-11-15 19:22:41.712212,2009-11-15 19:23:14.601147,2009-11-15 19:23:18.493000
1a05299d0bf49168c5ea541f8c6affcbcd5fef69,6cd7d8d37b110668afdca42fc0e1d366b322783e,CAD,Executed,v3,,,64c370a753b1db282770cdbf2aba5434a3185b3d,vertical 2,type 8,3.52,9e2b06736b477b7a924f60de14a7e329d82d6f4f,2009-09-24 18:12:45.262285,2009-09-24 18:13:19.284298,2009-09-24 18:12:49.845541,2009-09-24 18:13:19.284298,,2009-09-24 18:12:45.795792,2009-09-24 18:13:17.601675,2009-09-24 18:13:19.284298
18d6af0f183c7e0e400b276075e8d11adf67260d,3674b4d292131698ba6c946dda67a8fd8b63f12a,CAD,Executed,v3,,,64c370a753b1db282770cdbf2aba5434a3185b3d,vertical 2,type 8,3.28,9e2b06736b477b7a924f60de14a7e329d82d6f4f,2009-09-25 13:06:49.465266,2009-09-25 13:07:27.433672,2009-09-25 13:07:03.087604,2009-09-25 13:07:27.433672,,2009-09-25 13:06:50.583037,2009-09-25 13:07:25.903364,2009-09-25 13:07:27.433672
57c7fb829be10f6698f4772728a4a08956dfc221,34a0061ba48d1c2810cd930dd69d42482ca92d85,CAD,failed,v3,not_authorized,initiated,64c370a753b1db282770cdbf2aba5434a3185b3d,vertical 2,type 8,7.5,9e2b06736b477b7a924f60de14a7e329d82d6f4f,2009-10-28 16:31:51.930929,2009-10-28 16:34:00.258050,2009-10-28 16:32:01.826130,,2009-10-28 16:34:00.258050,2009-10-28 16:31:52.234400,,
8d449f892bfb912ca35632d8177e3e10f5a0763f,6cd7d8d37b110668afdca42fc0e1d366b322783e,CAD,Executed,v3,,,d292da2283043c07accb1086a004caaf05472d44,vertical 5,type 8,2.5,9e2b06736b477b7a924f60de14a7e329d82d6f4f,2009-07-27 17:11:35.307643,2009-07-27 17:12:31.230946,2009-07-27 17:11:51.789639,2009-07-27 17:12:29.715644,,2009-07-27 17:11:39.339874,2009-07-27 17:12:27.557649,2009-07-27 17:12:31.230946
7ac7f60f0713c91943fb9888b78934a08e8cdd02,6926610db1dfc17aca46a6f67789d7d6c24a7185,CAD,Executed,v3,,,d292da2283043c07accb1086a004caaf05472d44,vertical 5,type 8,4.0,9e2b06736b477b7a924f60de14a7e329d82d6f4f,2009-06-10 22:55:35.086555,2009-06-10 22:56:33.423007,2009-06-10 22:55:44.520788,2009-06-10 22:56:33.423007,,2009-06-10 22:55:40.588092,2009-06-10 22:56:31.535603,2009-06-10 22:56:33.423007
69c7a5fe07df20314430fa9473f2e85125d76416,e8085010136a26d0ebc200ac0751b1d9d673a764,CAD,Executed,v3,,,d292da2283043c07accb1086a004caaf05472d44,vertical 5,type 8,3.0,9e2b06736b477b7a924f60de14a7e329d82d6f4f,2009-02-17 14:08:08.075575,2009-02-17 14:08:38.229364,2009-02-17 14:08:14.908025,2009-02-17 14:08:38.229364,,2009-02-17 14:08:11.575558,2009-02-17 14:08:34.247690,2009-02-17 14:08:38.229364
f3e0f2c2e5d6b3d4a86acb464c8537e60fda9c0a,6cd7d8d37b110668afdca42fc0e1d366b322783e,CAD,Executed,v3,,,d292da2283043c07accb1086a004caaf05472d44,vertical 5,type 8,3.0,9e2b06736b477b7a924f60de14a7e329d82d6f4f,2008-11-30 13:10:47.707786,2008-11-30 13:11:32.789377,2008-11-30 13:10:58.673567,2008-11-30 13:11:32.789377,,2008-11-30 13:10:54.353664,2008-11-30 13:11:32.025509,2008-11-30 13:11:32.789377
65be733bc809cb7e889d16f6b60347e67cb517c4,b5ab8f51d35b64af079485e5bbbc335213f3a0ae,CAD,Executed,v3,,,d292da2283043c07accb1086a004caaf05472d44,vertical 5,type 8,7.0,9e2b06736b477b7a924f60de14a7e329d82d6f4f,2008-11-20 11:50:30.649587,2008-11-20 11:51:04.346718,2008-11-20 11:50:37.334977,2008-11-20 11:51:04.346718,,2008-11-20 11:50:33.151482,2008-11-20 11:51:02.083091,2008-11-20 11:51:04.346718
f45d7a330bce48db13700defb085379d844f67c9,b7308502f039e303a048625c725d4aea3380c2ac,CAD,Executed,v3,,,d292da2283043c07accb1086a004caaf05472d44,vertical 5,type 8,1.0,9e2b06736b477b7a924f60de14a7e329d82d6f4f,2009-01-04 21:29:03.918882,2009-01-04 21:31:33.649767,2009-01-04 21:29:10.924504,2009-01-04 21:31:33.649767,,2009-01-04 21:29:07.915729,2009-01-04 21:31:31.431143,2009-01-04 21:31:33.649767
00c10c0604ba54812e75b4e4e372f26cd24c9a49,b7308502f039e303a048625c725d4aea3380c2ac,CAD,Executed,v3,,,d292da2283043c07accb1086a004caaf05472d44,vertical 5,type 8,7.5,9e2b06736b477b7a924f60de14a7e329d82d6f4f,2008-12-07 02:54:05.526033,2008-12-07 02:54:42.980153,2008-12-07 02:54:17.379222,2008-12-07 02:54:42.899778,,2008-12-07 02:54:11.253392,2008-12-07 02:54:40.173016,2008-12-07 02:54:42.980153
28b0a6e3267e21db8cc3efa9b33fef12ec79f645,6cd7d8d37b110668afdca42fc0e1d366b322783e,CAD,Executed,v3,,,d292da2283043c07accb1086a004caaf05472d44,vertical 5,type 8,5.0,9e2b06736b477b7a924f60de14a7e329d82d6f4f,2009-07-18 18:36:10.532621,2009-07-18 18:37:31.808009,2009-07-18 18:36:20.832487,2009-07-18 18:37:31.808009,,2009-07-18 18:36:15.046747,2009-07-18 18:37:29.884092,2009-07-18 18:37:31.808009
cbfcdd56188e654e4cd786e7485eafd7e7b72210,0090e57640ed78b0c16ac4606a6773769545bb17,CAD,Executed,v3,,,d292da2283043c07accb1086a004caaf05472d44,vertical 5,type 8,1.0,9e2b06736b477b7a924f60de14a7e329d82d6f4f,2009-11-21 18:45:17.737354,2009-11-21 18:45:57.943000,2009-11-21 18:45:26.485184,2009-11-21 18:45:57.943000,,2009-11-21 18:45:22.077877,2009-11-21 18:45:57.063078,2009-11-21 18:45:57.943000
8abfb6ea3697bcd87d7cb4c98e2cfc1bfe834756,b5ab8f51d35b64af079485e5bbbc335213f3a0ae,CAD,failed,v3,not_authorized,initiated,d292da2283043c07accb1086a004caaf05472d44,vertical 5,type 8,6.6,9e2b06736b477b7a924f60de14a7e329d82d6f4f,2010-01-01 18:14:50.030030,2010-01-01 18:21:30.505132,2010-01-01 18:15:15.494307,,2010-01-01 18:21:30.505132,2010-01-01 18:15:00.204717,,
daf446c2724394bdb0e1ecf74980dac81f57b464,b5ab8f51d35b64af079485e5bbbc335213f3a0ae,CAD,Executed,v3,,,64c370a753b1db282770cdbf2aba5434a3185b3d,vertical 2,type 8,3.3,9e2b06736b477b7a924f60de14a7e329d82d6f4f,2009-12-15 08:38:03.435650,2009-12-15 08:38:40.753000,2009-12-15 08:38:11.641207,2009-12-15 08:38:40.750867,,2009-12-15 08:38:06.844859,2009-12-15 08:38:39.016339,2009-12-15 08:38:40.753000
10df6a6aa367e2e4238d3460ceb10c9ec69b4637,b7308502f039e303a048625c725d4aea3380c2ac,CAD,Executed,v3,,,64c370a753b1db282770cdbf2aba5434a3185b3d,vertical 2,type 8,12.59,9e2b06736b477b7a924f60de14a7e329d82d6f4f,2009-10-04 20:02:19.018562,2009-10-04 20:02:37.664307,2009-10-04 20:02:25.220698,2009-10-04 20:02:37.664307,,2009-10-04 20:02:19.947225,2009-10-04 20:02:36.042695,2009-10-04 20:02:37.664307
284fd4a38897251bc1f8ebc557a0951a3509cd45,660054a4565377c6e43ff7709abf56d8494ba604,CAD,failed,v3,expired,initiated,5300313e698b5062bfe820f7efc7571699b4bb4c,vertical 2,type 8,3.0,9e2b06736b477b7a924f60de14a7e329d82d6f4f,2009-12-12 20:49:25.872835,2009-12-12 21:04:25.974325,2009-12-12 20:49:30.252852,,2009-12-12 21:04:25.974325,2009-12-12 20:49:27.277632,,
cfabf915c8136a6a28e2cbcd33ebe979b3275cc3,6cd7d8d37b110668afdca42fc0e1d366b322783e,CAD,failed,v3,expired,initiated,5300313e698b5062bfe820f7efc7571699b4bb4c,vertical 2,type 8,4.0,9e2b06736b477b7a924f60de14a7e329d82d6f4f,2009-11-02 16:57:58.196182,2009-11-02 17:12:58.284153,2009-11-02 16:58:50.847431,,2009-11-02 17:12:58.284153,2009-11-02 16:58:05.908564,,
0abfb66dcf4794edc1343988ab55786771bff7f9,6cd7d8d37b110668afdca42fc0e1d366b322783e,CAD,Executed,v3,,,64c370a753b1db282770cdbf2aba5434a3185b3d,vertical 2,type 8,5.0,9e2b06736b477b7a924f60de14a7e329d82d6f4f,2010-01-03 00:06:06.391702,2010-01-03 00:07:12.985556,2010-01-03 00:06:22.499608,2010-01-03 00:07:12.985556,,2010-01-03 00:06:13.637157,2010-01-03 00:07:11.227464,2010-01-03 00:07:12.680000
9c460019914d3b776e09f0dad5651cede5d51889,49955679a5cf41c0679b6b3cda8951cbe2301ce5,USD,initiated,v3,,,5300313e698b5062bfe820f7efc7571699b4bb4c,vertical 2,type 6,30.0,6cdea52ce51f6e135c958a0e37b24c58f571b638,2008-12-06 06:20:58.427312,2008-12-06 06:21:04.911798,2008-12-06 06:21:04.911798,,,2008-12-06 06:20:59.948130,,
e7802d6bdba194f7c0a4feeeb7704b060786300d,6cd7d8d37b110668afdca42fc0e1d366b322783e,CAD,failed,v3,not_authorized,initiated,64c370a753b1db282770cdbf2aba5434a3185b3d,vertical 2,type 8,33.33,9e2b06736b477b7a924f60de14a7e329d82d6f4f,2009-09-21 18:15:32.797946,2009-09-21 18:16:33.597423,2009-09-21 18:15:38.371330,,2009-09-21 18:16:33.597423,2009-09-21 18:15:33.930855,,
e2d9392b93158dba97679899deabab0172c319c5,6cd7d8d37b110668afdca42fc0e1d366b322783e,CAD,Executed,v3,,,64c370a753b1db282770cdbf2aba5434a3185b3d,vertical 2,type 8,6.0,9e2b06736b477b7a924f60de14a7e329d82d6f4f,2009-10-11 11:53:37.534410,2009-10-11 11:54:10.457986,2009-10-11 11:53:42.719777,2009-10-11 11:54:09.609602,,2009-10-11 11:53:38.617851,2009-10-11 11:54:08.084194,2009-10-11 11:54:10.457986
f3ac467f33d4a6d441e6bbd174ebb7569f9eb9d4,6926610db1dfc17aca46a6f67789d7d6c24a7185,CAD,Executed,v3,,,5300313e698b5062bfe820f7efc7571699b4bb4c,vertical 2,type 8,10.6,9e2b06736b477b7a924f60de14a7e329d82d6f4f,2009-02-08 22:36:03.966914,2009-02-08 22:37:47.809790,2009-02-08 22:36:20.054338,2009-02-08 22:37:47.809790,,2009-02-08 22:36:09.222820,2009-02-08 22:37:47.041927,
a223789ab0a150782c93b2caa0ea64f8afea66c7,e8085010136a26d0ebc200ac0751b1d9d673a764,CAD,Executed,v3,,,f66f2f438fc87dd7deff8e022a67cc5d71aa6968,vertical 2,type 8,10.0,9e2b06736b477b7a924f60de14a7e329d82d6f4f,2009-07-22 08:16:18.641990,2009-07-22 08:17:07.814291,2009-07-22 08:16:32.530366,2009-07-22 08:17:07.814291,,2009-07-22 08:16:19.298956,2009-07-22 08:17:05.016323,2009-07-22 08:17:07.814291
243bb107a984f80ba79df55d6420d1eea076a764,fa485aff3f9e34d55d25f78856d4a2526a5f8e6f,CAD,Executed,v3,,,f66f2f438fc87dd7deff8e022a67cc5d71aa6968,vertical 2,type 8,0.18,9e2b06736b477b7a924f60de14a7e329d82d6f4f,2009-08-29 07:33:29.617173,2009-08-29 07:33:45.811442,2009-08-29 07:33:34.418034,2009-08-29 07:33:45.811442,,2009-08-29 07:33:30.512206,2009-08-29 07:33:43.276270,2009-08-29 07:33:45.811442
f80a8b77a5d106a0bf48c6189e2f3191c92a3502,fa485aff3f9e34d55d25f78856d4a2526a5f8e6f,CAD,Executed,v3,,,1911acfcfdc29f5349706da6c1494009e7125da0,vertical 5,type 8,1.0,9e2b06736b477b7a924f60de14a7e329d82d6f4f,2010-01-29 11:31:45.716227,2010-01-29 11:32:01.337000,2010-01-29 11:31:48.667862,2010-01-29 11:32:01.337000,,2010-01-29 11:31:47.146110,2010-01-29 11:31:59.328227,2010-01-29 11:32:01.337000
0f7e26137bd643dc55b003e30e929c3ae00a9fe3,660054a4565377c6e43ff7709abf56d8494ba604,CAD,Executed,v3,,,1911acfcfdc29f5349706da6c1494009e7125da0,vertical 5,type 8,1.0,9e2b06736b477b7a924f60de14a7e329d82d6f4f,2010-01-26 17:44:10.608640,2010-01-26 17:44:42.713000,2010-01-26 17:44:15.035762,2010-01-26 17:44:42.713000,,2010-01-26 17:44:13.228521,2010-01-26 17:44:39.965198,2010-01-26 17:44:42.713000
1b4b22da64bbef44d1b632b507c85d2c874b7cd4,660054a4565377c6e43ff7709abf56d8494ba604,CAD,Executed,v3,,,1911acfcfdc29f5349706da6c1494009e7125da0,vertical 5,type 8,3.0,9e2b06736b477b7a924f60de14a7e329d82d6f4f,2010-01-30 12:22:28.452419,2010-01-30 12:22:51.283000,2010-01-30 12:22:31.790597,2010-01-30 12:22:51.283000,,2010-01-30 12:22:30.095265,2010-01-30 12:22:49.781494,2010-01-30 12:22:51.283000
519b8fc1003e52dd37f800370bf2d5c5c0e01e7d,21b955e418f741b067688bc141261d7cd8d59973,CAD,Executed,v3,,,1911acfcfdc29f5349706da6c1494009e7125da0,vertical 5,type 8,1.0,9e2b06736b477b7a924f60de14a7e329d82d6f4f,2010-02-08 12:07:38.984650,2010-02-08 12:08:41.930000,2010-02-08 12:07:44.765007,2010-02-08 12:08:38.373424,,2010-02-08 12:07:42.781117,2010-02-08 12:08:35.673284,2010-02-08 12:08:41.930000
767da0bd8fc885bd3ad3c906c198abc359791a8c,e8085010136a26d0ebc200ac0751b1d9d673a764,CAD,Executed,v3,,,1911acfcfdc29f5349706da6c1494009e7125da0,vertical 5,type 8,3.0,9e2b06736b477b7a924f60de14a7e329d82d6f4f,2010-01-15 19:46:49.450957,2010-01-15 19:47:40.857000,2010-01-15 19:46:54.062044,2010-01-15 19:47:40.857000,,2010-01-15 19:46:52.382830,2010-01-15 19:47:37.590856,2010-01-15 19:47:40.857000
cf355fb631fd26f46f14b35dc93af6b3e86f3cc0,e8085010136a26d0ebc200ac0751b1d9d673a764,CAD,failed,v3,canceled,initiated,1911acfcfdc29f5349706da6c1494009e7125da0,vertical 5,type 8,1.5,9e2b06736b477b7a924f60de14a7e329d82d6f4f,2010-02-09 18:21:42.277424,2010-02-09 18:22:33.789825,2010-02-09 18:21:54.137341,,2010-02-09 18:22:33.789825,2010-02-09 18:21:49.151759,,
d757487f77cdb01f451ba2ef23a60bcea499a835,6cd7d8d37b110668afdca42fc0e1d366b322783e,CAD,Executed,v3,,,1911acfcfdc29f5349706da6c1494009e7125da0,vertical 5,type 8,2.0,9e2b06736b477b7a924f60de14a7e329d82d6f4f,2010-01-16 16:25:17.209357,2010-01-16 16:25:44.790000,2010-01-16 16:25:20.310028,2010-01-16 16:25:44.729081,,2010-01-16 16:25:18.663299,2010-01-16 16:25:43.200453,2010-01-16 16:25:44.790000
96a31f8fe19402142c533d9ef417ff30c74595cf,34a0061ba48d1c2810cd930dd69d42482ca92d85,CAD,Executed,v3,,,64c370a753b1db282770cdbf2aba5434a3185b3d,vertical 2,type 8,5.0,9e2b06736b477b7a924f60de14a7e329d82d6f4f,2010-01-10 09:03:51.991567,2010-01-10 09:04:20.541945,2010-01-10 09:03:59.838357,2010-01-10 09:04:20.541945,,2010-01-10 09:03:53.508418,2010-01-10 09:04:19.199612,2010-01-10 09:04:20.423000
268e4ab69debde920ec77dc0c828a662f9f372f1,b7308502f039e303a048625c725d4aea3380c2ac,CAD,Executed,v3,,,1911acfcfdc29f5349706da6c1494009e7125da0,vertical 5,type 8,1.0,9e2b06736b477b7a924f60de14a7e329d82d6f4f,2010-01-31 14:54:28.498078,2010-01-31 14:54:46.287000,2010-01-31 14:54:32.150466,2010-01-31 14:54:46.241535,,2010-01-31 14:54:30.573789,2010-01-31 14:54:45.227933,2010-01-31 14:54:46.287000
8246a48aa7e4511628eeac751301876f8bbeb977,6926610db1dfc17aca46a6f67789d7d6c24a7185,CAD,Executed,v3,,,5300313e698b5062bfe820f7efc7571699b4bb4c,vertical 2,type 8,7.0,9e2b06736b477b7a924f60de14a7e329d82d6f4f,2008-12-27 10:26:09.158129,2008-12-27 10:26:54.928495,2008-12-27 10:26:16.991898,2008-12-27 10:26:54.928495,,2008-12-27 10:26:12.337035,2008-12-27 10:26:54.926185,
b030c9bb42c81d25dbaa5898bc0fc819735c8d4b,660054a4565377c6e43ff7709abf56d8494ba604,CAD,failed,v3,not_authorized,initiated,5300313e698b5062bfe820f7efc7571699b4bb4c,vertical 2,type 8,32.0,9e2b06736b477b7a924f60de14a7e329d82d6f4f,2009-11-29 11:46:43.131876,2009-11-29 11:53:09.710058,2009-11-29 11:46:52.221102,,2009-11-29 11:53:09.710058,2009-11-29 11:46:47.618266,,
3fef9eff8eec113f4f73d0c01b0a00e28ea44365,0090e57640ed78b0c16ac4606a6773769545bb17,CAD,Executed,v3,,,1911acfcfdc29f5349706da6c1494009e7125da0,vertical 5,type 8,1.5,9e2b06736b477b7a924f60de14a7e329d82d6f4f,2010-02-03 00:55:41.874068,2010-02-03 00:56:58.730000,2010-02-03 00:55:46.386637,2010-02-03 00:56:58.730000,,2010-02-03 00:55:44.229766,2010-02-03 00:56:57.614809,2010-02-03 00:56:58.730000
8386b807ef4b0245129c43ce2c18271263add037,b5ab8f51d35b64af079485e5bbbc335213f3a0ae,CAD,Executed,v3,,,1911acfcfdc29f5349706da6c1494009e7125da0,vertical 5,type 8,1.0,9e2b06736b477b7a924f60de14a7e329d82d6f4f,2010-01-29 00:44:04.046250,2010-01-29 00:44:38.877000,2010-01-29 00:44:07.705211,2010-01-29 00:44:38.714082,,2010-01-29 00:44:05.957479,2010-01-29 00:44:37.176995,2010-01-29 00:44:38.877000
b7133d0a5f48bd5ec57e860c28ce18b832e62fae,fa485aff3f9e34d55d25f78856d4a2526a5f8e6f,CAD,Executed,v3,,,1911acfcfdc29f5349706da6c1494009e7125da0,vertical 5,type 8,1.0,9e2b06736b477b7a924f60de14a7e329d82d6f4f,2010-01-28 19:59:30.424832,2010-01-28 19:59:45.820000,2010-01-28 19:59:34.111337,2010-01-28 19:59:45.820000,,2010-01-28 19:59:32.496175,2010-01-28 19:59:43.428239,2010-01-28 19:59:45.820000
24478b49abffc0299b00d523f370acf9418e1edf,6cd7d8d37b110668afdca42fc0e1d366b322783e,CAD,Executed,v3,,,1911acfcfdc29f5349706da6c1494009e7125da0,vertical 5,type 8,2.5,9e2b06736b477b7a924f60de14a7e329d82d6f4f,2010-01-23 18:39:45.020607,2010-01-23 18:40:17.416350,2010-01-23 18:39:48.800927,2010-01-23 18:40:17.416350,,2010-01-23 18:39:47.212483,2010-01-23 18:40:15.986322,2010-01-23 18:40:17.227000
e56e4e4bdbd22654377912a5c2d936dfc01c38ff,e8085010136a26d0ebc200ac0751b1d9d673a764,CAD,Executed,v3,,,1911acfcfdc29f5349706da6c1494009e7125da0,vertical 5,type 8,1.0,9e2b06736b477b7a924f60de14a7e329d82d6f4f,2010-02-03 00:29:42.582269,2010-02-03 00:30:59.755847,2010-02-03 00:29:45.658676,2010-02-03 00:30:59.755847,,2010-02-03 00:29:44.131216,2010-02-03 00:30:55.712239,2010-02-03 00:30:59.377000
a85fa92c60639b57315f4ddf68ba17d75e596d19,b5ab8f51d35b64af079485e5bbbc335213f3a0ae,CAD,Executed,v3,,,1911acfcfdc29f5349706da6c1494009e7125da0,vertical 5,type 8,0.5,9e2b06736b477b7a924f60de14a7e329d82d6f4f,2010-02-04 01:35:52.091235,2010-02-04 01:36:16.683000,2010-02-04 01:35:55.855625,2010-02-04 01:36:15.346093,,2010-02-04 01:35:54.238498,2010-02-04 01:36:13.716364,2010-02-04 01:36:16.683000
0a1ea320a7de2592ab1dfc866dafbe6982b9a24d,b7308502f039e303a048625c725d4aea3380c2ac,CAD,Executed,v3,,,1911acfcfdc29f5349706da6c1494009e7125da0,vertical 5,type 8,0.5,9e2b06736b477b7a924f60de14a7e329d82d6f4f,2010-01-23 13:36:13.211310,2010-01-23 13:36:54.143000,2010-01-23 13:36:16.734186,2010-01-23 13:36:54.143000,,2010-01-23 13:36:15.045950,2010-01-23 13:36:52.893485,2010-01-23 13:36:54.143000
403d767dcfbbf60a753ad3fb34e0c31b93187ea7,6cd7d8d37b110668afdca42fc0e1d366b322783e,CAD,Executed,v3,,,d292da2283043c07accb1086a004caaf05472d44,vertical 5,type 8,3.0,9e2b06736b477b7a924f60de14a7e329d82d6f4f,2009-12-31 21:07:01.255933,2009-12-31 21:07:46.910889,2009-12-31 21:07:07.095208,2009-12-31 21:07:46.910889,,2009-12-31 21:07:03.854088,2009-12-31 21:07:45.413731,2009-12-31 21:07:46.580000
3a6df7f32f8f510822e2772b077b5ab0a0fc62b8,6926610db1dfc17aca46a6f67789d7d6c24a7185,CAD,failed,v3,not_authorized,initiated,d292da2283043c07accb1086a004caaf05472d44,vertical 5,type 8,2.0,9e2b06736b477b7a924f60de14a7e329d82d6f4f,2009-08-03 20:06:50.368902,2009-08-03 20:07:13.606301,2009-08-03 20:06:58.004887,,2009-08-03 20:07:13.606301,2009-08-03 20:06:53.667892,,
fb2f936e69a736d998959d4547eb432adcdb7fdb,614f918e6feee31a627e487db0e58c331fc9d4b7,CAD,Executed,v3,,,d292da2283043c07accb1086a004caaf05472d44,vertical 5,type 8,1.0,9e2b06736b477b7a924f60de14a7e329d82d6f4f,2008-10-31 14:42:57.526425,2008-10-31 14:43:14.915345,2008-10-31 14:43:02.218163,2008-10-31 14:43:14.915345,,2008-10-31 14:43:00.872471,2008-10-31 14:43:12.457033,2008-10-31 14:43:14.915345
bb1818c323d7080886aae88f4ceaf5d9eb7b225a,6cd7d8d37b110668afdca42fc0e1d366b322783e,CAD,Executed,v3,,,1911acfcfdc29f5349706da6c1494009e7125da0,vertical 5,type 8,1.0,9e2b06736b477b7a924f60de14a7e329d82d6f4f,2010-02-01 20:50:52.467345,2010-02-01 20:51:22.026879,2010-02-01 20:50:55.668246,2010-02-01 20:51:22.026879,,2010-02-01 20:50:53.996284,2010-02-01 20:51:20.670273,2010-02-01 20:51:21.740000
7b52b4e360f0431e3db541775d7e5da532c50dda,0c13594466c8f4c9996801c4cc3f822975978c2d,USD,Executed,v3,,,6b9aa19c38a47a7d809eb3203685aaf80e25e9d6,vertical 2,type 3,10.0,f69ad584c025f9b756ce1e8c70de3a33aef50b32,2010-01-31 20:42:30.746337,2010-01-31 20:43:00.914538,2010-01-31 20:42:36.835288,2010-01-31 20:43:00.914538,,2010-01-31 20:42:34.827201,2010-01-31 20:42:59.642390,2010-01-31 20:43:00.000000
a32907a28143409c6b40a0c2ea2fb6a83bb429c6,8216651c8989eb69415e6fd793175c69351debc5,USD,failed,v3,expired,authorizing,6b9aa19c38a47a7d809eb3203685aaf80e25e9d6,vertical 2,,0.1,f69ad584c025f9b756ce1e8c70de3a33aef50b32,2009-12-22 21:36:31.398612,2009-12-22 21:51:31.471338,,,2009-12-22 21:51:31.471338,2009-12-22 21:36:34.699955,,
b5e4cc945873902126734da4db20c891bce1a612,8216651c8989eb69415e6fd793175c69351debc5,USD,failed,v3,provider_expired,initiated,6b9aa19c38a47a7d809eb3203685aaf80e25e9d6,vertical 2,type 2,0.1,f69ad584c025f9b756ce1e8c70de3a33aef50b32,2010-01-05 14:35:53.846715,2010-01-06 22:41:35.785196,2010-01-05 14:36:06.883671,,2010-01-06 22:41:35.785196,2010-01-05 14:35:58.226046,,
de62bbeef2b9bc56984447170660389d0a6cec5d,6cd7d8d37b110668afdca42fc0e1d366b322783e,CAD,Executed,v3,,,64c370a753b1db282770cdbf2aba5434a3185b3d,vertical 2,type 8,3.0,9e2b06736b477b7a924f60de14a7e329d82d6f4f,2009-12-18 13:22:26.369856,2009-12-18 13:23:07.079071,2009-12-18 13:22:38.822461,2009-12-18 13:23:07.079071,,2009-12-18 13:22:29.518649,2009-12-18 13:23:05.377115,2009-12-18 13:23:07.023000
93e9bb61746b4c69715044688ce866bd36236847,6cd7d8d37b110668afdca42fc0e1d366b322783e,CAD,Executed,v3,,,5300313e698b5062bfe820f7efc7571699b4bb4c,vertical 2,type 8,10.0,9e2b06736b477b7a924f60de14a7e329d82d6f4f,2009-10-28 08:30:31.351007,2009-10-28 08:31:12.377337,2009-10-28 08:30:35.837983,2009-10-28 08:31:12.377337,,2009-10-28 08:30:32.822996,2009-10-28 08:31:10.854026,
6675135f10f8e4c2ad03f14dc1e2665123787bbf,36d5855cad7c3ea0d5165027ba21056dd5bfb12e,USD,failed,v3,provider_expired,initiated,6b9aa19c38a47a7d809eb3203685aaf80e25e9d6,vertical 2,type 1,0.1,f69ad584c025f9b756ce1e8c70de3a33aef50b32,2010-01-15 09:20:56.979203,2010-01-16 09:26:53.626468,2010-01-15 09:21:15.712655,,2010-01-16 09:26:53.626468,2010-01-15 09:21:00.135637,,
0d90667f4f142d796f2d14a768483500418b825c,603364a15bf8abd4b8a2f7d46e6934c397ced244,USD,Executed,v3,,,6b9aa19c38a47a7d809eb3203685aaf80e25e9d6,vertical 2,type 1,40.0,f69ad584c025f9b756ce1e8c70de3a33aef50b32,2009-10-01 11:29:57.937219,2009-10-01 11:30:43.076264,2009-10-01 11:30:04.118222,2009-10-01 11:30:43.076264,,2009-10-01 11:30:00.685655,2009-10-01 11:30:40.621230,2009-10-01 11:30:43.076264
8e3592d89012bb4bf545692a589afc22e6383222,0090e57640ed78b0c16ac4606a6773769545bb17,CAD,Executed,v3,,,d292da2283043c07accb1086a004caaf05472d44,vertical 5,type 8,6.0,9e2b06736b477b7a924f60de14a7e329d82d6f4f,2009-11-20 16:52:11.813574,2009-11-20 16:52:56.253000,2009-11-20 16:52:19.215424,2009-11-20 16:52:56.253000,,2009-11-20 16:52:14.675184,2009-11-20 16:52:55.597334,2009-11-20 16:52:56.253000
51f64aef6a3e26c58b2fa06dc269183986a8478d,b7308502f039e303a048625c725d4aea3380c2ac,CAD,Executed,v3,,,d292da2283043c07accb1086a004caaf05472d44,vertical 5,type 8,2.0,9e2b06736b477b7a924f60de14a7e329d82d6f4f,2009-05-08 13:06:56.271638,2009-05-08 13:08:29.614642,2009-05-08 13:07:16.386651,2009-05-08 13:08:29.614642,,2009-05-08 13:07:12.544557,2009-05-08 13:08:27.585215,2009-05-08 13:08:29.614642
2042dfb3693d8a00365c1aa64267eaf239b89820,660054a4565377c6e43ff7709abf56d8494ba604,CAD,failed,v3,expired,initiated,d292da2283043c07accb1086a004caaf05472d44,vertical 5,type 8,10.0,9e2b06736b477b7a924f60de14a7e329d82d6f4f,2009-06-03 19:54:35.670376,2009-06-03 20:09:35.763594,2009-06-03 19:54:43.916669,,2009-06-03 20:09:35.763594,2009-06-03 19:54:39.927038,,
c1fb479a4e09d887fc911c73f0b853843036233c,fa485aff3f9e34d55d25f78856d4a2526a5f8e6f,CAD,Executed,v3,,,64c370a753b1db282770cdbf2aba5434a3185b3d,vertical 2,type 8,20.0,9e2b06736b477b7a924f60de14a7e329d82d6f4f,2009-11-12 20:54:14.438240,2009-11-12 20:55:21.150000,2009-11-12 20:55:02.847517,2009-11-12 20:55:21.150000,,2009-11-12 20:54:15.324833,2009-11-12 20:55:19.577296,2009-11-12 20:55:21.150000
141133a17b19176b3f42070007aff75b6ebf00d8,6926610db1dfc17aca46a6f67789d7d6c24a7185,CAD,failed,v3,expired,initiated,5300313e698b5062bfe820f7efc7571699b4bb4c,vertical 2,type 8,1.22,9e2b06736b477b7a924f60de14a7e329d82d6f4f,2009-09-23 11:32:41.513604,2009-09-23 11:47:41.657817,2009-09-23 11:32:48.591042,,2009-09-23 11:47:41.657817,2009-09-23 11:32:44.090220,,
715cc6203338606f0d03ee065af071f4cd2133ca,30f7c597c23522d4038935c6491bb91e74647c22,USD,Executed,v3,,,6b9aa19c38a47a7d809eb3203685aaf80e25e9d6,vertical 2,type 1,1000.0,f69ad584c025f9b756ce1e8c70de3a33aef50b32,2009-12-09 13:26:52.778669,2009-12-09 13:27:43.000000,2009-12-09 13:27:09.754723,2009-12-09 13:27:43.000000,,2009-12-09 13:27:02.202043,2009-12-09 13:27:43.000000,2009-12-09 13:27:43.000000
bd4d8d365d754b32fee4baa2a5373e53e3b82931,660054a4565377c6e43ff7709abf56d8494ba604,CAD,failed,v3,expired,initiated,5300313e698b5062bfe820f7efc7571699b4bb4c,vertical 2,type 8,1.5,9e2b06736b477b7a924f60de14a7e329d82d6f4f,2009-06-29 16:02:20.426696,2009-06-29 16:17:20.636553,2009-06-29 16:02:30.107857,,2009-06-29 16:17:20.636553,2009-06-29 16:02:23.791823,,
fbde80abc4e391bad90bed8c24d5cab2ac71fe96,b5ab8f51d35b64af079485e5bbbc335213f3a0ae,CAD,Executed,v3,,,64c370a753b1db282770cdbf2aba5434a3185b3d,vertical 2,type 8,20.0,9e2b06736b477b7a924f60de14a7e329d82d6f4f,2010-01-08 21:29:55.168228,2010-01-08 21:30:11.521737,2010-01-08 21:30:00.409834,2010-01-08 21:30:11.521737,,2010-01-08 21:29:57.795225,2010-01-08 21:30:09.776665,2010-01-08 21:30:11.460000
ff7bc595df7ee83a9422b5559ee38818e437d9ff,0c13594466c8f4c9996801c4cc3f822975978c2d,USD,Executed,v3,,,6b9aa19c38a47a7d809eb3203685aaf80e25e9d6,vertical 2,type 3,30.0,f69ad584c025f9b756ce1e8c70de3a33aef50b32,2010-01-30 15:22:47.737953,2010-01-30 15:23:32.545149,2010-01-30 15:22:52.989300,2010-01-30 15:23:32.545149,,2010-01-30 15:22:51.131086,2010-01-30 15:23:31.387190,2010-01-30 15:23:32.000000
3669c9532e8c040819f94b55e26186bbe06320b9,34a0061ba48d1c2810cd930dd69d42482ca92d85,CAD,Executed,v3,,,64c370a753b1db282770cdbf2aba5434a3185b3d,vertical 2,type 8,2.47,9e2b06736b477b7a924f60de14a7e329d82d6f4f,2009-12-12 15:12:54.664795,2009-12-12 15:13:35.010000,2009-12-12 15:13:06.551070,2009-12-12 15:13:35.010000,,2009-12-12 15:13:01.234871,2009-12-12 15:13:33.047333,2009-12-12 15:13:35.010000
49a8c338c9d8cc33548e21c55149e161ce22e473,b5ab8f51d35b64af079485e5bbbc335213f3a0ae,CAD,Executed,v3,,,64c370a753b1db282770cdbf2aba5434a3185b3d,vertical 2,type 8,6.0,9e2b06736b477b7a924f60de14a7e329d82d6f4f,2009-10-07 21:43:06.808899,2009-10-07 21:43:34.123852,2009-10-07 21:43:14.245982,2009-10-07 21:43:34.123852,,2009-10-07 21:43:07.748038,2009-10-07 21:43:32.197146,2009-10-07 21:43:34.123852
62612fee9a0b4572666a109bae596948dc6700d6,b5ab8f51d35b64af079485e5bbbc335213f3a0ae,CAD,Executed,v3,,,64c370a753b1db282770cdbf2aba5434a3185b3d,vertical 2,type 8,3.81,9e2b06736b477b7a924f60de14a7e329d82d6f4f,2009-10-24 09:18:33.174872,2009-10-24 09:19:00.055897,2009-10-24 09:18:37.375785,2009-10-24 09:18:56.629143,,2009-10-24 09:18:34.042909,2009-10-24 09:18:54.608393,2009-10-24 09:19:00.055897
91e60c262525899c8bcfd416099f1feea387e7f3,f4203d6b7658cb7252d6afdf95a6b692e93c2f7b,CAD,failed,v3,expired,initiated,f66f2f438fc87dd7deff8e022a67cc5d71aa6968,vertical 2,type 8,4.0,9e2b06736b477b7a924f60de14a7e329d82d6f4f,2009-06-26 05:10:28.385727,2009-06-26 05:25:28.419399,2009-06-26 05:12:08.905602,,2009-06-26 05:25:28.419399,2009-06-26 05:10:28.866632,,
c6555e991bf0c502bc5ac88c38b435ee2748d532,6926610db1dfc17aca46a6f67789d7d6c24a7185,CAD,Executed,v3,,,f66f2f438fc87dd7deff8e022a67cc5d71aa6968,vertical 2,type 8,20.0,9e2b06736b477b7a924f60de14a7e329d82d6f4f,2010-01-11 07:54:11.991882,2010-01-11 07:54:46.870000,2010-01-11 07:54:22.693776,2010-01-11 07:54:46.828319,,2010-01-11 07:54:16.068474,2010-01-11 07:54:45.477190,2010-01-11 07:54:46.870000
c74efe158758ec78a570ea37aa3b5e8d042e8502,30f7c597c23522d4038935c6491bb91e74647c22,USD,failed,v3,provider_expired,initiated,6b9aa19c38a47a7d809eb3203685aaf80e25e9d6,vertical 2,type 1,500.0,f69ad584c025f9b756ce1e8c70de3a33aef50b32,2010-02-06 10:44:49.449311,2010-02-06 11:45:10.219486,2010-02-06 10:44:59.704551,,2010-02-06 11:45:10.219486,2010-02-06 10:44:52.683719,,
daf315c193d701eb102ea76f9c5e91c213035c40,b5ab8f51d35b64af079485e5bbbc335213f3a0ae,CAD,failed,v3,canceled,authorizing,f66f2f438fc87dd7deff8e022a67cc5d71aa6968,vertical 2,type 8,13.04,9e2b06736b477b7a924f60de14a7e329d82d6f4f,2009-09-26 12:03:34.542004,2009-09-26 12:04:00.520863,,,2009-09-26 12:04:00.520863,2009-09-26 12:03:35.496673,,
f3655b9307172c382d4f1e3c678b0a59bb06ab47,34a0061ba48d1c2810cd930dd69d42482ca92d85,CAD,Executed,v3,,,1911acfcfdc29f5349706da6c1494009e7125da0,vertical 5,type 8,3.0,9e2b06736b477b7a924f60de14a7e329d82d6f4f,2010-02-07 20:29:58.861623,2010-02-07 20:30:30.183000,2010-02-07 20:30:03.101497,2010-02-07 20:30:30.136835,,2010-02-07 20:30:01.135916,2010-02-07 20:30:27.823586,2010-02-07 20:30:30.183000
40db7fed9271bfba7e42da299dacdda18416bb7f,b5ab8f51d35b64af079485e5bbbc335213f3a0ae,CAD,Executed,v3,,,f66f2f438fc87dd7deff8e022a67cc5d71aa6968,vertical 2,type 8,30.0,9e2b06736b477b7a924f60de14a7e329d82d6f4f,2009-12-03 16:20:19.641159,2009-12-03 16:20:55.267000,2009-12-03 16:20:26.035012,2009-12-03 16:20:55.020231,,2009-12-03 16:20:20.830266,2009-12-03 16:20:53.433412,2009-12-03 16:20:55.267000
c6a280b4fa6ba88e9b80363d9669b2b251b58ff7,8b408eb9070e2b1dbb590cd7ffe0f467b490a66a,USD,failed,v3,expired,authorizing,6b9aa19c38a47a7d809eb3203685aaf80e25e9d6,vertical 2,type 1,1.0,f69ad584c025f9b756ce1e8c70de3a33aef50b32,2009-07-28 12:56:35.671586,2009-07-28 13:11:35.808446,,,2009-07-28 13:11:35.808446,2009-07-28 12:56:39.629093,,
416fea8f938f7e17e05a707ab201e7a7004de9d3,b5ab8f51d35b64af079485e5bbbc335213f3a0ae,CAD,Executed,v3,,,f66f2f438fc87dd7deff8e022a67cc5d71aa6968,vertical 2,type 8,11.21,9e2b06736b477b7a924f60de14a7e329d82d6f4f,2009-12-08 21:23:57.602367,2009-12-08 21:24:29.790035,2009-12-08 21:24:05.790404,2009-12-08 21:24:29.790035,,2009-12-08 21:24:01.500570,2009-12-08 21:24:27.834851,2009-12-08 21:24:29.560000
1d57e61daee55bcb2af0c5d955ca1929c0df9954,7793607afc91c55351f23d75015223501cd65cd2,USD,Executed,v3,,,6b9aa19c38a47a7d809eb3203685aaf80e25e9d6,vertical 2,type 1,100.0,f69ad584c025f9b756ce1e8c70de3a33aef50b32,2009-10-07 15:41:47.365923,2009-10-07 15:42:28.554848,2009-10-07 15:41:52.551067,2009-10-07 15:42:28.554848,,2009-10-07 15:41:50.390539,2009-10-07 15:42:24.466807,2009-10-07 15:42:28.554848
1c5ff549ace40063009398749c3bda268499aa7a,6926610db1dfc17aca46a6f67789d7d6c24a7185,CAD,Executed,v3,,,64c370a753b1db282770cdbf2aba5434a3185b3d,vertical 2,type 8,75.93,9e2b06736b477b7a924f60de14a7e329d82d6f4f,2009-08-21 19:57:08.915885,2009-08-21 19:58:24.234269,2009-08-21 19:57:24.935151,2009-08-21 19:58:24.234269,,2009-08-21 19:57:09.477501,2009-08-21 19:58:22.628139,2009-08-21 19:58:24.234269
20a001ea9d0573212e7362998a7c67bef79f78c7,4d762ce64874cd49be593313e92a1e61cf74417e,CAD,failed,v3,expired,initiated,64c370a753b1db282770cdbf2aba5434a3185b3d,vertical 2,type 8,8.77,9e2b06736b477b7a924f60de14a7e329d82d6f4f,2009-10-03 09:24:45.993849,2009-10-03 09:39:46.027057,2009-10-03 09:25:04.988995,,2009-10-03 09:39:46.027057,2009-10-03 09:24:46.554843,,
71913e391721925a8822bd73eb56a127018a874b,34a0061ba48d1c2810cd930dd69d42482ca92d85,CAD,Executed,v3,,,64c370a753b1db282770cdbf2aba5434a3185b3d,vertical 2,type 8,2.38,9e2b06736b477b7a924f60de14a7e329d82d6f4f,2009-12-07 16:52:59.327457,2009-12-07 16:53:40.807000,2009-12-07 16:53:09.945582,2009-12-07 16:53:40.573594,,2009-12-07 16:52:59.942954,2009-12-07 16:53:39.322947,2009-12-07 16:53:40.807000
3166269244a46dec18fcb969660b15f90d541ae0,0090e57640ed78b0c16ac4606a6773769545bb17,CAD,Executed,v3,,,64c370a753b1db282770cdbf2aba5434a3185b3d,vertical 2,type 8,9.68,9e2b06736b477b7a924f60de14a7e329d82d6f4f,2010-01-30 07:51:56.351587,2010-01-30 07:52:45.157750,2010-01-30 07:52:01.100920,2010-01-30 07:52:45.157750,,2010-01-30 07:51:56.863750,2010-01-30 07:52:42.405869,2010-01-30 07:52:44.193000
faeb5d7c765d210c9ddec771181a1ce5c635457a,b5ab8f51d35b64af079485e5bbbc335213f3a0ae,CAD,Executed,v3,,,5300313e698b5062bfe820f7efc7571699b4bb4c,vertical 2,type 8,0.66,9e2b06736b477b7a924f60de14a7e329d82d6f4f,2009-03-11 14:25:38.311436,2009-03-11 14:26:10.163167,2009-03-11 14:25:46.013399,2009-03-11 14:26:10.163167,,2009-03-11 14:25:40.549038,2009-03-11 14:26:06.982295,
f53e54da4fd0025c87d56cee8784a5e425e96561,34a0061ba48d1c2810cd930dd69d42482ca92d85,CAD,Executed,v3,,,5300313e698b5062bfe820f7efc7571699b4bb4c,vertical 2,type 8,3.07,9e2b06736b477b7a924f60de14a7e329d82d6f4f,2009-06-12 12:08:42.960425,2009-06-12 12:09:34.627256,2009-06-12 12:08:49.442300,2009-06-12 12:09:34.627256,,2009-06-12 12:08:45.306948,2009-06-12 12:09:32.254586,
65fb2582c1964b67f7573b0aa3c331562a32ab6d,fa485aff3f9e34d55d25f78856d4a2526a5f8e6f,CAD,Executed,v3,,,1911acfcfdc29f5349706da6c1494009e7125da0,vertical 5,type 8,50.0,9e2b06736b477b7a924f60de14a7e329d82d6f4f,2010-01-24 22:25:06.412668,2010-01-24 22:25:29.593000,2010-01-24 22:25:15.963727,2010-01-24 22:25:29.593000,,2010-01-24 22:25:10.541745,2010-01-24 22:25:27.698825,2010-01-24 22:25:29.593000
22b6f9c52c412af0f7af9f9f61492a36550a0d9c,b5ab8f51d35b64af079485e5bbbc335213f3a0ae,CAD,failed,v3,not_authorized,authorizing,02abfe216906d699a48d39d56b71327b294027cb,vertical 2,type 8,35.1,9e2b06736b477b7a924f60de14a7e329d82d6f4f,2008-09-14 15:01:26.367986,2008-09-14 15:01:59.980178,2008-09-14 15:01:31.876321,,2008-09-14 15:01:59.980178,2008-09-14 15:01:28.399340,,
aa43e93b34942e5edb2eb284d831c0c7baa9f81f,660054a4565377c6e43ff7709abf56d8494ba604,CAD,Executed,v3,,,02abfe216906d699a48d39d56b71327b294027cb,vertical 2,type 8,3.2,9e2b06736b477b7a924f60de14a7e329d82d6f4f,2008-12-17 13:37:37.238734,2008-12-17 13:38:28.446070,2008-12-17 13:37:44.013357,2008-12-17 13:38:28.446070,,2008-12-17 13:37:40.083081,2008-12-17 13:38:26.900804,2008-12-17 13:38:28.446070
2c755e1a1b91f069e94c203d7ad4033e81c9d5b0,614f918e6feee31a627e487db0e58c331fc9d4b7,CAD,Executed,v3,,,02abfe216906d699a48d39d56b71327b294027cb,vertical 2,type 8,100.0,9e2b06736b477b7a924f60de14a7e329d82d6f4f,2008-07-02 16:01:41.224605,2008-07-02 16:04:12.980731,2008-07-02 16:01:52.770069,2008-07-02 16:02:55.763621,,2008-07-02 16:01:44.549183,2008-07-02 16:02:32.897571,2008-07-02 16:04:12.980731
811084f4a856692be3c8d46695a040dabff9c67b,e8085010136a26d0ebc200ac0751b1d9d673a764,CAD,Executed,v3,,,1911acfcfdc29f5349706da6c1494009e7125da0,vertical 5,type 8,1.0,9e2b06736b477b7a924f60de14a7e329d82d6f4f,2010-01-20 20:06:51.725158,2010-01-20 20:07:15.117000,2010-01-20 20:06:54.521490,2010-01-20 20:07:15.117000,,2010-01-20 20:06:52.945793,2010-01-20 20:07:11.551451,2010-01-20 20:07:15.117000
3fc485ab09ffd7a92e94f63544911fb31d7889c8,fa485aff3f9e34d55d25f78856d4a2526a5f8e6f,CAD,Executed,v3,,,02abfe216906d699a48d39d56b71327b294027cb,vertical 2,type 8,10.0,9e2b06736b477b7a924f60de14a7e329d82d6f4f,2008-11-30 13:26:24.213969,2008-11-30 13:26:52.170238,2008-11-30 13:26:31.246041,2008-11-30 13:26:52.138003,,2008-11-30 13:26:25.542957,2008-11-30 13:26:49.886108,2008-11-30 13:26:52.170238
410f83e3be57d5bdd92861a8db80c4aba53ebad2,6926610db1dfc17aca46a6f67789d7d6c24a7185,CAD,failed,v3,not_authorized,authorizing,02abfe216906d699a48d39d56b71327b294027cb,vertical 2,type 8,20.0,9e2b06736b477b7a924f60de14a7e329d82d6f4f,2008-06-21 12:01:44.761232,2008-06-21 12:09:12.407662,2008-06-21 12:01:54.842055,,2008-06-21 12:09:12.407662,2008-06-21 12:01:46.743180,,
9664cd9b49626b6bb1cfc3f9a22c0300d623ff9c,e8085010136a26d0ebc200ac0751b1d9d673a764,CAD,Executed,v3,,,02abfe216906d699a48d39d56b71327b294027cb,vertical 2,type 8,4.0,9e2b06736b477b7a924f60de14a7e329d82d6f4f,2009-01-02 13:04:44.467347,2009-01-02 13:07:25.112853,2009-01-02 13:05:06.514251,2009-01-02 13:07:24.777294,,2009-01-02 13:04:48.502808,2009-01-02 13:07:21.953472,2009-01-02 13:07:25.112853
d667116ed93abe811155af1b132d80fbe1b939e1,b5ab8f51d35b64af079485e5bbbc335213f3a0ae,CAD,failed,v3,expired,authorizing,02abfe216906d699a48d39d56b71327b294027cb,vertical 2,type 8,103.0,9e2b06736b477b7a924f60de14a7e329d82d6f4f,2008-08-24 16:52:04.833297,2008-08-24 17:07:05.029199,2008-08-24 16:52:09.115958,,2008-08-24 17:07:05.029199,2008-08-24 16:52:06.214877,,
8d278962fcd245330bb709bdc8e06b88081f9956,6926610db1dfc17aca46a6f67789d7d6c24a7185,CAD,Executed,v3,,,02abfe216906d699a48d39d56b71327b294027cb,vertical 2,type 8,51.8,9e2b06736b477b7a924f60de14a7e329d82d6f4f,2008-12-21 13:47:05.205069,2008-12-21 13:47:49.466480,2008-12-21 13:47:12.405950,2008-12-21 13:47:48.298200,,2008-12-21 13:47:08.686028,2008-12-21 13:47:47.932932,2008-12-21 13:47:49.466480
982876bb0996ae68bdd223911e839d3df1361c00,b7308502f039e303a048625c725d4aea3380c2ac,CAD,Executed,v3,,,02abfe216906d699a48d39d56b71327b294027cb,vertical 2,type 8,97.0,9e2b06736b477b7a924f60de14a7e329d82d6f4f,2008-07-23 15:49:05.865803,2008-07-23 15:49:30.488986,2008-07-23 15:49:14.479349,2008-07-23 15:49:29.909477,,2008-07-23 15:49:08.393460,2008-07-23 15:49:27.578197,2008-07-23 15:49:30.488986
d5adc07d4efffeea53206c7728d0e0d4ab823a2e,f4203d6b7658cb7252d6afdf95a6b692e93c2f7b,CAD,Executed,v3,,,02abfe216906d699a48d39d56b71327b294027cb,vertical 2,type 8,200.0,9e2b06736b477b7a924f60de14a7e329d82d6f4f,2008-12-05 09:03:28.648235,2008-12-05 09:04:07.871289,2008-12-05 09:03:37.990959,2008-12-05 09:04:07.871289,,2008-12-05 09:03:30.672766,2008-12-05 09:04:06.103006,2008-12-05 09:04:07.871289
870a18d5d6e4d7b9419c50d11c78740de40b92bd,e8085010136a26d0ebc200ac0751b1d9d673a764,CAD,Executed,v3,,,64c370a753b1db282770cdbf2aba5434a3185b3d,vertical 2,type 8,7.64,9e2b06736b477b7a924f60de14a7e329d82d6f4f,2010-01-30 01:23:29.297321,2010-01-30 01:24:11.680000,2010-01-30 01:23:38.306860,2010-01-30 01:24:11.680000,,2010-01-30 01:23:29.972028,2010-01-30 01:24:08.866441,2010-01-30 01:24:11.680000
f4661f908397401d87f0a81c3be9e7b74faa1e8b,6cd7d8d37b110668afdca42fc0e1d366b322783e,CAD,Executed,v3,,,f66f2f438fc87dd7deff8e022a67cc5d71aa6968,vertical 2,type 8,10.0,9e2b06736b477b7a924f60de14a7e329d82d6f4f,2009-11-14 06:21:37.561803,2009-11-14 06:22:18.014368,2009-11-14 06:21:48.622103,2009-11-14 06:22:18.014368,,2009-11-14 06:21:40.783508,2009-11-14 06:22:16.543322,2009-11-14 06:22:17.827000
5883ce19d3c7de8bae00859418d3a415af42e8b7,b5ab8f51d35b64af079485e5bbbc335213f3a0ae,CAD,Executed,v3,,,f66f2f438fc87dd7deff8e022a67cc5d71aa6968,vertical 2,type 8,5.0,9e2b06736b477b7a924f60de14a7e329d82d6f4f,2009-07-11 08:36:41.710349,2009-07-11 08:37:50.699753,2009-07-11 08:36:59.809063,2009-07-11 08:37:50.699753,,2009-07-11 08:36:42.819767,2009-07-11 08:37:48.938031,2009-07-11 08:37:50.699753
b9e4b7a2f8537def22597a69001ae39a123a3a8a,6cd7d8d37b110668afdca42fc0e1d366b322783e,CAD,Executed,v3,,,f66f2f438fc87dd7deff8e022a67cc5d71aa6968,vertical 2,type 8,112.96,9e2b06736b477b7a924f60de14a7e329d82d6f4f,2010-01-07 18:41:26.068843,2010-01-07 18:42:31.490000,2010-01-07 18:41:35.427342,2010-01-07 18:42:31.490000,,2010-01-07 18:41:29.618262,2010-01-07 18:42:30.496607,2010-01-07 18:42:31.490000
2c2e38c27fb35e960cc03f79f52a2642a3dbab7c,e8085010136a26d0ebc200ac0751b1d9d673a764,CAD,Executed,v3,,,64c370a753b1db282770cdbf2aba5434a3185b3d,vertical 2,type 8,40.85,9e2b06736b477b7a924f60de14a7e329d82d6f4f,2009-09-05 10:19:17.978676,2009-09-05 10:19:57.680103,2009-09-05 10:19:27.605893,2009-09-05 10:19:54.378015,,2009-09-05 10:19:19.295984,2009-09-05 10:19:51.713342,2009-09-05 10:19:57.680103
519d18e98728f5f6256924a44b4b3e2cd6bcab9c,8216651c8989eb69415e6fd793175c69351debc5,USD,Executed,v3,,,6b9aa19c38a47a7d809eb3203685aaf80e25e9d6,vertical 2,type 2,350.0,f69ad584c025f9b756ce1e8c70de3a33aef50b32,2010-01-23 12:01:31.345069,2010-01-26 00:54:19.000000,2010-01-23 12:01:50.353557,2010-01-24 01:08:01.213223,,2010-01-23 12:01:35.911107,2010-01-23 12:02:33.902598,2010-01-26 00:54:19.000000
c1c4a65148537fe3ad987e9de264258fe802592b,b5ab8f51d35b64af079485e5bbbc335213f3a0ae,CAD,Executed,v3,,,f66f2f438fc87dd7deff8e022a67cc5d71aa6968,vertical 2,type 8,3.03,9e2b06736b477b7a924f60de14a7e329d82d6f4f,2010-02-07 15:04:11.818317,2010-02-07 15:05:16.690000,2010-02-07 15:04:26.215031,2010-02-07 15:05:16.690000,,2010-02-07 15:04:15.139802,2010-02-07 15:05:15.524165,2010-02-07 15:05:16.690000
208e880d3410303d74ec53cfc53da1f644a01d6b,0090e57640ed78b0c16ac4606a6773769545bb17,CAD,Executed,v3,,,64c370a753b1db282770cdbf2aba5434a3185b3d,vertical 2,type 8,8.8,9e2b06736b477b7a924f60de14a7e329d82d6f4f,2009-09-20 08:57:00.027223,2009-09-20 08:57:50.468876,2009-09-20 08:57:06.925442,2009-09-20 08:57:50.468876,,2009-09-20 08:57:01.187107,2009-09-20 08:57:49.016600,2009-09-20 08:57:50.468876
429bf981c78737f12426a39a7c9f90044d987c80,b5ab8f51d35b64af079485e5bbbc335213f3a0ae,CAD,failed,v3,expired,initiated,f66f2f438fc87dd7deff8e022a67cc5d71aa6968,vertical 2,type 8,3.99,9e2b06736b477b7a924f60de14a7e329d82d6f4f,2010-02-10 20:26:47.831907,2010-02-10 20:41:47.913807,2010-02-10 20:26:54.203158,,2010-02-10 20:41:47.913807,2010-02-10 20:26:49.150476,,
c672079834659b0cd159163d77c57b3f0e32c2f2,fa485aff3f9e34d55d25f78856d4a2526a5f8e6f,CAD,Executed,v3,,,f66f2f438fc87dd7deff8e022a67cc5d71aa6968,vertical 2,type 8,5.0,9e2b06736b477b7a924f60de14a7e329d82d6f4f,2009-08-01 22:22:23.220640,2009-08-01 22:22:49.527202,2009-08-01 22:22:30.857284,2009-08-01 22:22:48.104205,,2009-08-01 22:22:24.349795,2009-08-01 22:22:45.551983,2009-08-01 22:22:49.527202
83b528477408c7bef7d7d6c069a348aaf4a43dcd,e67095adf654ddc631bcfd3f7aa3c7e43424ce0f,CAD,failed,v3,user_canceled_at_provider,initiated,f66f2f438fc87dd7deff8e022a67cc5d71aa6968,vertical 2,type 8,2.5,9e2b06736b477b7a924f60de14a7e329d82d6f4f,2010-01-30 23:14:11.212364,2010-01-30 23:14:36.757589,2010-01-30 23:14:25.780580,,2010-01-30 23:14:36.757589,2010-01-30 23:14:14.701057,,
ab49f37710eca92b44db0f0233688ee4ba8e8cab,e8085010136a26d0ebc200ac0751b1d9d673a764,CAD,failed,v3,not_authorized,initiated,f66f2f438fc87dd7deff8e022a67cc5d71aa6968,vertical 2,type 8,1.32,9e2b06736b477b7a924f60de14a7e329d82d6f4f,2009-08-14 11:10:37.610546,2009-08-14 11:12:21.302314,2009-08-14 11:10:50.692111,,2009-08-14 11:12:21.302314,2009-08-14 11:10:38.903034,,
8a48233e7aa8b4c0cdf6123e0abff44f937ca74b,8216651c8989eb69415e6fd793175c69351debc5,USD,failed,v3,provider_expired,initiated,6b9aa19c38a47a7d809eb3203685aaf80e25e9d6,vertical 2,type 1,5.5,f69ad584c025f9b756ce1e8c70de3a33aef50b32,2010-01-06 20:22:54.784491,2010-01-07 20:28:31.770137,2010-01-06 20:23:05.953588,,2010-01-07 20:28:31.770137,2010-01-06 20:22:59.218061,,
2d54f18e64156124925be9332528f9af53905820,b5ab8f51d35b64af079485e5bbbc335213f3a0ae,CAD,failed,v3,provider_error,initiated,f66f2f438fc87dd7deff8e022a67cc5d71aa6968,vertical 2,type 8,10.0,9e2b06736b477b7a924f60de14a7e329d82d6f4f,2009-12-15 17:09:12.252050,2009-12-15 17:09:51.743303,2009-12-15 17:09:19.239721,,2009-12-15 17:09:51.743303,2009-12-15 17:09:13.034184,,
bc4e32e27350d3bb3bb539ee84ca0c6e3e24d469,30f7c597c23522d4038935c6491bb91e74647c22,USD,failed,v3,provider_expired,initiated,6b9aa19c38a47a7d809eb3203685aaf80e25e9d6,vertical 2,type 2,25.0,f69ad584c025f9b756ce1e8c70de3a33aef50b32,2010-02-01 14:29:07.250597,2010-02-01 15:29:29.485008,2010-02-01 14:29:18.905787,,2010-02-01 15:29:29.485008,2010-02-01 14:29:11.163572,,
6ef5323c4b772a657fc4e9865046676e90c09960,fa485aff3f9e34d55d25f78856d4a2526a5f8e6f,CAD,failed,v3,canceled,authorizing,64c370a753b1db282770cdbf2aba5434a3185b3d,vertical 2,type 8,2.73,9e2b06736b477b7a924f60de14a7e329d82d6f4f,2009-10-02 15:02:47.235385,2009-10-02 15:02:57.879134,,,2009-10-02 15:02:57.879134,2009-10-02 15:02:48.377246,,
f2ec03318093c8be193b1e74c87053b90779e19f,6cd7d8d37b110668afdca42fc0e1d366b322783e,CAD,failed,v3,user_canceled_at_provider,initiated,1911acfcfdc29f5349706da6c1494009e7125da0,vertical 5,type 8,1.0,9e2b06736b477b7a924f60de14a7e329d82d6f4f,2010-01-22 18:24:58.372325,2010-01-22 18:25:30.167973,2010-01-22 18:25:03.044283,,2010-01-22 18:25:30.167973,2010-01-22 18:25:01.276784,,
84ec56ff3bef32fa6401f669c6a2f83c5a31a2b7,b7308502f039e303a048625c725d4aea3380c2ac,CAD,Executed,v3,,,d292da2283043c07accb1086a004caaf05472d44,vertical 5,type 8,4.0,9e2b06736b477b7a924f60de14a7e329d82d6f4f,2009-11-19 09:11:28.129049,2009-11-19 09:12:09.507000,2009-11-19 09:11:33.868727,2009-11-19 09:12:09.507000,,2009-11-19 09:11:30.702591,2009-11-19 09:12:08.309894,2009-11-19 09:12:09.507000
343a50011eaf4c6ebaff02d3a3837dea5fa8fa6c,0c13594466c8f4c9996801c4cc3f822975978c2d,USD,Executed,v3,,,6b9aa19c38a47a7d809eb3203685aaf80e25e9d6,vertical 2,type 3,200.0,f69ad584c025f9b756ce1e8c70de3a33aef50b32,2010-02-03 00:13:18.499346,2010-02-03 00:13:45.891206,2010-02-03 00:13:23.823076,2010-02-03 00:13:45.891206,,2010-02-03 00:13:21.492783,2010-02-03 00:13:44.762631,2010-02-03 00:13:45.000000
95c0d4df16e8384cdf0ea8b30bc09d1996d23538,30f7c597c23522d4038935c6491bb91e74647c22,USD,Executed,v3,,,6b9aa19c38a47a7d809eb3203685aaf80e25e9d6,vertical 2,type 1,5.0,f69ad584c025f9b756ce1e8c70de3a33aef50b32,2010-01-10 20:05:07.172737,2010-01-10 20:05:34.000000,2010-01-10 20:05:16.383341,2010-01-10 20:05:34.000000,,2010-01-10 20:05:10.312743,2010-01-10 20:05:34.000000,2010-01-10 20:05:34.000000
015372d88a7f7f732a65d742718bcb609b1359c4,0090e57640ed78b0c16ac4606a6773769545bb17,CAD,Executed,v3,,,64c370a753b1db282770cdbf2aba5434a3185b3d,vertical 2,type 8,10.0,9e2b06736b477b7a924f60de14a7e329d82d6f4f,2009-08-25 12:18:31.755385,2009-08-25 12:19:44.960779,2009-08-25 12:18:37.232532,2009-08-25 12:19:44.960779,,2009-08-25 12:18:32.197057,2009-08-25 12:19:43.420974,2009-08-25 12:19:44.960779
59d03c4da96cd0b1c79797513f959c99ef2aa567,b5ab8f51d35b64af079485e5bbbc335213f3a0ae,CAD,Executed,v3,,,64c370a753b1db282770cdbf2aba5434a3185b3d,vertical 2,type 8,20.0,9e2b06736b477b7a924f60de14a7e329d82d6f4f,2009-09-24 21:07:05.519492,2009-09-24 21:07:51.819477,2009-09-24 21:07:11.696188,2009-09-24 21:07:51.819477,,2009-09-24 21:07:06.258376,2009-09-24 21:07:50.132159,2009-09-24 21:07:51.819477
2ab77f90ac3a137a9ee4c9615e8927c409552506,b5ab8f51d35b64af079485e5bbbc335213f3a0ae,CAD,failed,v3,canceled,authorizing,64c370a753b1db282770cdbf2aba5434a3185b3d,vertical 2,type 8,5.0,9e2b06736b477b7a924f60de14a7e329d82d6f4f,2009-09-03 06:49:44.786444,2009-09-03 06:49:59.536716,,,2009-09-03 06:49:59.536716,2009-09-03 06:49:45.390457,,
248ba168769ea33d946a7f4f03cd43d2a16b77eb,34a0061ba48d1c2810cd930dd69d42482ca92d85,CAD,Executed,v3,,,02abfe216906d699a48d39d56b71327b294027cb,vertical 2,type 8,20.0,9e2b06736b477b7a924f60de14a7e329d82d6f4f,2008-12-10 14:53:00.708176,2008-12-10 14:53:33.096445,2008-12-10 14:53:06.826737,2008-12-10 14:53:33.096445,,2008-12-10 14:53:01.953372,2008-12-10 14:53:30.757462,2008-12-10 14:53:33.096445
a93e2896fd44ce724486d43263492a1c049ae246,6cd7d8d37b110668afdca42fc0e1d366b322783e,CAD,Executed,v3,,,02abfe216906d699a48d39d56b71327b294027cb,vertical 2,type 8,15.0,9e2b06736b477b7a924f60de14a7e329d82d6f4f,2008-11-16 13:36:13.778661,2008-11-16 13:38:36.550790,2008-11-16 13:36:40.672882,2008-11-16 13:38:36.550790,,2008-11-16 13:36:28.662233,2008-11-16 13:38:36.550790,2008-11-16 13:38:36.550790
b07244f611bbea17839b60e7ec8fd91a830eb403,b5ab8f51d35b64af079485e5bbbc335213f3a0ae,CAD,Executed,v3,,,02abfe216906d699a48d39d56b71327b294027cb,vertical 2,type 8,3.3,9e2b06736b477b7a924f60de14a7e329d82d6f4f,2008-12-05 13:41:44.209125,2008-12-05 13:43:31.421287,2008-12-05 13:41:52.421938,2008-12-05 13:43:31.421287,,2008-12-05 13:41:46.864220,2008-12-05 13:43:28.936785,2008-12-05 13:43:31.421287
d9c2ba06194e0416e9e91bdfa386149c8b65348b,fa485aff3f9e34d55d25f78856d4a2526a5f8e6f,CAD,failed,v3,not_authorized,authorizing,02abfe216906d699a48d39d56b71327b294027cb,vertical 2,type 8,34.2,9e2b06736b477b7a924f60de14a7e329d82d6f4f,2008-09-04 13:06:40.117793,2008-09-04 13:10:06.158645,2008-09-04 13:06:54.350000,,2008-09-04 13:10:06.158645,2008-09-04 13:06:42.679550,,
ef3ef14fecd756b885bbb143f62054ff9beb3372,f4203d6b7658cb7252d6afdf95a6b692e93c2f7b,CAD,Executed,v3,,,02abfe216906d699a48d39d56b71327b294027cb,vertical 2,type 8,7.0,9e2b06736b477b7a924f60de14a7e329d82d6f4f,2009-01-05 14:56:29.571667,2009-01-05 14:57:05.159429,2009-01-05 14:56:35.113474,2009-01-05 14:57:05.159429,,2009-01-05 14:56:31.759985,2009-01-05 14:57:03.597742,2009-01-05 14:57:05.159429
e9bae4eeb5a171ec33446233523d96e89b2342f7,fa485aff3f9e34d55d25f78856d4a2526a5f8e6f,CAD,failed,v3,expired,initiated,02abfe216906d699a48d39d56b71327b294027cb,vertical 2,type 8,1.1,9e2b06736b477b7a924f60de14a7e329d82d6f4f,2009-03-10 16:08:46.538413,2009-03-10 16:23:46.703789,2009-03-10 16:16:03.043247,,2009-03-10 16:23:46.703789,2009-03-10 16:08:51.052764,,
70bb0e789c01d934bf2fd38793592f270f1779b5,fa485aff3f9e34d55d25f78856d4a2526a5f8e6f,CAD,Executed,v3,,,02abfe216906d699a48d39d56b71327b294027cb,vertical 2,type 8,10.0,9e2b06736b477b7a924f60de14a7e329d82d6f4f,2008-11-23 14:24:23.238346,2008-11-23 14:24:55.041195,2008-11-23 14:24:29.055176,2008-11-23 14:24:54.618597,,2008-11-23 14:24:25.556273,2008-11-23 14:24:52.323095,2008-11-23 14:24:55.041195
d07e6b676d40146ea1b5931ef6c740442b28c8af,b7308502f039e303a048625c725d4aea3380c2ac,CAD,Executed,v3,,,02abfe216906d699a48d39d56b71327b294027cb,vertical 2,type 8,10.0,9e2b06736b477b7a924f60de14a7e329d82d6f4f,2009-01-20 14:51:38.680364,2009-01-20 14:52:13.320180,2009-01-20 14:51:48.876592,2009-01-20 14:52:13.320180,,2009-01-20 14:51:42.319743,2009-01-20 14:52:12.433021,2009-01-20 14:52:13.320180
7c7ffd5716f57f6cfa0838d40bae1f100123f51c,b5ab8f51d35b64af079485e5bbbc335213f3a0ae,CAD,Executed,v3,,,d292da2283043c07accb1086a004caaf05472d44,vertical 5,type 8,5.0,9e2b06736b477b7a924f60de14a7e329d82d6f4f,2008-10-31 07:46:08.843820,2008-10-31 07:46:33.115578,2008-10-31 07:46:13.207723,2008-10-31 07:46:33.115578,,2008-10-31 07:46:10.961215,2008-10-31 07:46:30.358936,2008-10-31 07:46:33.115578
54b01d1ae6fe6015838c3bbc6a23dcf1734bd0bc,4d762ce64874cd49be593313e92a1e61cf74417e,CAD,Executed,v3,,,d292da2283043c07accb1086a004caaf05472d44,vertical 5,type 8,4.0,9e2b06736b477b7a924f60de14a7e329d82d6f4f,2008-02-10 14:11:46.882404,2008-02-10 14:14:42.057478,2008-02-10 14:12:10.398801,2008-02-10 14:14:41.980510,,2008-02-10 14:11:46.882404,2008-02-10 14:14:41.335250,2008-02-10 14:14:42.057478
2398f9e8211ec673bd0cb3d86f10eed1d1a7401c,34a0061ba48d1c2810cd930dd69d42482ca92d85,CAD,Executed,v3,,,d292da2283043c07accb1086a004caaf05472d44,vertical 5,type 8,1.0,9e2b06736b477b7a924f60de14a7e329d82d6f4f,2008-11-25 22:03:37.783623,2008-11-25 22:04:16.847912,2008-11-25 22:03:50.576561,2008-11-25 22:04:16.211920,,2008-11-25 22:03:44.941039,2008-11-25 22:04:13.742828,2008-11-25 22:04:16.847912
a86c01edcb362baf86677b08559a79c2b6fe2a06,4d762ce64874cd49be593313e92a1e61cf74417e,CAD,failed,v3,expired,authorizing,d292da2283043c07accb1086a004caaf05472d44,vertical 5,type 8,10.0,9e2b06736b477b7a924f60de14a7e329d82d6f4f,2009-01-26 01:11:34.497544,2009-01-26 01:26:34.594100,2009-01-26 01:11:44.985236,,2009-01-26 01:26:34.594100,2009-01-26 01:11:39.272085,,
ead5b0bf0664c585874c6dc7917b7e98a3f29dfb,34a0061ba48d1c2810cd930dd69d42482ca92d85,CAD,failed,v3,expired,authorizing,02abfe216906d699a48d39d56b71327b294027cb,vertical 2,type 8,37.7,9e2b06736b477b7a924f60de14a7e329d82d6f4f,2009-02-25 12:31:43.074978,2009-02-25 12:46:43.285657,2009-02-25 12:32:03.626332,,2009-02-25 12:46:43.285657,2009-02-25 12:31:56.465754,,
0715bd2991b7d49dd0f30f690deb10a0602b334f,6926610db1dfc17aca46a6f67789d7d6c24a7185,CAD,Executed,v3,,,02abfe216906d699a48d39d56b71327b294027cb,vertical 2,type 8,42.15,9e2b06736b477b7a924f60de14a7e329d82d6f4f,2008-09-21 11:14:46.945121,2008-09-21 11:19:11.010551,2008-09-21 11:14:52.801880,2008-09-21 11:19:11.010551,,2008-09-21 11:14:48.720570,2008-09-21 11:19:10.359862,2008-09-21 11:19:11.010551
3f3eaa0c0ff7550e74b16c8894a4f385e11dcac0,34a0061ba48d1c2810cd930dd69d42482ca92d85,CAD,Executed,v3,,,d292da2283043c07accb1086a004caaf05472d44,vertical 5,type 8,5.0,9e2b06736b477b7a924f60de14a7e329d82d6f4f,2009-12-07 22:19:03.942148,2009-12-07 22:19:28.913000,2009-12-07 22:19:10.119666,2009-12-07 22:19:26.710230,,2009-12-07 22:19:06.770131,2009-12-07 22:19:25.261733,2009-12-07 22:19:28.913000
7a539373b48db7fa9bc4dd191d218d73c082b5d4,b7308502f039e303a048625c725d4aea3380c2ac,CAD,Executed,v3,,,02abfe216906d699a48d39d56b71327b294027cb,vertical 2,type 8,10.0,9e2b06736b477b7a924f60de14a7e329d82d6f4f,2009-01-04 10:49:15.056231,2009-01-04 10:49:41.164405,2009-01-04 10:49:20.633311,2009-01-04 10:49:41.164405,,2009-01-04 10:49:16.572113,2009-01-04 10:49:39.294855,2009-01-04 10:49:41.164405
299cbf9bb6c5418296b68dd120f18d8d22b3002d,e8085010136a26d0ebc200ac0751b1d9d673a764,CAD,Executed,v3,,,d292da2283043c07accb1086a004caaf05472d44,vertical 5,type 8,1.0,9e2b06736b477b7a924f60de14a7e329d82d6f4f,2008-08-09 22:29:20.860980,2008-08-09 22:30:37.475599,2008-08-09 22:29:31.497459,2008-08-09 22:30:37.475599,,2008-08-09 22:29:27.944448,2008-08-09 22:30:33.020150,2008-08-09 22:30:37.475599
1b7a56c066607c34d4d7c78ca9a15b05810a7b47,34a0061ba48d1c2810cd930dd69d42482ca92d85,CAD,Executed,v3,,,1911acfcfdc29f5349706da6c1494009e7125da0,vertical 5,type 8,1.23,9e2b06736b477b7a924f60de14a7e329d82d6f4f,2010-02-04 17:52:15.129319,2010-02-04 17:52:36.728089,2010-02-04 17:52:19.133489,2010-02-04 17:52:36.728089,,2010-02-04 17:52:17.458440,2010-02-04 17:52:35.304850,2010-02-04 17:52:36.500000
fffefe7f3a398c3ca9d05337bd435afe0ade70af,34a0061ba48d1c2810cd930dd69d42482ca92d85,CAD,Executed,v3,,,1911acfcfdc29f5349706da6c1494009e7125da0,vertical 5,type 8,2.0,9e2b06736b477b7a924f60de14a7e329d82d6f4f,2010-01-26 09:02:54.896035,2010-01-26 09:03:36.680000,2010-01-26 09:03:13.293280,2010-01-26 09:03:36.272611,,2010-01-26 09:03:06.982775,2010-01-26 09:03:35.028046,2010-01-26 09:03:36.680000
733a3d56523f12940431282f1e60ea420b169d05,6926610db1dfc17aca46a6f67789d7d6c24a7185,CAD,Executed,v3,,,1911acfcfdc29f5349706da6c1494009e7125da0,vertical 5,type 8,1.0,9e2b06736b477b7a924f60de14a7e329d82d6f4f,2010-01-23 22:43:05.732303,2010-01-23 22:43:46.098182,2010-01-23 22:43:09.089530,2010-01-23 22:43:46.098182,,2010-01-23 22:43:07.506397,2010-01-23 22:43:44.790834,2010-01-23 22:43:45.997000
0ccb40f1663d0e926f1aab7a995334296e947d1a,8216651c8989eb69415e6fd793175c69351debc5,USD,failed,v3,expired,authorizing,6b9aa19c38a47a7d809eb3203685aaf80e25e9d6,vertical 2,,1.1,f69ad584c025f9b756ce1e8c70de3a33aef50b32,2010-01-03 21:21:57.535985,2010-01-03 21:36:57.789764,,,2010-01-03 21:36:57.789764,2010-01-03 21:22:01.516951,,
a96449829cc84494b183ae253182315ba6019cf4,4475c4563dba7a36e7d141ff4c42d5b696817201,USD,failed,v3,provider_rejected,authorized,6b9aa19c38a47a7d809eb3203685aaf80e25e9d6,vertical 2,type 1,690.0,f69ad584c025f9b756ce1e8c70de3a33aef50b32,2009-10-15 20:40:10.715615,2009-10-15 20:41:07.669096,2009-10-15 20:40:20.751068,,2009-10-15 20:41:07.669096,2009-10-15 20:40:13.799282,2009-10-15 20:41:07.666859,
eb86ff26b423eb0849559a6e87d803f628de3cdb,6c135101d303aa38bbe56a9b0d9e95db2247d588,USD,failed,v3,not_authorized,initiated,6b9aa19c38a47a7d809eb3203685aaf80e25e9d6,vertical 2,type 2,2.0,f69ad584c025f9b756ce1e8c70de3a33aef50b32,2009-10-15 20:06:58.396864,2009-10-15 20:11:28.672295,2009-10-15 20:07:12.024407,,2009-10-15 20:11:28.672295,2009-10-15 20:07:01.887322,,
74dd8b04435994b2a945acd669b654ed4be13419,b7308502f039e303a048625c725d4aea3380c2ac,CAD,Executed,v3,,,64c370a753b1db282770cdbf2aba5434a3185b3d,vertical 2,type 8,4.4,9e2b06736b477b7a924f60de14a7e329d82d6f4f,2009-10-10 17:48:13.244000,2009-10-10 17:48:48.333224,2009-10-10 17:48:21.692520,2009-10-10 17:48:48.333224,,2009-10-10 17:48:14.023475,2009-10-10 17:48:46.513318,2009-10-10 17:48:48.333224
ff44f99f3db1c4372ab20a8dbddb54a5084c5ea4,0090e57640ed78b0c16ac4606a6773769545bb17,CAD,Executed,v3,,,64c370a753b1db282770cdbf2aba5434a3185b3d,vertical 2,type 8,10.14,9e2b06736b477b7a924f60de14a7e329d82d6f4f,2009-10-09 09:40:04.585286,2009-10-09 09:41:30.116814,2009-10-09 09:40:10.796943,2009-10-09 09:41:30.116814,,2009-10-09 09:40:05.322911,2009-10-09 09:41:28.838698,2009-10-09 09:41:30.116814
4bfc8738d900cf7ab9472746394efe888b2369da,6cd7d8d37b110668afdca42fc0e1d366b322783e,CAD,Executed,v3,,,64c370a753b1db282770cdbf2aba5434a3185b3d,vertical 2,type 8,30.0,9e2b06736b477b7a924f60de14a7e329d82d6f4f,2010-01-24 11:27:20.925264,2010-01-24 11:28:18.500094,2010-01-24 11:27:29.807872,2010-01-24 11:28:18.500094,,2010-01-24 11:27:25.635691,2010-01-24 11:28:16.990172,2010-01-24 11:28:18.017000
8851013c6c198c021dd92fc8b49589aab448397d,6c135101d303aa38bbe56a9b0d9e95db2247d588,USD,failed,v3,expired,authorizing,6b9aa19c38a47a7d809eb3203685aaf80e25e9d6,vertical 2,,100.0,f69ad584c025f9b756ce1e8c70de3a33aef50b32,2009-11-08 14:46:41.976050,2009-11-08 15:01:42.046721,,,2009-11-08 15:01:42.046721,2009-11-08 14:46:47.106085,,
cf92ac6b5d6a20502e2a4be2d33aba86d08bc795,0c13594466c8f4c9996801c4cc3f822975978c2d,USD,initiated,v3,,,6b9aa19c38a47a7d809eb3203685aaf80e25e9d6,vertical 2,type 3,0.9,f69ad584c025f9b756ce1e8c70de3a33aef50b32,2010-02-03 09:21:06.539453,2010-02-03 09:21:11.720670,2010-02-03 09:21:11.720670,,,2010-02-03 09:21:09.117392,,
9c81e0d2ebe868679adeb576b03fa475d4ff2c6b,8b408eb9070e2b1dbb590cd7ffe0f467b490a66a,USD,Executed,v3,,,6b9aa19c38a47a7d809eb3203685aaf80e25e9d6,vertical 2,type 1,5.0,f69ad584c025f9b756ce1e8c70de3a33aef50b32,2009-09-17 05:16:28.740141,2009-09-17 05:17:48.667135,2009-09-17 05:16:40.261156,2009-09-17 05:17:48.667135,,2009-09-17 05:16:30.736058,2009-09-17 05:17:45.820258,2009-09-17 05:17:48.667135
461411233c1c68d70a8a8d19fd2fd35f526cb454,fa485aff3f9e34d55d25f78856d4a2526a5f8e6f,CAD,Executed,v3,,,5300313e698b5062bfe820f7efc7571699b4bb4c,vertical 2,type 8,2.62,9e2b06736b477b7a924f60de14a7e329d82d6f4f,2009-03-13 14:23:09.981139,2009-03-13 14:23:28.542598,2009-03-13 14:23:14.815639,2009-03-13 14:23:28.542598,,2009-03-13 14:23:11.679706,2009-03-13 14:23:26.083052,
2229af4ba2f0dbf107bad39b6843690a0f6b00be,b5ab8f51d35b64af079485e5bbbc335213f3a0ae,CAD,Executed,v3,,,5300313e698b5062bfe820f7efc7571699b4bb4c,vertical 2,type 8,5.5,9e2b06736b477b7a924f60de14a7e329d82d6f4f,2009-12-08 13:34:00.337202,2009-12-08 13:34:32.898978,2009-12-08 13:34:06.225694,2009-12-08 13:34:32.898978,,2009-12-08 13:34:02.429847,2009-12-08 13:34:31.326030,
4e59e3b0488fb7383581480c0854f3fd0e10440e,6cd7d8d37b110668afdca42fc0e1d366b322783e,CAD,failed,v3,expired,initiated,5300313e698b5062bfe820f7efc7571699b4bb4c,vertical 2,type 8,6.5,9e2b06736b477b7a924f60de14a7e329d82d6f4f,2009-09-16 09:29:43.463900,2009-09-16 09:44:43.623501,2009-09-16 09:29:53.448892,,2009-09-16 09:44:43.623501,2009-09-16 09:29:47.680267,,
20a7090460eccf718126fdeadefdd0f4f5101492,34a0061ba48d1c2810cd930dd69d42482ca92d85,CAD,Executed,v3,,,5300313e698b5062bfe820f7efc7571699b4bb4c,vertical 2,type 8,4.0,9e2b06736b477b7a924f60de14a7e329d82d6f4f,2009-03-09 14:03:11.889934,2009-03-09 14:06:56.538549,2009-03-09 14:03:19.445911,2009-03-09 14:06:56.538549,,2009-03-09 14:03:14.531181,2009-03-09 14:06:54.080234,
e2c412622b92618976c278e7be65722013f5a140,8216651c8989eb69415e6fd793175c69351debc5,USD,failed,v3,not_authorized,initiated,6b9aa19c38a47a7d809eb3203685aaf80e25e9d6,vertical 2,type 1,20.0,f69ad584c025f9b756ce1e8c70de3a33aef50b32,2010-01-05 22:58:44.990460,2010-01-05 22:59:55.806476,2010-01-05 22:58:57.301457,,2010-01-05 22:59:55.806476,2010-01-05 22:58:49.645761,,
a64da5a151f93d1db779acdc7c46f2669f431424,b7308502f039e303a048625c725d4aea3380c2ac,CAD,Executed,v3,,,f66f2f438fc87dd7deff8e022a67cc5d71aa6968,vertical 2,type 8,7.26,9e2b06736b477b7a924f60de14a7e329d82d6f4f,2009-09-28 23:13:11.928282,2009-09-28 23:13:22.846591,2009-09-28 23:13:15.537800,2009-09-28 23:13:22.846591,,2009-09-28 23:13:12.397891,2009-09-28 23:13:21.204860,2009-09-28 23:13:22.846591
366fe89493267923149fa8fd303f34291b718c69,30f7c597c23522d4038935c6491bb91e74647c22,USD,failed,v3,provider_expired,initiated,6b9aa19c38a47a7d809eb3203685aaf80e25e9d6,vertical 2,type 1,50.0,f69ad584c025f9b756ce1e8c70de3a33aef50b32,2009-12-30 10:56:47.934207,2009-12-30 11:57:17.921836,2009-12-30 10:57:07.512891,,2009-12-30 11:57:17.921836,2009-12-30 10:56:52.130121,,
a140f80d9de6a78af0361ed92dd8d5fff89f9d9c,0090e57640ed78b0c16ac4606a6773769545bb17,CAD,Executed,v3,,,5300313e698b5062bfe820f7efc7571699b4bb4c,vertical 2,type 8,9.99,9e2b06736b477b7a924f60de14a7e329d82d6f4f,2009-04-03 21:35:43.254090,2009-04-03 21:36:33.655738,2009-04-03 21:35:50.587986,2009-04-03 21:36:33.655738,,2009-04-03 21:35:45.813244,2009-04-03 21:36:29.687696,
814a4fd73c4e58cba20ae8e036331071776433f2,b5ab8f51d35b64af079485e5bbbc335213f3a0ae,CAD,failed,v3,provider_error,initiated,f66f2f438fc87dd7deff8e022a67cc5d71aa6968,vertical 2,type 8,29.76,9e2b06736b477b7a924f60de14a7e329d82d6f4f,2009-09-15 13:18:37.779259,2009-09-15 13:18:50.795076,2009-09-15 13:18:42.810945,,2009-09-15 13:18:50.795076,2009-09-15 13:18:38.743649,,
44f27da38dd0c18657be923d8eadfa81e2ce67e2,fa485aff3f9e34d55d25f78856d4a2526a5f8e6f,CAD,Executed,v3,,,64c370a753b1db282770cdbf2aba5434a3185b3d,vertical 2,type 8,1.0,9e2b06736b477b7a924f60de14a7e329d82d6f4f,2009-10-06 13:45:02.367641,2009-10-06 13:45:18.117745,2009-10-06 13:45:06.895010,2009-10-06 13:45:18.117745,,2009-10-06 13:45:03.520761,2009-10-06 13:45:15.696296,2009-10-06 13:45:18.117745
0d7b4e5fc89f8ba70cd7e1bd8df54dd092674947,e8085010136a26d0ebc200ac0751b1d9d673a764,CAD,Executed,v3,,,64c370a753b1db282770cdbf2aba5434a3185b3d,vertical 2,type 8,7.93,9e2b06736b477b7a924f60de14a7e329d82d6f4f,2009-10-06 15:56:19.438458,2009-10-06 15:56:53.498994,2009-10-06 15:56:25.150012,2009-10-06 15:56:53.120886,,2009-10-06 15:56:21.084611,2009-10-06 15:56:50.058439,2009-10-06 15:56:53.498994
3dd1d2328a0c7d1db57b08dedf33f0f43d92eacd,b5ab8f51d35b64af079485e5bbbc335213f3a0ae,CAD,Executed,v3,,,5300313e698b5062bfe820f7efc7571699b4bb4c,vertical 2,type 8,30.0,9e2b06736b477b7a924f60de14a7e329d82d6f4f,2009-03-10 16:39:23.406778,2009-03-10 16:40:04.481190,2009-03-10 16:39:29.435836,2009-03-10 16:40:04.481190,,2009-03-10 16:39:24.976269,2009-03-10 16:40:01.099094,
6c3c4b6a670ffaee44b31c2b5cbf35e7b6bf6608,eb1c4738ae6ac9c907a46a541af2d02d6be2f05b,CAD,Executed,v3,,,f66f2f438fc87dd7deff8e022a67cc5d71aa6968,vertical 2,type 8,8.0,9e2b06736b477b7a924f60de14a7e329d82d6f4f,2009-09-28 09:11:51.771021,2009-09-28 09:12:20.408501,2009-09-28 09:11:57.432745,2009-09-28 09:12:20.055238,,2009-09-28 09:11:52.644579,2009-09-28 09:12:18.430285,2009-09-28 09:12:20.408501
38dc377f5f546c0702b2b8208511c4fe40eac075,34a0061ba48d1c2810cd930dd69d42482ca92d85,CAD,failed,v3,expired,initiated,f66f2f438fc87dd7deff8e022a67cc5d71aa6968,vertical 2,type 8,5.0,9e2b06736b477b7a924f60de14a7e329d82d6f4f,2010-02-06 12:29:53.561039,2010-02-06 12:44:53.727235,2010-02-06 12:29:59.310028,,2010-02-06 12:44:53.727235,2010-02-06 12:29:53.930476,,
f26c46e936b862d33f56889445853b8a206a6cf0,660054a4565377c6e43ff7709abf56d8494ba604,CAD,Executed,v3,,,f66f2f438fc87dd7deff8e022a67cc5d71aa6968,vertical 2,type 8,12.0,9e2b06736b477b7a924f60de14a7e329d82d6f4f,2009-12-26 06:33:32.335824,2009-12-26 06:34:31.030000,2009-12-26 06:33:46.680771,2009-12-26 06:34:31.030000,,2009-12-26 06:33:35.543753,2009-12-26 06:34:29.997456,2009-12-26 06:34:31.030000
1931d5150184ee264aef1074246a4b808f19b9ee,660054a4565377c6e43ff7709abf56d8494ba604,CAD,Executed,v3,,,f66f2f438fc87dd7deff8e022a67cc5d71aa6968,vertical 2,type 8,100.0,9e2b06736b477b7a924f60de14a7e329d82d6f4f,2009-08-27 09:53:15.140626,2009-08-27 09:56:39.435770,2009-08-27 09:53:22.618583,2009-08-27 09:56:39.435770,,2009-08-27 09:53:15.757367,2009-08-27 09:56:37.598746,2009-08-27 09:56:39.435770
cdb20093629966fc7cd4d12d6aef4a4865534df1,fa485aff3f9e34d55d25f78856d4a2526a5f8e6f,CAD,Executed,v3,,,f66f2f438fc87dd7deff8e022a67cc5d71aa6968,vertical 2,type 8,80.0,9e2b06736b477b7a924f60de14a7e329d82d6f4f,2010-01-01 07:27:08.778689,2010-01-01 07:28:17.017000,2010-01-01 07:27:27.315010,2010-01-01 07:28:17.017000,,2010-01-01 07:27:14.214225,2010-01-01 07:28:14.785635,2010-01-01 07:28:17.017000
aa0578e18e16a63ffbb561378c3a1d292ee9c1ce,b5ab8f51d35b64af079485e5bbbc335213f3a0ae,CAD,Executed,v3,,,f66f2f438fc87dd7deff8e022a67cc5d71aa6968,vertical 2,type 8,9.0,9e2b06736b477b7a924f60de14a7e329d82d6f4f,2009-08-31 17:59:04.447021,2009-08-31 17:59:45.065986,2009-08-31 17:59:09.984383,2009-08-31 17:59:44.991291,,2009-08-31 17:59:05.417680,2009-08-31 17:59:43.359457,2009-08-31 17:59:45.065986
85066d29b5408218dfcbb49d669034bfecf45b1d,f4203d6b7658cb7252d6afdf95a6b692e93c2f7b,CAD,Executed,v3,,,f66f2f438fc87dd7deff8e022a67cc5d71aa6968,vertical 2,type 8,60.0,9e2b06736b477b7a924f60de14a7e329d82d6f4f,2009-08-02 14:46:19.830546,2009-08-02 14:46:46.574000,2009-08-02 14:46:23.400121,2009-08-02 14:46:46.574000,,2009-08-02 14:46:20.160469,2009-08-02 14:46:44.594170,2009-08-02 14:46:46.574000
58907de8448a8c04d875bc68f1d28b3571253b3e,34a0061ba48d1c2810cd930dd69d42482ca92d85,CAD,Executed,v3,,,f66f2f438fc87dd7deff8e022a67cc5d71aa6968,vertical 2,type 8,15.8,9e2b06736b477b7a924f60de14a7e329d82d6f4f,2009-12-20 03:56:58.614139,2009-12-20 03:57:37.253000,2009-12-20 03:57:03.914802,2009-12-20 03:57:35.733235,,2009-12-20 03:56:58.962682,2009-12-20 03:57:34.342654,2009-12-20 03:57:37.253000
4bf8eef872344e78cf6427400ad3ac3667e43218,660054a4565377c6e43ff7709abf56d8494ba604,CAD,Executed,v3,,,f66f2f438fc87dd7deff8e022a67cc5d71aa6968,vertical 2,type 8,10.0,9e2b06736b477b7a924f60de14a7e329d82d6f4f,2009-12-06 23:12:46.570200,2009-12-06 23:13:38.370000,2009-12-06 23:12:59.483820,2009-12-06 23:13:38.370000,,2009-12-06 23:12:50.634976,2009-12-06 23:13:37.331952,2009-12-06 23:13:38.370000
917be0f407339347036ce0597e58c72fa0071909,6926610db1dfc17aca46a6f67789d7d6c24a7185,CAD,Executed,v3,,,02abfe216906d699a48d39d56b71327b294027cb,vertical 2,type 8,18.0,9e2b06736b477b7a924f60de14a7e329d82d6f4f,2009-03-24 13:55:16.254569,2009-03-24 13:56:43.911569,2009-03-24 13:55:25.330409,2009-03-24 13:56:43.911569,,2009-03-24 13:55:19.223724,2009-03-24 13:56:42.547682,2009-03-24 13:56:43.911569
6f120e276deb84f43cc18a6bf2448d212441cf00,b5ab8f51d35b64af079485e5bbbc335213f3a0ae,CAD,failed,v3,expired,authorizing,02abfe216906d699a48d39d56b71327b294027cb,vertical 2,type 8,40.0,9e2b06736b477b7a924f60de14a7e329d82d6f4f,2008-06-27 10:43:20.986344,2008-06-27 10:58:21.029377,2008-06-27 10:43:30.123240,,2008-06-27 10:58:21.029377,2008-06-27 10:43:22.817681,,
cccbea2c2d34d01408b7b726099f7f0261da5835,b5ab8f51d35b64af079485e5bbbc335213f3a0ae,CAD,Executed,v3,,,02abfe216906d699a48d39d56b71327b294027cb,vertical 2,type 8,42.02,9e2b06736b477b7a924f60de14a7e329d82d6f4f,2009-02-20 12:14:03.159532,2009-02-20 12:14:38.973715,2009-02-20 12:14:11.524918,2009-02-20 12:14:38.689914,,2009-02-20 12:14:05.250324,2009-02-20 12:14:35.586493,2009-02-20 12:14:38.973715
388d2463e6ed93247040ef83e80411dd605c09f8,fa485aff3f9e34d55d25f78856d4a2526a5f8e6f,CAD,Executed,v3,,,02abfe216906d699a48d39d56b71327b294027cb,vertical 2,type 8,10.0,9e2b06736b477b7a924f60de14a7e329d82d6f4f,2008-12-07 10:23:58.775183,2008-12-07 10:24:56.004177,2008-12-07 10:24:04.611864,2008-12-07 10:24:33.643717,,2008-12-07 10:24:01.341915,2008-12-07 10:24:31.167537,2008-12-07 10:24:56.004177
b69a2c4468b143ecec0c765925ad36b6885af9a2,b5ab8f51d35b64af079485e5bbbc335213f3a0ae,CAD,Executed,v3,,,02abfe216906d699a48d39d56b71327b294027cb,vertical 2,type 8,11.6,9e2b06736b477b7a924f60de14a7e329d82d6f4f,2008-08-18 17:56:48.320454,2008-08-18 17:59:46.699125,2008-08-18 17:56:57.986053,2008-08-18 17:59:46.699125,,2008-08-18 17:56:51.915959,2008-08-18 17:59:45.419445,2008-08-18 17:59:46.699125
31ce4281a3b5f39b1e2ff244e026182611e2b7e2,b5ab8f51d35b64af079485e5bbbc335213f3a0ae,CAD,Executed,v3,,,f66f2f438fc87dd7deff8e022a67cc5d71aa6968,vertical 2,type 8,59.66,9e2b06736b477b7a924f60de14a7e329d82d6f4f,2009-10-18 13:29:08.073752,2009-10-18 13:29:35.828860,2009-10-18 13:29:15.444745,2009-10-18 13:29:35.248969,,2009-10-18 13:29:09.060601,2009-10-18 13:29:33.840863,2009-10-18 13:29:35.828860
d3a1d54362fcaedb18b4301cd28b0556eca9ebda,34a0061ba48d1c2810cd930dd69d42482ca92d85,CAD,Executed,v3,,,f66f2f438fc87dd7deff8e022a67cc5d71aa6968,vertical 2,type 8,98.35,9e2b06736b477b7a924f60de14a7e329d82d6f4f,2009-08-21 12:33:55.030755,2009-08-21 12:34:42.904864,2009-08-21 12:34:11.707199,2009-08-21 12:34:42.169193,,2009-08-21 12:33:56.234903,2009-08-21 12:34:40.878708,2009-08-21 12:34:42.904864
43387712df98a496d45180eebdd56b5d71da810e,660054a4565377c6e43ff7709abf56d8494ba604,CAD,Executed,v3,,,f66f2f438fc87dd7deff8e022a67cc5d71aa6968,vertical 2,type 8,6.25,9e2b06736b477b7a924f60de14a7e329d82d6f4f,2010-01-02 08:31:38.957701,2010-01-02 08:32:13.120000,2010-01-02 08:31:46.923222,2010-01-02 08:32:13.120000,,2010-01-02 08:31:42.568493,2010-01-02 08:32:10.926537,2010-01-02 08:32:13.120000
3fd5be4c4d9ab6df186575d3425c3eeae6de8afd,b5ab8f51d35b64af079485e5bbbc335213f3a0ae,CAD,Executed,v3,,,f66f2f438fc87dd7deff8e022a67cc5d71aa6968,vertical 2,type 8,3.3,9e2b06736b477b7a924f60de14a7e329d82d6f4f,2009-06-23 14:06:19.668404,2009-06-23 14:07:19.343156,2009-06-23 14:06:26.902353,2009-06-23 14:07:19.343156,,2009-06-23 14:06:20.953206,2009-06-23 14:07:17.215259,2009-06-23 14:07:19.343156
3232bbbc81afd35233e864cd2d35689dd25b4d23,b7308502f039e303a048625c725d4aea3380c2ac,CAD,failed,v3,canceled,authorizing,f66f2f438fc87dd7deff8e022a67cc5d71aa6968,vertical 2,type 8,149.55,9e2b06736b477b7a924f60de14a7e329d82d6f4f,2010-01-30 10:15:36.495464,2010-01-30 10:16:22.222964,,,2010-01-30 10:16:22.222964,2010-01-30 10:15:42.723370,,
666db26677e5dc4582790e65c67ed59276e671a9,8216651c8989eb69415e6fd793175c69351debc5,USD,failed,v3,provider_expired,initiated,6b9aa19c38a47a7d809eb3203685aaf80e25e9d6,vertical 2,type 1,10.0,f69ad584c025f9b756ce1e8c70de3a33aef50b32,2009-08-23 14:47:08.244308,2009-08-24 14:59:37.962057,2009-08-23 14:47:17.825485,,2009-08-24 14:59:37.962057,2009-08-23 14:47:12.711497,,
a6b60d6e858ce754db9dd3635e00838f638a8615,6926610db1dfc17aca46a6f67789d7d6c24a7185,CAD,failed,v3,canceled,authorizing,64c370a753b1db282770cdbf2aba5434a3185b3d,vertical 2,type 8,198.98,9e2b06736b477b7a924f60de14a7e329d82d6f4f,2009-08-04 18:58:00.001179,2009-08-04 18:58:12.446996,,,2009-08-04 18:58:12.446996,2009-08-04 18:58:00.918530,,
4c5702de1d4e4dcd1eaebbb9a040b0abeda5a4fd,6cd7d8d37b110668afdca42fc0e1d366b322783e,CAD,Executed,v3,,,d292da2283043c07accb1086a004caaf05472d44,vertical 5,type 8,1.0,9e2b06736b477b7a924f60de14a7e329d82d6f4f,2010-01-27 00:33:26.943270,2010-01-27 00:34:59.387000,2010-01-27 00:33:45.647564,2010-01-27 00:34:59.363404,,2010-01-27 00:33:38.737958,2010-01-27 00:34:57.740113,2010-01-27 00:34:59.387000
048f5a38524bd8ab87aa555b21bb9e65547a55e5,6926610db1dfc17aca46a6f67789d7d6c24a7185,CAD,failed,v3,not_authorized,initiated,d292da2283043c07accb1086a004caaf05472d44,vertical 5,type 8,2.0,9e2b06736b477b7a924f60de14a7e329d82d6f4f,2009-12-06 18:00:55.639725,2009-12-06 18:01:45.469838,2009-12-06 18:01:06.833020,,2009-12-06 18:01:45.469838,2009-12-06 18:01:00.582803,,
0e2bab8516d2a9958fda57db0d93c50cc00b7f49,b5ab8f51d35b64af079485e5bbbc335213f3a0ae,CAD,Executed,v3,,,d292da2283043c07accb1086a004caaf05472d44,vertical 5,type 8,2.0,9e2b06736b477b7a924f60de14a7e329d82d6f4f,2009-12-19 22:08:17.138295,2009-12-19 22:08:36.447000,2009-12-19 22:08:24.030592,2009-12-19 22:08:36.447000,,2009-12-19 22:08:21.175549,2009-12-19 22:08:34.930768,2009-12-19 22:08:36.447000
88e68806e99f519bd034a9ca7c5de8430917df46,8216651c8989eb69415e6fd793175c69351debc5,USD,failed,v3,provider_expired,initiated,6b9aa19c38a47a7d809eb3203685aaf80e25e9d6,vertical 2,type 1,21.5,f69ad584c025f9b756ce1e8c70de3a33aef50b32,2010-01-27 19:41:33.474016,2010-01-28 19:47:07.867076,2010-01-27 19:41:42.013860,,2010-01-28 19:47:07.867076,2010-01-27 19:41:36.609219,,
11e24142fc432eceea8a71ca6924f849e0aa3ef1,0c13594466c8f4c9996801c4cc3f822975978c2d,USD,Executed,v3,,,6b9aa19c38a47a7d809eb3203685aaf80e25e9d6,vertical 2,type 3,2.0,f69ad584c025f9b756ce1e8c70de3a33aef50b32,2009-12-31 21:25:01.851993,2009-12-31 21:25:45.164897,2009-12-31 21:25:10.861027,2009-12-31 21:25:45.164897,,2009-12-31 21:25:08.067113,2009-12-31 21:25:43.886986,2009-12-31 21:25:44.000000
e3589062d4abe4c48c8bbb66db05957ba8b4dd98,30f7c597c23522d4038935c6491bb91e74647c22,USD,failed,v3,provider_expired,initiated,6b9aa19c38a47a7d809eb3203685aaf80e25e9d6,vertical 2,type 1,1.0,f69ad584c025f9b756ce1e8c70de3a33aef50b32,2009-09-06 00:50:56.520375,2009-09-06 01:51:23.675866,2009-09-06 00:51:12.920058,,2009-09-06 01:51:23.675866,2009-09-06 00:51:03.553424,,
ca0e898ad75692b01dbfa92f4087c91d1711e27c,660054a4565377c6e43ff7709abf56d8494ba604,CAD,Executed,v3,,,5300313e698b5062bfe820f7efc7571699b4bb4c,vertical 2,type 8,8.5,9e2b06736b477b7a924f60de14a7e329d82d6f4f,2009-09-29 21:19:34.948309,2009-09-29 21:20:23.955925,2009-09-29 21:19:40.388286,2009-09-29 21:20:23.955925,,2009-09-29 21:19:36.834940,2009-09-29 21:20:20.022588,
5782e55d1bc68b4fa17015f72fa7d3557364e323,8216651c8989eb69415e6fd793175c69351debc5,USD,failed,v3,provider_expired,initiated,6b9aa19c38a47a7d809eb3203685aaf80e25e9d6,vertical 2,type 1,10.0,f69ad584c025f9b756ce1e8c70de3a33aef50b32,2009-09-05 10:19:26.000451,2009-09-06 10:25:01.789612,2009-09-05 10:19:35.567570,,2009-09-06 10:25:01.789612,2009-09-05 10:19:29.320322,,
b124146a9f35312ec589e663b9a17c17bb06b35a,6926610db1dfc17aca46a6f67789d7d6c24a7185,CAD,Executed,v3,,,64c370a753b1db282770cdbf2aba5434a3185b3d,vertical 2,type 8,20.45,9e2b06736b477b7a924f60de14a7e329d82d6f4f,2009-11-08 10:12:32.088170,2009-11-08 10:13:17.747000,2009-11-08 10:12:38.103119,2009-11-08 10:13:16.824430,,2009-11-08 10:12:33.075544,2009-11-08 10:13:15.176340,2009-11-08 10:13:17.747000
ce96737bb05e355ad29272ba9d4b0ffac8fa3a3e,fa485aff3f9e34d55d25f78856d4a2526a5f8e6f,CAD,Executed,v3,,,64c370a753b1db282770cdbf2aba5434a3185b3d,vertical 2,type 8,4.27,9e2b06736b477b7a924f60de14a7e329d82d6f4f,2009-10-14 17:09:26.255062,2009-10-14 17:09:43.467587,2009-10-14 17:09:30.960272,2009-10-14 17:09:43.467587,,2009-10-14 17:09:27.472632,2009-10-14 17:09:41.128955,2009-10-14 17:09:43.467587
d022f398b02c83d04d6169e13312450426676654,3674b4d292131698ba6c946dda67a8fd8b63f12a,CAD,Executed,v3,,,f66f2f438fc87dd7deff8e022a67cc5d71aa6968,vertical 2,type 8,3.75,9e2b06736b477b7a924f60de14a7e329d82d6f4f,2009-08-07 18:12:48.589341,2009-08-07 18:13:22.117573,2009-08-07 18:12:54.136323,2009-08-07 18:13:16.144683,,2009-08-07 18:12:49.204260,2009-08-07 18:13:14.746071,2009-08-07 18:13:22.117573
6fd2823f8bf2e224b84aeca9348cd2381039b66f,fa485aff3f9e34d55d25f78856d4a2526a5f8e6f,CAD,Executed,v3,,,d292da2283043c07accb1086a004caaf05472d44,vertical 5,type 8,1.5,9e2b06736b477b7a924f60de14a7e329d82d6f4f,2009-12-20 14:08:00.052075,2009-12-20 14:09:03.553000,2009-12-20 14:08:49.412363,2009-12-20 14:09:03.553000,,2009-12-20 14:08:03.052505,2009-12-20 14:09:00.672258,2009-12-20 14:09:03.553000
0ad8d01e2339f71e2e562a8839cded1b2efb7370,b7308502f039e303a048625c725d4aea3380c2ac,CAD,Executed,v3,,,d292da2283043c07accb1086a004caaf05472d44,vertical 5,type 8,2.0,9e2b06736b477b7a924f60de14a7e329d82d6f4f,2009-07-15 19:16:14.374166,2009-07-15 19:16:33.341572,2009-07-15 19:16:19.684513,2009-07-15 19:16:33.341572,,2009-07-15 19:16:16.814408,2009-07-15 19:16:31.320160,2009-07-15 19:16:33.341572
9c2980eda5575221ef5b8d106423ba87678a5634,b5ab8f51d35b64af079485e5bbbc335213f3a0ae,CAD,Executed,v3,,,01e10adf72398bdf40b668926be2809ccf68b4dd,vertical 2,type 8,9.28,9e2b06736b477b7a924f60de14a7e329d82d6f4f,2008-09-20 10:10:12.007123,2008-09-20 10:10:42.088365,2008-09-20 10:10:17.936625,2008-09-20 10:10:42.088365,,2008-09-20 10:10:12.493502,2008-09-20 10:10:39.055236,
06c7169dd0fba9e44630b014e191f84474c7c97b,660054a4565377c6e43ff7709abf56d8494ba604,CAD,Executed,v3,,,02abfe216906d699a48d39d56b71327b294027cb,vertical 2,type 8,100.0,9e2b06736b477b7a924f60de14a7e329d82d6f4f,2008-10-23 11:04:57.269719,2008-10-23 11:07:44.040055,2008-10-23 11:05:10.088613,2008-10-23 11:07:44.040055,,2008-10-23 11:04:59.719396,2008-10-23 11:07:42.400798,2008-10-23 11:07:44.040055
768ad7a1c3422630392e5d65cef89078805a19ca,b7308502f039e303a048625c725d4aea3380c2ac,CAD,Executed,v3,,,d292da2283043c07accb1086a004caaf05472d44,vertical 5,type 8,8.0,9e2b06736b477b7a924f60de14a7e329d82d6f4f,2009-10-29 21:37:34.594723,2009-10-29 21:38:03.563872,2009-10-29 21:37:41.178883,2009-10-29 21:38:03.159326,,2009-10-29 21:37:37.342871,2009-10-29 21:38:01.881740,2009-10-29 21:38:03.563872
4584ab89ac00c401f54e5dc16077cf49f30998c4,e8085010136a26d0ebc200ac0751b1d9d673a764,CAD,Executed,v3,,,01e10adf72398bdf40b668926be2809ccf68b4dd,vertical 2,type 8,74.46,9e2b06736b477b7a924f60de14a7e329d82d6f4f,2009-08-18 18:00:13.783056,2009-08-18 18:06:48.483373,2009-08-18 18:00:35.930412,2009-08-18 18:06:48.483373,,2009-08-18 18:00:23.635525,2009-08-18 18:06:45.759779,
95c3933ef7f72aa9685ced44c47013faab9fffd6,b5ab8f51d35b64af079485e5bbbc335213f3a0ae,CAD,Executed,v3,,,01e10adf72398bdf40b668926be2809ccf68b4dd,vertical 2,type 8,15.0,9e2b06736b477b7a924f60de14a7e329d82d6f4f,2009-12-02 10:20:09.199207,2009-12-02 10:20:39.184787,2009-12-02 10:20:13.367578,2009-12-02 10:20:39.184787,,2009-12-02 10:20:10.279303,2009-12-02 10:20:36.074729,
2a9986322581f9351c58bd63723e499ea6724dad,6cd7d8d37b110668afdca42fc0e1d366b322783e,CAD,Executed,v3,,,01e10adf72398bdf40b668926be2809ccf68b4dd,vertical 2,type 8,5.22,9e2b06736b477b7a924f60de14a7e329d82d6f4f,2009-09-26 11:51:34.285402,2009-09-26 11:52:09.054730,2009-09-26 11:51:37.245985,2009-09-26 11:52:09.054730,,2009-09-26 11:51:34.725690,2009-09-26 11:52:07.315955,
b2b5f00435454a26edb15030797b2be782f47cb9,660054a4565377c6e43ff7709abf56d8494ba604,CAD,Executed,v1,,,01e10adf72398bdf40b668926be2809ccf68b4dd,vertical 2,type 8,9.58,9e2b06736b477b7a924f60de14a7e329d82d6f4f,2007-04-16 23:31:15.716012,2007-04-16 23:32:10.787587,,2007-04-16 23:32:10.787587,,,,
a0a3e86311fe5a0aea49dc27aab9e5450e5fd1e3,6cd7d8d37b110668afdca42fc0e1d366b322783e,CAD,Executed,v3,,,01e10adf72398bdf40b668926be2809ccf68b4dd,vertical 2,type 8,4.63,9e2b06736b477b7a924f60de14a7e329d82d6f4f,2009-05-03 21:29:26.302003,2009-05-03 21:30:14.148006,2009-05-03 21:29:29.411799,2009-05-03 21:30:14.148006,,2009-05-03 21:29:26.739741,2009-05-03 21:30:11.439573,
01747f863dd0d4d3247cd9b04ba33d251947617c,07ff6bf02b22c36bc8089c4ae27fe57918679e80,CAD,failed,v3,expired,authorizing,01e10adf72398bdf40b668926be2809ccf68b4dd,vertical 2,type 8,26.42,9e2b06736b477b7a924f60de14a7e329d82d6f4f,2008-11-23 20:41:07.033017,2008-11-23 20:56:07.080616,2008-11-23 20:41:18.902249,,2008-11-23 20:56:07.080616,2008-11-23 20:41:08.225595,,
10188ce9b429102332ed3f16452a81de3920349d,b7308502f039e303a048625c725d4aea3380c2ac,CAD,Executed,v3,,,01e10adf72398bdf40b668926be2809ccf68b4dd,vertical 2,type 8,20.52,9e2b06736b477b7a924f60de14a7e329d82d6f4f,2008-09-20 08:08:16.982829,2008-09-20 08:08:52.565613,2008-09-20 08:08:21.886144,2008-09-20 08:08:52.565613,,2008-09-20 08:08:18.110649,2008-09-20 08:08:45.631978,
abb57a4f9b9d702da2fc52294b39aabba01d167f,4d762ce64874cd49be593313e92a1e61cf74417e,CAD,New,v1,,,01e10adf72398bdf40b668926be2809ccf68b4dd,vertical 2,type 8,40.09,9e2b06736b477b7a924f60de14a7e329d82d6f4f,2007-12-03 08:36:59.869430,2007-12-03 08:37:02.317219,,,,,,
0466cda6db1894f3059f8e4c8efd4d42f1991e91,fa485aff3f9e34d55d25f78856d4a2526a5f8e6f,CAD,Executed,v3,,,01e10adf72398bdf40b668926be2809ccf68b4dd,vertical 2,type 8,21.9,9e2b06736b477b7a924f60de14a7e329d82d6f4f,2008-11-12 10:30:22.850718,2008-11-12 10:30:46.768212,2008-11-12 10:30:28.263622,2008-11-12 10:30:46.768212,,2008-11-12 10:30:24.377927,2008-11-12 10:30:42.501534,
7fc00c5ab0fc12fb8336923d070dc9d43a2b98bc,34a0061ba48d1c2810cd930dd69d42482ca92d85,CAD,New,v1,,,01e10adf72398bdf40b668926be2809ccf68b4dd,vertical 2,type 8,25.85,9e2b06736b477b7a924f60de14a7e329d82d6f4f,2007-12-29 09:24:09.797657,2007-12-29 09:24:12.339783,,,,,,
3cd1ad173604524b24b2f363acd35c31da479837,b7308502f039e303a048625c725d4aea3380c2ac,CAD,Executed,v3,,,01e10adf72398bdf40b668926be2809ccf68b4dd,vertical 2,type 8,43.22,9e2b06736b477b7a924f60de14a7e329d82d6f4f,2009-12-27 08:42:58.298815,2009-12-27 08:43:51.484605,2009-12-27 08:43:04.068256,2009-12-27 08:43:51.484605,,2009-12-27 08:42:59.105468,2009-12-27 08:43:19.060269,
f4290f77807552de252946d6f5c72b2eea46d8e3,6926610db1dfc17aca46a6f67789d7d6c24a7185,CAD,Executed,v3,,,01e10adf72398bdf40b668926be2809ccf68b4dd,vertical 2,type 8,11.14,9e2b06736b477b7a924f60de14a7e329d82d6f4f,2010-01-02 20:51:10.589010,2010-01-02 20:51:54.345238,2010-01-02 20:51:15.365130,2010-01-02 20:51:54.345238,,2010-01-02 20:51:11.215681,2010-01-02 20:51:52.796847,
c16019aa16c52baa8b1cf40b5bf397772c988c74,6cd7d8d37b110668afdca42fc0e1d366b322783e,CAD,Executed,v3,,,01e10adf72398bdf40b668926be2809ccf68b4dd,vertical 2,type 8,54.59,9e2b06736b477b7a924f60de14a7e329d82d6f4f,2009-12-25 20:59:57.292513,2009-12-25 21:01:14.069493,2009-12-25 21:00:01.944458,2009-12-25 21:01:14.069493,,2009-12-25 20:59:58.477583,2009-12-25 21:01:12.566740,
e0f53c5218080a6e8e341d509da2cec418d337c4,34a0061ba48d1c2810cd930dd69d42482ca92d85,CAD,Executed,v3,,,01e10adf72398bdf40b668926be2809ccf68b4dd,vertical 2,type 8,34.61,9e2b06736b477b7a924f60de14a7e329d82d6f4f,2009-11-23 22:11:56.080212,2009-11-23 22:12:20.457669,2009-11-23 22:12:00.132496,2009-11-23 22:12:20.457669,,2009-11-23 22:11:56.631085,2009-11-23 22:12:19.025911,
359ff50bd26d679cdfd53d228d6c41270697b388,660054a4565377c6e43ff7709abf56d8494ba604,CAD,Executed,v3,,,02abfe216906d699a48d39d56b71327b294027cb,vertical 2,type 8,1.7,9e2b06736b477b7a924f60de14a7e329d82d6f4f,2008-12-31 11:09:03.609253,2008-12-31 11:10:31.104313,2008-12-31 11:09:21.450340,2008-12-31 11:10:31.017724,,2008-12-31 11:09:10.652851,2008-12-31 11:10:28.235486,2008-12-31 11:10:31.104313
f4372c87545adad146687ec8d86ce3e2c5bfd6ad,0090e57640ed78b0c16ac4606a6773769545bb17,CAD,Executed,v3,,,5300313e698b5062bfe820f7efc7571699b4bb4c,vertical 2,type 8,10.0,9e2b06736b477b7a924f60de14a7e329d82d6f4f,2009-12-30 11:10:41.886894,2009-12-30 11:11:55.573860,2009-12-30 11:10:47.738112,2009-12-30 11:11:55.573860,,2009-12-30 11:10:43.991750,2009-12-30 11:11:52.766344,
2cb05829f2ea1b1049a5ca35a0ea031d38c1a75e,8216651c8989eb69415e6fd793175c69351debc5,USD,failed,v3,expired,authorizing,6b9aa19c38a47a7d809eb3203685aaf80e25e9d6,vertical 2,,0.3,f69ad584c025f9b756ce1e8c70de3a33aef50b32,2010-01-21 06:07:35.795324,2010-01-21 06:22:35.964171,,,2010-01-21 06:22:35.964171,2010-01-21 06:07:43.202613,,
4d3f9fce185cbc39ff4da3e33f07901a49929976,b7308502f039e303a048625c725d4aea3380c2ac,CAD,Executed,v3,,,5300313e698b5062bfe820f7efc7571699b4bb4c,vertical 2,type 8,4.0,9e2b06736b477b7a924f60de14a7e329d82d6f4f,2010-01-18 18:59:23.200346,2010-01-18 19:00:04.275590,2010-01-18 18:59:33.254399,2010-01-18 19:00:04.275590,,2010-01-18 18:59:25.940626,2010-01-18 19:00:02.090884,
0e0769baae74ad0cc737bb1b0923498aacf52574,6926610db1dfc17aca46a6f67789d7d6c24a7185,CAD,Executed,v3,,,5300313e698b5062bfe820f7efc7571699b4bb4c,vertical 2,type 8,3.0,9e2b06736b477b7a924f60de14a7e329d82d6f4f,2009-12-21 21:57:32.025428,2009-12-21 21:58:14.179899,2009-12-21 21:57:38.080866,2009-12-21 21:58:14.179899,,2009-12-21 21:57:34.253382,2009-12-21 21:58:12.627519,
1305fa5c8fe948b281876d758c0f30ff522be3d6,660054a4565377c6e43ff7709abf56d8494ba604,CAD,Executed,v3,,,5300313e698b5062bfe820f7efc7571699b4bb4c,vertical 2,type 8,5.0,9e2b06736b477b7a924f60de14a7e329d82d6f4f,2009-11-02 15:07:14.620145,2009-11-02 15:07:47.478041,2009-11-02 15:07:19.756419,2009-11-02 15:07:47.478041,,2009-11-02 15:07:16.416377,2009-11-02 15:07:43.092214,
49d38cd96ae9f920fbf740807335bc0c27195797,e8085010136a26d0ebc200ac0751b1d9d673a764,CAD,Executed,v3,,,5300313e698b5062bfe820f7efc7571699b4bb4c,vertical 2,type 8,4.0,9e2b06736b477b7a924f60de14a7e329d82d6f4f,2009-11-11 17:35:47.706633,2009-11-11 17:36:32.758924,2009-11-11 17:35:56.876526,2009-11-11 17:36:32.758924,,2009-11-11 17:35:51.874232,2009-11-11 17:36:29.624593,
a326970e2428a4fe542cb286cfb8c5ca826150f6,4d762ce64874cd49be593313e92a1e61cf74417e,CAD,Executed,v3,,,64c370a753b1db282770cdbf2aba5434a3185b3d,vertical 2,type 8,0.02,9e2b06736b477b7a924f60de14a7e329d82d6f4f,2009-09-15 16:01:54.760975,2009-09-15 16:02:56.698077,2009-09-15 16:02:08.797861,2009-09-15 16:02:56.698077,,2009-09-15 16:01:55.697093,2009-09-15 16:02:56.698077,2009-09-15 16:02:56.698077
80b477ae8fa9b7abcdd73cbaf702fe95281b2951,3674b4d292131698ba6c946dda67a8fd8b63f12a,CAD,Executed,v3,,,64c370a753b1db282770cdbf2aba5434a3185b3d,vertical 2,type 8,10.0,9e2b06736b477b7a924f60de14a7e329d82d6f4f,2010-02-06 05:46:23.661848,2010-02-06 05:47:08.927000,2010-02-06 05:46:37.748589,2010-02-06 05:47:08.927000,,2010-02-06 05:46:24.672836,2010-02-06 05:47:08.069842,2010-02-06 05:47:08.927000
b087a55ed95837ca70e5aba25b672ef8d44fca13,e8085010136a26d0ebc200ac0751b1d9d673a764,CAD,Executed,v3,,,5300313e698b5062bfe820f7efc7571699b4bb4c,vertical 2,type 8,8.5,9e2b06736b477b7a924f60de14a7e329d82d6f4f,2008-08-09 10:07:03.928027,2008-08-09 10:07:53.504215,2008-08-09 10:07:09.178085,2008-08-09 10:07:53.504215,,2008-08-09 10:07:05.576117,2008-08-09 10:07:47.785845,
720af67303313b6fd47734d89de2195c79e2152b,6cd7d8d37b110668afdca42fc0e1d366b322783e,CAD,failed,v3,user_canceled_at_provider,initiated,5300313e698b5062bfe820f7efc7571699b4bb4c,vertical 2,type 8,4.8,9e2b06736b477b7a924f60de14a7e329d82d6f4f,2010-01-12 07:43:32.407916,2010-01-12 07:44:13.451485,2010-01-12 07:43:38.661945,,2010-01-12 07:44:13.451485,2010-01-12 07:43:35.237378,,
e7735bafe015152912682aebdfa8137f52d8cbe1,e8085010136a26d0ebc200ac0751b1d9d673a764,CAD,failed,v3,expired,initiated,5300313e698b5062bfe820f7efc7571699b4bb4c,vertical 2,type 8,12.7,9e2b06736b477b7a924f60de14a7e329d82d6f4f,2009-05-02 20:38:36.537791,2009-05-02 20:53:36.684853,2009-05-02 20:38:47.409774,,2009-05-02 20:53:36.684853,2009-05-02 20:38:40.821827,,
99f7339d16374ab724c16cf70a2ff4e2727b549d,34a0061ba48d1c2810cd930dd69d42482ca92d85,CAD,Executed,v3,,,5300313e698b5062bfe820f7efc7571699b4bb4c,vertical 2,type 8,21.0,9e2b06736b477b7a924f60de14a7e329d82d6f4f,2008-10-11 08:05:35.635555,2008-10-11 08:07:05.574758,2008-10-11 08:05:45.339133,2008-10-11 08:07:05.574758,,2008-10-11 08:05:40.432343,2008-10-11 08:07:03.092289,
db53326fd40ca73634188680368dcd106824cd7a,b5ab8f51d35b64af079485e5bbbc335213f3a0ae,CAD,Executed,v3,,,64c370a753b1db282770cdbf2aba5434a3185b3d,vertical 2,type 8,1.0,9e2b06736b477b7a924f60de14a7e329d82d6f4f,2009-12-03 09:11:29.385224,2009-12-03 09:11:53.793995,2009-12-03 09:11:36.790364,2009-12-03 09:11:53.793995,,2009-12-03 09:11:33.077147,2009-12-03 09:11:51.983011,2009-12-03 09:11:53.753000
934082b56d77f675fbc240805a127355b81a0ebf,4d762ce64874cd49be593313e92a1e61cf74417e,CAD,Executed,v3,,,64c370a753b1db282770cdbf2aba5434a3185b3d,vertical 2,type 8,11.72,9e2b06736b477b7a924f60de14a7e329d82d6f4f,2009-12-25 04:38:57.962188,2009-12-25 04:39:26.176841,2009-12-25 04:39:04.290518,2009-12-25 04:39:26.176841,,2009-12-25 04:39:00.458604,2009-12-25 04:39:26.174808,2009-12-25 04:39:25.800000
a4099859ec4803948e7aef4ea2408bd00c3a8ff0,6926610db1dfc17aca46a6f67789d7d6c24a7185,CAD,Executed,v1,,,01e10adf72398bdf40b668926be2809ccf68b4dd,vertical 2,type 8,14.32,9e2b06736b477b7a924f60de14a7e329d82d6f4f,2007-07-11 17:14:57.271624,2007-07-11 17:18:22.731797,,2007-07-11 17:18:22.731797,,,,
79431b3d578fa912310d33b6c343229719089e96,b5ab8f51d35b64af079485e5bbbc335213f3a0ae,CAD,Executed,v3,,,64c370a753b1db282770cdbf2aba5434a3185b3d,vertical 2,type 8,10.0,9e2b06736b477b7a924f60de14a7e329d82d6f4f,2009-11-05 12:40:58.137155,2009-11-05 12:41:28.300000,2009-11-05 12:41:03.502538,2009-11-05 12:41:27.528222,,2009-11-05 12:40:59.342782,2009-11-05 12:41:25.968733,2009-11-05 12:41:28.300000
11873882029e790faeab7953cfdf413ec04b368c,b5ab8f51d35b64af079485e5bbbc335213f3a0ae,CAD,Executed,v3,,,f66f2f438fc87dd7deff8e022a67cc5d71aa6968,vertical 2,type 8,9.0,9e2b06736b477b7a924f60de14a7e329d82d6f4f,2009-08-21 16:35:38.294823,2009-08-21 16:35:55.087483,2009-08-21 16:35:42.471436,2009-08-21 16:35:55.087483,,2009-08-21 16:35:39.182200,2009-08-21 16:35:53.462186,2009-08-21 16:35:55.087483
291754e02a70f573b65efe59f7febdcdab29dc9c,b5ab8f51d35b64af079485e5bbbc335213f3a0ae,CAD,Executed,v3,,,f66f2f438fc87dd7deff8e022a67cc5d71aa6968,vertical 2,type 8,18.3,9e2b06736b477b7a924f60de14a7e329d82d6f4f,2010-01-13 18:37:09.463274,2010-01-13 18:37:27.430492,2010-01-13 18:37:14.401671,2010-01-13 18:37:27.430492,,2010-01-13 18:37:10.547912,2010-01-13 18:37:25.443505,2010-01-13 18:37:26.987000
6b49e27d279c4edaec868fd022227d1cdfac726c,34a0061ba48d1c2810cd930dd69d42482ca92d85,CAD,Executed,v3,,,02abfe216906d699a48d39d56b71327b294027cb,vertical 2,type 8,13.5,9e2b06736b477b7a924f60de14a7e329d82d6f4f,2009-03-31 12:59:44.735396,2009-03-31 13:00:50.736965,2009-03-31 13:00:08.665721,2009-03-31 13:00:50.736965,,2009-03-31 12:59:47.617358,2009-03-31 13:00:48.334383,2009-03-31 13:00:50.736965
e98dac1f5ed3ce3e6448e31d682d72a4c89d818c,660054a4565377c6e43ff7709abf56d8494ba604,CAD,Executed,v3,,,f66f2f438fc87dd7deff8e022a67cc5d71aa6968,vertical 2,type 8,5.66,9e2b06736b477b7a924f60de14a7e329d82d6f4f,2010-02-03 10:07:00.117752,2010-02-03 10:07:23.634546,2010-02-03 10:07:04.141397,2010-02-03 10:07:23.634546,,2010-02-03 10:07:00.716253,2010-02-03 10:07:22.302173,2010-02-03 10:07:23.100000
604807471f0d837c71a5aa928214baee7be7b1e4,b5ab8f51d35b64af079485e5bbbc335213f3a0ae,CAD,Executed,v3,,,f66f2f438fc87dd7deff8e022a67cc5d71aa6968,vertical 2,type 8,38.84,9e2b06736b477b7a924f60de14a7e329d82d6f4f,2009-08-11 16:03:40.691199,2009-08-11 16:04:46.568578,2009-08-11 16:03:48.766022,2009-08-11 16:04:39.013515,,2009-08-11 16:03:42.046905,2009-08-11 16:04:37.327746,2009-08-11 16:04:46.568578
b8a8d9bce5a480c1f2d69ad20fcb29bac02d21a0,3674b4d292131698ba6c946dda67a8fd8b63f12a,CAD,Executed,v3,,,f66f2f438fc87dd7deff8e022a67cc5d71aa6968,vertical 2,type 8,50.0,9e2b06736b477b7a924f60de14a7e329d82d6f4f,2010-01-20 12:21:30.011233,2010-01-20 12:22:35.413000,2010-01-20 12:21:41.129114,2010-01-20 12:22:35.413000,,2010-01-20 12:21:36.359906,2010-01-20 12:22:34.698731,2010-01-20 12:22:35.413000
91cadbde92357386e85be7f76b740c19b3f8dc8b,e8085010136a26d0ebc200ac0751b1d9d673a764,CAD,failed,v3,not_authorized,initiated,f66f2f438fc87dd7deff8e022a67cc5d71aa6968,vertical 2,type 8,16.36,9e2b06736b477b7a924f60de14a7e329d82d6f4f,2009-09-29 23:52:04.028641,2009-09-29 23:52:46.494470,2009-09-29 23:52:17.972130,,2009-09-29 23:52:46.494470,2009-09-29 23:52:06.144693,,
3efb610aec4a86c79a0db0800695791c0d982edc,b5ab8f51d35b64af079485e5bbbc335213f3a0ae,CAD,Executed,v3,,,64c370a753b1db282770cdbf2aba5434a3185b3d,vertical 2,type 8,35.69,9e2b06736b477b7a924f60de14a7e329d82d6f4f,2009-09-25 09:32:30.173361,2009-09-25 09:33:11.913943,2009-09-25 09:32:37.910582,2009-09-25 09:33:11.913943,,2009-09-25 09:32:30.646896,2009-09-25 09:33:10.340154,2009-09-25 09:33:11.913943
a4d18b543acc51661516647df5bbeee77d78c7f7,e8085010136a26d0ebc200ac0751b1d9d673a764,CAD,Executed,v3,,,02abfe216906d699a48d39d56b71327b294027cb,vertical 2,type 8,3.0,9e2b06736b477b7a924f60de14a7e329d82d6f4f,2009-02-19 17:05:33.068520,2009-02-19 17:07:51.390124,2009-02-19 17:05:49.305923,2009-02-19 17:07:51.168481,,2009-02-19 17:05:34.860256,2009-02-19 17:07:48.716995,2009-02-19 17:07:51.390124
3c08792214b1e4cc9892e8541372138ceae96415,fa485aff3f9e34d55d25f78856d4a2526a5f8e6f,CAD,Executed,v3,,,02abfe216906d699a48d39d56b71327b294027cb,vertical 2,type 8,62.0,9e2b06736b477b7a924f60de14a7e329d82d6f4f,2008-06-11 12:55:31.143335,2008-06-11 12:56:38.104426,2008-06-11 12:55:49.503690,2008-06-11 12:56:38.104426,,2008-06-11 12:55:34.216014,2008-06-11 12:56:35.833626,2008-06-11 12:56:38.104426
fa099f8b16e4c1df916dd56d128f75b96c246693,34a0061ba48d1c2810cd930dd69d42482ca92d85,CAD,Executed,v3,,,02abfe216906d699a48d39d56b71327b294027cb,vertical 2,type 8,3.5,9e2b06736b477b7a924f60de14a7e329d82d6f4f,2008-12-12 19:34:06.600608,2008-12-12 19:34:58.456534,2008-12-12 19:34:14.794534,2008-12-12 19:34:58.456534,,2008-12-12 19:34:08.408703,2008-12-12 19:34:56.304273,2008-12-12 19:34:58.456534
0d1289e2a7d79c962a5a79b8518c60b814f8ba54,b7308502f039e303a048625c725d4aea3380c2ac,CAD,Executed,v3,,,1911acfcfdc29f5349706da6c1494009e7125da0,vertical 5,type 8,1.0,9e2b06736b477b7a924f60de14a7e329d82d6f4f,2010-01-18 18:22:38.889071,2010-01-18 18:23:12.883000,2010-01-18 18:22:49.202706,2010-01-18 18:23:12.883000,,2010-01-18 18:22:40.656287,2010-01-18 18:23:11.586030,2010-01-18 18:23:12.883000
a2dcf4c5b1801d3a39aaa1d877b96aff5995547a,8216651c8989eb69415e6fd793175c69351debc5,USD,Executed,v3,,,6b9aa19c38a47a7d809eb3203685aaf80e25e9d6,vertical 2,type 2,20.0,f69ad584c025f9b756ce1e8c70de3a33aef50b32,2010-01-22 07:25:56.024913,2010-01-23 00:59:46.000000,2010-01-22 07:26:11.536865,2010-01-23 00:32:11.249319,,2010-01-22 07:25:59.857150,2010-01-22 07:26:42.674118,2010-01-23 00:59:46.000000
5249708c4d090ff1d5a02c167bd51f0833348b03,8b408eb9070e2b1dbb590cd7ffe0f467b490a66a,USD,failed,v3,provider_expired,initiated,6b9aa19c38a47a7d809eb3203685aaf80e25e9d6,vertical 2,type 1,100.0,f69ad584c025f9b756ce1e8c70de3a33aef50b32,2009-09-17 14:56:20.399326,2009-09-17 15:56:44.110250,2009-09-17 14:56:33.201863,,2009-09-17 15:56:44.110250,2009-09-17 14:56:23.864909,,
2c89c3fad5cacb19187b7dedaf531177fd8b0ac2,3674b4d292131698ba6c946dda67a8fd8b63f12a,CAD,Executed,v3,,,64c370a753b1db282770cdbf2aba5434a3185b3d,vertical 2,type 8,8.2,9e2b06736b477b7a924f60de14a7e329d82d6f4f,2009-10-02 23:50:05.935824,2009-10-02 23:50:31.725915,2009-10-02 23:50:11.491416,2009-10-02 23:50:31.626025,,2009-10-02 23:50:06.857499,2009-10-02 23:50:28.939809,2009-10-02 23:50:31.725915
cf0da3e90f407d2d74de08356d11fc692ce4123e,b5ab8f51d35b64af079485e5bbbc335213f3a0ae,CAD,Executed,v3,,,f66f2f438fc87dd7deff8e022a67cc5d71aa6968,vertical 2,type 8,11.9,9e2b06736b477b7a924f60de14a7e329d82d6f4f,2009-10-24 09:06:59.661560,2009-10-24 09:07:27.277429,2009-10-24 09:07:04.041623,2009-10-24 09:07:25.574190,,2009-10-24 09:07:00.034677,2009-10-24 09:07:23.578542,2009-10-24 09:07:27.277429
51a96f30b9f814c3734ac75291aec33ae4088331,b5ab8f51d35b64af079485e5bbbc335213f3a0ae,CAD,Executed,v3,,,5300313e698b5062bfe820f7efc7571699b4bb4c,vertical 2,type 8,12.64,9e2b06736b477b7a924f60de14a7e329d82d6f4f,2009-04-30 16:44:31.826378,2009-04-30 16:45:22.664636,2009-04-30 16:44:41.432044,2009-04-30 16:45:22.664636,,2009-04-30 16:44:33.850995,2009-04-30 16:45:18.860566,
679bfbf7bc4d1a47e7ef5a67e80adb8899d6296b,6cd7d8d37b110668afdca42fc0e1d366b322783e,CAD,Executed,v3,,,5300313e698b5062bfe820f7efc7571699b4bb4c,vertical 2,type 8,3.7,9e2b06736b477b7a924f60de14a7e329d82d6f4f,2008-08-16 10:48:39.031039,2008-08-16 10:49:25.050149,2008-08-16 10:48:47.616494,2008-08-16 10:49:25.050149,,2008-08-16 10:48:41.663404,2008-08-16 10:49:25.048109,
a84123bbcd805db867ed22e2587dc372d6d84ba5,b5ab8f51d35b64af079485e5bbbc335213f3a0ae,CAD,Executed,v3,,,f66f2f438fc87dd7deff8e022a67cc5d71aa6968,vertical 2,type 8,6.0,9e2b06736b477b7a924f60de14a7e329d82d6f4f,2009-09-03 05:44:14.970725,2009-09-03 05:45:01.137248,2009-09-03 05:44:19.549408,2009-09-03 05:45:01.137248,,2009-09-03 05:44:15.515635,2009-09-03 05:44:59.445010,2009-09-03 05:45:01.137248
5e8e91f1d6a75dd9907a0ff4d691f28daeca840b,f4203d6b7658cb7252d6afdf95a6b692e93c2f7b,CAD,failed,v3,not_authorized,initiated,f66f2f438fc87dd7deff8e022a67cc5d71aa6968,vertical 2,type 8,1.03,9e2b06736b477b7a924f60de14a7e329d82d6f4f,2009-09-05 07:04:09.906626,2009-09-05 07:04:45.446839,2009-09-05 07:04:14.725776,,2009-09-05 07:04:45.446839,2009-09-05 07:04:10.712850,,
f3e664422eff03ab7a59488f55cb64d0988bc816,21b955e418f741b067688bc141261d7cd8d59973,CAD,Executed,v3,,,1911acfcfdc29f5349706da6c1494009e7125da0,vertical 5,type 8,0.5,9e2b06736b477b7a924f60de14a7e329d82d6f4f,2010-02-03 18:41:36.512828,2010-02-03 18:43:40.970000,2010-02-03 18:41:59.196111,2010-02-03 18:43:40.970000,,2010-02-03 18:41:38.386007,2010-02-03 18:43:40.171504,2010-02-03 18:43:40.970000
86651960c8a378a418a417a97ba8f32af6dde986,b7308502f039e303a048625c725d4aea3380c2ac,CAD,failed,v3,not_authorized,authorizing,01e10adf72398bdf40b668926be2809ccf68b4dd,vertical 2,type 8,13.71,9e2b06736b477b7a924f60de14a7e329d82d6f4f,2008-07-02 09:58:52.322856,2008-07-02 09:59:49.898635,2008-07-02 09:59:09.756436,,2008-07-02 09:59:49.898635,2008-07-02 09:58:53.608882,,
8630aea308ef9f1d299b87d127f211175280af53,4c330366c06bae9c5907162ada0364a929b6c8bc,USD,failed,v3,expired,authorizing,6b9aa19c38a47a7d809eb3203685aaf80e25e9d6,vertical 2,,2.79,f69ad584c025f9b756ce1e8c70de3a33aef50b32,2010-01-14 19:38:44.340400,2010-01-14 19:53:44.373478,,,2010-01-14 19:53:44.373478,2010-01-14 19:38:47.520956,,
48ef201c2a7926feaabd41ca38cab26d037bcef5,0c13594466c8f4c9996801c4cc3f822975978c2d,USD,failed,v3,expired,authorization_required,6b9aa19c38a47a7d809eb3203685aaf80e25e9d6,vertical 2,,0.2,f69ad584c025f9b756ce1e8c70de3a33aef50b32,2010-01-23 18:42:12.217367,2010-01-23 18:57:12.304526,,,2010-01-23 18:57:12.304526,,,
fac176f5678e836b832e29161bdc8affa8272873,0c13594466c8f4c9996801c4cc3f822975978c2d,USD,Executed,v3,,,6b9aa19c38a47a7d809eb3203685aaf80e25e9d6,vertical 2,type 3,40.0,f69ad584c025f9b756ce1e8c70de3a33aef50b32,2009-12-04 08:10:44.829298,2009-12-04 08:11:09.707583,2009-12-04 08:10:52.681935,2009-12-04 08:11:09.707583,,2009-12-04 08:10:50.154895,2009-12-04 08:11:08.464691,2009-12-04 08:11:09.000000
7fdb17800cb7121a1cc01a403e1d3fe07619ecfe,e8085010136a26d0ebc200ac0751b1d9d673a764,CAD,Executed,v3,,,5300313e698b5062bfe820f7efc7571699b4bb4c,vertical 2,type 8,4.5,9e2b06736b477b7a924f60de14a7e329d82d6f4f,2009-01-31 10:35:14.289112,2009-01-31 10:36:05.599012,2009-01-31 10:35:24.102474,2009-01-31 10:36:05.599012,,2009-01-31 10:35:18.425369,2009-01-31 10:36:02.935519,
8dc9de4b094c3e59eceee8044819c747035365c1,34a0061ba48d1c2810cd930dd69d42482ca92d85,CAD,Executed,v3,,,5300313e698b5062bfe820f7efc7571699b4bb4c,vertical 2,type 8,15.0,9e2b06736b477b7a924f60de14a7e329d82d6f4f,2008-07-17 20:52:20.597843,2008-07-17 20:52:47.365822,2008-07-17 20:52:24.870388,2008-07-17 20:52:47.365822,,2008-07-17 20:52:22.536568,2008-07-17 20:52:44.206578,
1759bf625445e60a7ffb837759139bded8294e99,6926610db1dfc17aca46a6f67789d7d6c24a7185,CAD,Executed,v3,,,1911acfcfdc29f5349706da6c1494009e7125da0,vertical 5,type 8,5.0,9e2b06736b477b7a924f60de14a7e329d82d6f4f,2010-01-20 23:48:09.048080,2010-01-20 23:48:46.043000,2010-01-20 23:48:12.113925,2010-01-20 23:48:46.043000,,2010-01-20 23:48:10.458346,2010-01-20 23:48:44.759375,2010-01-20 23:48:46.043000
a7834e1b580d13b80dd2709a21b9a3a4228e4986,660054a4565377c6e43ff7709abf56d8494ba604,CAD,Executed,v3,,,1911acfcfdc29f5349706da6c1494009e7125da0,vertical 5,type 8,2.0,9e2b06736b477b7a924f60de14a7e329d82d6f4f,2010-02-01 19:11:25.310930,2010-02-01 19:12:53.403000,2010-02-01 19:11:35.723310,2010-02-01 19:12:53.403000,,2010-02-01 19:11:28.663035,2010-02-01 19:12:52.340806,2010-02-01 19:12:53.403000
bee3f0b90d84aeeb96e88c8fff70f76c17892b24,e8085010136a26d0ebc200ac0751b1d9d673a764,CAD,Executed,v3,,,5300313e698b5062bfe820f7efc7571699b4bb4c,vertical 2,type 8,2.5,9e2b06736b477b7a924f60de14a7e329d82d6f4f,2009-05-26 14:41:12.847350,2009-05-26 14:42:05.210753,2009-05-26 14:41:21.879722,2009-05-26 14:42:05.210753,,2009-05-26 14:41:16.528610,2009-05-26 14:42:02.490744,
f5fd235f775f56955705d496ded8abe612bbd154,6cd7d8d37b110668afdca42fc0e1d366b322783e,CAD,Executed,v3,,,5300313e698b5062bfe820f7efc7571699b4bb4c,vertical 2,type 8,0.6,9e2b06736b477b7a924f60de14a7e329d82d6f4f,2009-11-28 15:19:41.011095,2009-11-28 15:20:15.727149,2009-11-28 15:19:46.972150,2009-11-28 15:20:15.727149,,2009-11-28 15:19:42.773464,2009-11-28 15:20:13.649184,
b83f62de2d85ff18f2c212385ed385507d4cf222,b5ab8f51d35b64af079485e5bbbc335213f3a0ae,CAD,Executed,v3,,,64c370a753b1db282770cdbf2aba5434a3185b3d,vertical 2,type 8,6.16,9e2b06736b477b7a924f60de14a7e329d82d6f4f,2009-12-31 22:02:02.394557,2009-12-31 22:02:45.293000,2009-12-31 22:02:08.884329,2009-12-31 22:02:44.677851,,2009-12-31 22:02:05.398608,2009-12-31 22:02:43.099302,2009-12-31 22:02:45.293000
a704e97d5d54f0e0ca1c7c3a15ff29dbaf0e8368,30f7c597c23522d4038935c6491bb91e74647c22,USD,failed,v3,provider_expired,initiated,6b9aa19c38a47a7d809eb3203685aaf80e25e9d6,vertical 2,type 1,1.5,f69ad584c025f9b756ce1e8c70de3a33aef50b32,2010-02-01 16:53:30.462388,2010-02-01 17:53:58.194465,2010-02-01 16:53:47.660740,,2010-02-01 17:53:58.194465,2010-02-01 16:53:34.548747,,
a68b3f92c565826879915fe525aca9c4b7e70a96,30f7c597c23522d4038935c6491bb91e74647c22,USD,failed,v3,provider_expired,initiated,6b9aa19c38a47a7d809eb3203685aaf80e25e9d6,vertical 2,type 2,20.0,f69ad584c025f9b756ce1e8c70de3a33aef50b32,2009-09-10 05:17:11.177726,2009-09-10 06:17:49.361767,2009-09-10 05:17:38.928751,,2009-09-10 06:17:49.361767,2009-09-10 05:17:14.561103,,
ace5f9bf66884f60c23f011fd56fbcb1bde766e8,0c13594466c8f4c9996801c4cc3f822975978c2d,USD,failed,v3,user_canceled_at_provider,initiated,6b9aa19c38a47a7d809eb3203685aaf80e25e9d6,vertical 2,type 3,2.0,f69ad584c025f9b756ce1e8c70de3a33aef50b32,2010-01-12 16:55:23.017166,2010-01-12 16:56:18.402824,2010-01-12 16:55:29.165057,,2010-01-12 16:56:18.402824,2010-01-12 16:55:27.150315,,
ddacd0f896ba4a20a85700c77d4e076acf8c0e73,0090e57640ed78b0c16ac4606a6773769545bb17,CAD,Executed,v3,,,64c370a753b1db282770cdbf2aba5434a3185b3d,vertical 2,type 8,15.0,9e2b06736b477b7a924f60de14a7e329d82d6f4f,2009-10-23 23:53:53.654881,2009-10-23 23:54:35.478500,2009-10-23 23:53:58.605360,2009-10-23 23:54:35.478500,,2009-10-23 23:53:54.028419,2009-10-23 23:54:34.265374,2009-10-23 23:54:35.478500
10684973652a34c520b0b05494e5a77e62839e5d,6926610db1dfc17aca46a6f67789d7d6c24a7185,CAD,Executed,v3,,,64c370a753b1db282770cdbf2aba5434a3185b3d,vertical 2,type 8,41.67,9e2b06736b477b7a924f60de14a7e329d82d6f4f,2010-01-08 18:06:31.784623,2010-01-08 18:07:08.569256,2010-01-08 18:06:39.105398,2010-01-08 18:07:08.569256,,2010-01-08 18:06:34.897608,2010-01-08 18:07:07.189621,2010-01-08 18:07:08.300000
8dcaf736054306c73d084ecd0462fcf2ad00a6c8,e8085010136a26d0ebc200ac0751b1d9d673a764,CAD,Executed,v3,,,64c370a753b1db282770cdbf2aba5434a3185b3d,vertical 2,type 8,10.1,9e2b06736b477b7a924f60de14a7e329d82d6f4f,2009-10-23 05:51:43.589694,2009-10-23 05:53:23.740082,2009-10-23 05:51:52.356054,2009-10-23 05:53:23.740082,,2009-10-23 05:51:44.545763,2009-10-23 05:53:20.465874,2009-10-23 05:53:23.740082
74ea05a4ab7001fcf9c65b80f7980ba298c50d1e,34a0061ba48d1c2810cd930dd69d42482ca92d85,CAD,Executed,v3,,,64c370a753b1db282770cdbf2aba5434a3185b3d,vertical 2,type 8,20.84,9e2b06736b477b7a924f60de14a7e329d82d6f4f,2009-12-11 16:46:03.776301,2009-12-11 16:46:30.337000,2009-12-11 16:46:12.793370,2009-12-11 16:46:28.344167,,2009-12-11 16:46:08.226401,2009-12-11 16:46:27.130660,2009-12-11 16:46:30.337000
3a2ec203a33e4567fdc1aaec59fee4c139feaa0b,b5ab8f51d35b64af079485e5bbbc335213f3a0ae,CAD,Executed,v3,,,64c370a753b1db282770cdbf2aba5434a3185b3d,vertical 2,type 8,5.42,9e2b06736b477b7a924f60de14a7e329d82d6f4f,2009-09-17 13:08:34.166136,2009-09-17 13:09:05.616933,2009-09-17 13:08:46.133740,2009-09-17 13:09:05.616933,,2009-09-17 13:08:35.348756,2009-09-17 13:09:03.850446,2009-09-17 13:09:05.616933
001f958a58d375502a91a218da50bfbce63d4797,603364a15bf8abd4b8a2f7d46e6934c397ced244,USD,failed,v3,provider_rejected,authorized,6b9aa19c38a47a7d809eb3203685aaf80e25e9d6,vertical 2,type 1,75.0,f69ad584c025f9b756ce1e8c70de3a33aef50b32,2009-10-14 11:15:53.683302,2009-10-14 12:16:12.881322,2009-10-14 11:16:01.696442,,2009-10-14 12:16:12.881322,2009-10-14 11:15:58.428001,2009-10-14 12:16:12.879131,
a413e4ea91a64a460284e36bb3ad8795d4af1554,0c13594466c8f4c9996801c4cc3f822975978c2d,USD,failed,v3,provider_rejected,authorizing,6b9aa19c38a47a7d809eb3203685aaf80e25e9d6,vertical 2,type 3,5.0,f69ad584c025f9b756ce1e8c70de3a33aef50b32,2010-02-05 11:09:18.670844,2010-02-05 11:09:25.690270,,,2010-02-05 11:09:25.690270,2010-02-05 11:09:23.437271,,
f0a5e06652637a0f9f29a8fe9e41dea81ee2eb3a,fa485aff3f9e34d55d25f78856d4a2526a5f8e6f,CAD,Executed,v3,,,f66f2f438fc87dd7deff8e022a67cc5d71aa6968,vertical 2,type 8,1.15,9e2b06736b477b7a924f60de14a7e329d82d6f4f,2009-12-27 04:37:18.922220,2009-12-27 04:37:35.057000,2009-12-27 04:37:23.989154,2009-12-27 04:37:35.057000,,2009-12-27 04:37:19.455827,2009-12-27 04:37:33.084204,2009-12-27 04:37:35.057000
39a83158fedcba71619b1de904e32a283098cd8a,b5ab8f51d35b64af079485e5bbbc335213f3a0ae,CAD,Executed,v3,,,f66f2f438fc87dd7deff8e022a67cc5d71aa6968,vertical 2,type 8,15.0,9e2b06736b477b7a924f60de14a7e329d82d6f4f,2009-09-06 07:34:21.055958,2009-09-06 07:35:37.965235,2009-09-06 07:34:28.553240,2009-09-06 07:35:37.576220,,2009-09-06 07:34:21.550724,2009-09-06 07:35:35.787977,2009-09-06 07:35:37.965235
c4dee18479675590d9201a47d3895169412351f4,b5ab8f51d35b64af079485e5bbbc335213f3a0ae,CAD,Executed,v3,,,64c370a753b1db282770cdbf2aba5434a3185b3d,vertical 2,type 8,10.0,9e2b06736b477b7a924f60de14a7e329d82d6f4f,2009-08-28 05:41:00.227477,2009-08-28 05:41:35.163325,2009-08-28 05:41:05.653765,2009-08-28 05:41:35.163325,,2009-08-28 05:41:01.708912,2009-08-28 05:41:32.812388,2009-08-28 05:41:35.163325
be244cee9b049820964132096475fc7ff0b16bb9,fa485aff3f9e34d55d25f78856d4a2526a5f8e6f,CAD,Executed,v3,,,f66f2f438fc87dd7deff8e022a67cc5d71aa6968,vertical 2,type 8,2.71,9e2b06736b477b7a924f60de14a7e329d82d6f4f,2009-09-17 14:48:16.686970,2009-09-17 14:51:11.507713,2009-09-17 14:48:31.828818,2009-09-17 14:51:11.507713,,2009-09-17 14:48:18.184164,2009-09-17 14:51:09.297593,2009-09-17 14:51:11.507713
2e30a7c4027981628da67d7864f183532011fad0,e8085010136a26d0ebc200ac0751b1d9d673a764,CAD,failed,v3,expired,initiated,64c370a753b1db282770cdbf2aba5434a3185b3d,vertical 2,type 8,10.0,9e2b06736b477b7a924f60de14a7e329d82d6f4f,2009-10-31 14:58:07.062001,2009-10-31 15:13:07.305608,2009-10-31 14:58:13.683366,,2009-10-31 15:13:07.305608,2009-10-31 14:58:08.697480,,
5f2bfdba04c5b89dfb130960df72a05a9660831a,b5ab8f51d35b64af079485e5bbbc335213f3a0ae,CAD,Executed,v3,,,f66f2f438fc87dd7deff8e022a67cc5d71aa6968,vertical 2,type 8,2.73,9e2b06736b477b7a924f60de14a7e329d82d6f4f,2009-09-29 19:26:08.432799,2009-09-29 19:26:49.379937,2009-09-29 19:26:15.129691,2009-09-29 19:26:49.257418,,2009-09-29 19:26:09.050895,2009-09-29 19:26:46.776830,2009-09-29 19:26:49.379937
fd720031a3f10643bd8e2ac572adf2ebf55d2ccf,0090e57640ed78b0c16ac4606a6773769545bb17,CAD,Executed,v3,,,5300313e698b5062bfe820f7efc7571699b4bb4c,vertical 2,type 8,0.6,9e2b06736b477b7a924f60de14a7e329d82d6f4f,2009-10-06 11:16:02.192482,2009-10-06 11:17:11.115042,2009-10-06 11:16:08.887969,2009-10-06 11:17:11.115042,,2009-10-06 11:16:05.044474,2009-10-06 11:17:08.631749,
27a1fe859a730f91ca65e82ba31104548be95e06,b5ab8f51d35b64af079485e5bbbc335213f3a0ae,CAD,Executed,v3,,,64c370a753b1db282770cdbf2aba5434a3185b3d,vertical 2,type 8,40.0,9e2b06736b477b7a924f60de14a7e329d82d6f4f,2009-11-27 11:24:13.157967,2009-11-27 11:24:42.489209,2009-11-27 11:24:19.497919,2009-11-27 11:24:42.489209,,2009-11-27 11:24:13.611505,2009-11-27 11:24:40.797224,2009-11-27 11:24:42.210000
a41d0b30b1d69d1ce0592030662e268c4a081192,b5ab8f51d35b64af079485e5bbbc335213f3a0ae,CAD,Executed,v3,,,f66f2f438fc87dd7deff8e022a67cc5d71aa6968,vertical 2,type 8,229.53,9e2b06736b477b7a924f60de14a7e329d82d6f4f,2010-01-06 13:56:06.169119,2010-01-06 13:57:40.813000,2010-01-06 13:56:18.733390,2010-01-06 13:57:40.813000,,2010-01-06 13:56:10.974784,2010-01-06 13:57:39.652583,2010-01-06 13:57:40.813000
83327606a02d6f56e0aca871b194f40b76c96fba,6cd7d8d37b110668afdca42fc0e1d366b322783e,CAD,Executed,v3,,,f66f2f438fc87dd7deff8e022a67cc5d71aa6968,vertical 2,type 8,0.5,9e2b06736b477b7a924f60de14a7e329d82d6f4f,2010-02-05 15:57:11.694666,2010-02-05 15:57:57.332275,2010-02-05 15:57:19.097994,2010-02-05 15:57:57.332275,,2010-02-05 15:57:15.316899,2010-02-05 15:57:55.766407,2010-02-05 15:57:57.030000
66a8e3c2118b2805c0eee09ae3bde4ee81022a69,b5ab8f51d35b64af079485e5bbbc335213f3a0ae,CAD,Executed,v3,,,f66f2f438fc87dd7deff8e022a67cc5d71aa6968,vertical 2,type 8,10.0,9e2b06736b477b7a924f60de14a7e329d82d6f4f,2009-12-17 07:43:03.242497,2009-12-17 07:44:11.927000,2009-12-17 07:43:16.110993,2009-12-17 07:44:10.373014,,2009-12-17 07:43:07.432611,2009-12-17 07:44:08.525707,2009-12-17 07:44:11.927000
07e8f400713e6763110c79a715dc7d8df91494b6,0090e57640ed78b0c16ac4606a6773769545bb17,CAD,Executed,v3,,,1911acfcfdc29f5349706da6c1494009e7125da0,vertical 5,type 8,1.8,9e2b06736b477b7a924f60de14a7e329d82d6f4f,2010-02-03 11:59:40.281427,2010-02-03 12:00:18.077000,2010-02-03 11:59:44.772947,2010-02-03 12:00:18.077000,,2010-02-03 11:59:42.839198,2010-02-03 12:00:17.151903,2010-02-03 12:00:18.077000
4e009ddae620d203c0706c0e83908bb4336f55ee,6cd7d8d37b110668afdca42fc0e1d366b322783e,CAD,Executed,v3,,,1911acfcfdc29f5349706da6c1494009e7125da0,vertical 5,type 8,1.0,9e2b06736b477b7a924f60de14a7e329d82d6f4f,2010-01-25 21:15:14.349945,2010-01-25 21:15:45.153000,2010-01-25 21:15:18.047601,2010-01-25 21:15:45.143221,,2010-01-25 21:15:16.429453,2010-01-25 21:15:43.744388,2010-01-25 21:15:45.153000
f9903f15758f214c93808f22a70d3bba9cbc0a96,fa485aff3f9e34d55d25f78856d4a2526a5f8e6f,CAD,Executed,v3,,,1911acfcfdc29f5349706da6c1494009e7125da0,vertical 5,type 8,5.0,9e2b06736b477b7a924f60de14a7e329d82d6f4f,2010-02-04 10:53:30.828880,2010-02-04 10:53:57.357000,2010-02-04 10:53:37.765904,2010-02-04 10:53:57.357000,,2010-02-04 10:53:32.933359,2010-02-04 10:53:55.033179,2010-02-04 10:53:57.357000
8cd52cf0c66c168f2aaba39cb3f35ea495f3f0ad,b7308502f039e303a048625c725d4aea3380c2ac,CAD,Executed,v3,,,1911acfcfdc29f5349706da6c1494009e7125da0,vertical 5,type 8,5.0,9e2b06736b477b7a924f60de14a7e329d82d6f4f,2010-01-28 20:38:04.086397,2010-01-28 20:38:21.527000,2010-01-28 20:38:07.321068,2010-01-28 20:38:21.412231,,2010-01-28 20:38:05.847922,2010-01-28 20:38:20.193106,2010-01-28 20:38:21.527000
3ad7b194be17bc9ec419472650d00396f29f0f00,b7308502f039e303a048625c725d4aea3380c2ac,CAD,Executed,v3,,,1911acfcfdc29f5349706da6c1494009e7125da0,vertical 5,type 8,0.5,9e2b06736b477b7a924f60de14a7e329d82d6f4f,2010-02-05 11:48:33.851819,2010-02-05 11:49:09.970000,2010-02-05 11:48:43.537989,2010-02-05 11:49:09.970000,,2010-02-05 11:48:35.389033,2010-02-05 11:48:57.110929,2010-02-05 11:49:09.970000
747da9e79e4770fa04cc7614dcda95a3cf40af75,4d762ce64874cd49be593313e92a1e61cf74417e,CAD,Executed,v3,,,1911acfcfdc29f5349706da6c1494009e7125da0,vertical 5,type 8,1.0,9e2b06736b477b7a924f60de14a7e329d82d6f4f,2010-02-03 19:53:25.116192,2010-02-03 19:54:22.186813,2010-02-03 19:53:34.500705,2010-02-03 19:54:22.186813,,2010-02-03 19:53:28.088592,2010-02-03 19:54:22.185338,2010-02-03 19:54:21.783000
713a748c9cd99755e8b36601c1583a5e3fb9a5bd,0c13594466c8f4c9996801c4cc3f822975978c2d,USD,failed,v3,insufficient_funds,initiated,6b9aa19c38a47a7d809eb3203685aaf80e25e9d6,vertical 2,type 3,86.0,f69ad584c025f9b756ce1e8c70de3a33aef50b32,2010-02-04 06:36:25.382310,2010-02-04 06:36:44.603533,2010-02-04 06:36:30.985593,,2010-02-04 06:36:44.603533,2010-02-04 06:36:28.627978,,
4274c4481cff74d2375f51075e1668756cca6c87,603364a15bf8abd4b8a2f7d46e6934c397ced244,USD,failed,v3,not_authorized,initiated,6b9aa19c38a47a7d809eb3203685aaf80e25e9d6,vertical 2,type 1,30.0,f69ad584c025f9b756ce1e8c70de3a33aef50b32,2009-09-11 13:52:40.773850,2009-09-11 13:53:34.067758,2009-09-11 13:52:48.088150,,2009-09-11 13:53:34.067758,2009-09-11 13:52:44.529292,,
7833cf47a6d9bdf940d3fc1347238bf2fcec8c98,30f7c597c23522d4038935c6491bb91e74647c22,USD,Executed,v3,,,6b9aa19c38a47a7d809eb3203685aaf80e25e9d6,vertical 2,type 1,200.0,f69ad584c025f9b756ce1e8c70de3a33aef50b32,2010-01-19 03:32:54.886692,2010-01-19 03:33:42.000000,2010-01-19 03:33:06.714243,2010-01-19 03:33:42.000000,,2010-01-19 03:32:58.970451,2010-01-19 03:33:42.000000,2010-01-19 03:33:42.000000
946ef5fc394280e55ecd2b9024999df5581775f3,0c13594466c8f4c9996801c4cc3f822975978c2d,USD,Executed,v3,,,6b9aa19c38a47a7d809eb3203685aaf80e25e9d6,vertical 2,type 3,10.0,f69ad584c025f9b756ce1e8c70de3a33aef50b32,2009-09-09 09:29:00.754209,2009-09-09 09:29:27.167343,2009-09-09 09:29:06.862103,2009-09-09 09:29:23.690835,,2009-09-09 09:29:04.489582,2009-09-09 09:29:22.524576,2009-09-09 09:29:27.167343
80e2da1724294a3cb350eb7624365af3d60d9f69,e8085010136a26d0ebc200ac0751b1d9d673a764,CAD,Executed,v3,,,64c370a753b1db282770cdbf2aba5434a3185b3d,vertical 2,type 8,10.0,9e2b06736b477b7a924f60de14a7e329d82d6f4f,2009-08-05 10:30:41.868235,2009-08-05 10:31:13.038024,2009-08-05 10:30:54.409332,2009-08-05 10:31:13.038024,,2009-08-05 10:30:43.724300,2009-08-05 10:31:09.057366,2009-08-05 10:31:13.038024
2bd7d35bcda1f16ba941001d278ab043ed939eb0,b5ab8f51d35b64af079485e5bbbc335213f3a0ae,CAD,Executed,v3,,,5300313e698b5062bfe820f7efc7571699b4bb4c,vertical 2,type 8,5.0,9e2b06736b477b7a924f60de14a7e329d82d6f4f,2009-08-05 08:57:02.022603,2009-08-05 08:58:41.003825,2009-08-05 08:57:09.151556,2009-08-05 08:58:41.003825,,2009-08-05 08:57:04.705756,2009-08-05 08:58:39.411249,
22c2f40691ab7ffba93ff6b78f8aec9f4e89bb9b,8216651c8989eb69415e6fd793175c69351debc5,USD,failed,v3,provider_expired,initiated,6b9aa19c38a47a7d809eb3203685aaf80e25e9d6,vertical 2,type 1,10.0,f69ad584c025f9b756ce1e8c70de3a33aef50b32,2010-01-31 12:52:19.548970,2010-02-01 12:57:58.994324,2010-01-31 12:52:33.152821,,2010-02-01 12:57:58.994324,2010-01-31 12:52:22.883538,,
113a5eee8478eadb3c86b7544db1276d10ee97d0,0c13594466c8f4c9996801c4cc3f822975978c2d,USD,initiated,v3,,,6b9aa19c38a47a7d809eb3203685aaf80e25e9d6,vertical 2,type 3,19.9,f69ad584c025f9b756ce1e8c70de3a33aef50b32,2010-01-07 15:43:02.154781,2010-01-07 15:43:06.516507,2010-01-07 15:43:06.516507,,,2010-01-07 15:43:04.753062,,
4f5689c01ff474067120d6893227c1b4599ccd66,0090e57640ed78b0c16ac4606a6773769545bb17,CAD,Executed,v3,,,d292da2283043c07accb1086a004caaf05472d44,vertical 5,type 8,3.0,9e2b06736b477b7a924f60de14a7e329d82d6f4f,2009-10-14 18:36:18.330882,2009-10-14 18:36:57.640219,2009-10-14 18:36:26.299483,2009-10-14 18:36:57.640219,,2009-10-14 18:36:22.029892,2009-10-14 18:36:56.449871,2009-10-14 18:36:57.640219
ae1ed8ac26929904515ddffc5d4eae8fb1eb0f98,0c13594466c8f4c9996801c4cc3f822975978c2d,USD,Executed,v3,,,6b9aa19c38a47a7d809eb3203685aaf80e25e9d6,vertical 2,type 3,0.1,f69ad584c025f9b756ce1e8c70de3a33aef50b32,2010-01-19 13:32:01.494098,2010-01-19 13:32:34.566441,2010-01-19 13:32:09.389314,2010-01-19 13:32:34.566441,,2010-01-19 13:32:07.194479,2010-01-19 13:32:32.260907,2010-01-19 13:32:34.000000
5971391427fb88d45599bc6df1a3f93dc2cb11c8,30f7c597c23522d4038935c6491bb91e74647c22,USD,Executed,v3,,,6b9aa19c38a47a7d809eb3203685aaf80e25e9d6,vertical 2,type 1,100.0,f69ad584c025f9b756ce1e8c70de3a33aef50b32,2010-01-09 17:44:10.499784,2010-01-09 17:44:45.000000,2010-01-09 17:44:18.885467,2010-01-09 17:44:45.000000,,2010-01-09 17:44:13.056006,2010-01-09 17:44:45.000000,2010-01-09 17:44:45.000000
0a3e799f377750070733a058ba768624cba1e196,34a0061ba48d1c2810cd930dd69d42482ca92d85,CAD,failed,v3,not_authorized,authorizing,5300313e698b5062bfe820f7efc7571699b4bb4c,vertical 2,type 8,1.47,9e2b06736b477b7a924f60de14a7e329d82d6f4f,2008-08-03 20:59:31.726402,2008-08-03 21:00:02.073989,2008-08-03 20:59:36.974752,,2008-08-03 21:00:02.073989,2008-08-03 20:59:33.575778,,
d298914d77aec1bbff308581eaf8fd4e97a98a49,6cd7d8d37b110668afdca42fc0e1d366b322783e,CAD,failed,v3,canceled,authorizing,f66f2f438fc87dd7deff8e022a67cc5d71aa6968,vertical 2,type 8,104.57,9e2b06736b477b7a924f60de14a7e329d82d6f4f,2010-01-29 17:02:33.793009,2010-01-29 17:02:48.440810,,,2010-01-29 17:02:48.440810,2010-01-29 17:02:37.018897,,
2b351d9fbb7b106cfc6b6f22fd1dc4e5e020ba23,34a0061ba48d1c2810cd930dd69d42482ca92d85,CAD,Executed,v3,,,5300313e698b5062bfe820f7efc7571699b4bb4c,vertical 2,type 8,0.59,9e2b06736b477b7a924f60de14a7e329d82d6f4f,2010-01-29 14:50:47.453085,2010-01-29 14:54:32.578717,2010-01-29 14:50:52.685581,2010-01-29 14:54:32.578717,,2010-01-29 14:50:49.407703,2010-01-29 14:54:31.388335,
3d77b32cd7b5d80311bd67e3daa4c1eeae298860,4d762ce64874cd49be593313e92a1e61cf74417e,CAD,Executed,v3,,,f66f2f438fc87dd7deff8e022a67cc5d71aa6968,vertical 2,type 8,14.0,9e2b06736b477b7a924f60de14a7e329d82d6f4f,2009-11-05 22:36:40.199580,2009-11-05 22:37:47.576064,2009-11-05 22:36:56.876618,2009-11-05 22:37:47.576064,,2009-11-05 22:36:41.093277,2009-11-05 22:37:47.075196,2009-11-05 22:37:47.177000
150b4258a64659f53f93eeb15e88f8a8cd24741d,fa485aff3f9e34d55d25f78856d4a2526a5f8e6f,CAD,Executed,v3,,,5300313e698b5062bfe820f7efc7571699b4bb4c,vertical 2,type 8,4.8,9e2b06736b477b7a924f60de14a7e329d82d6f4f,2009-10-15 21:48:38.450794,2009-10-15 21:49:03.889289,2009-10-15 21:48:46.530864,2009-10-15 21:49:03.889289,,2009-10-15 21:48:42.696936,2009-10-15 21:49:01.227204,
ed9155fabc35d3d9c622587f92ec511d2fdd260c,0c13594466c8f4c9996801c4cc3f822975978c2d,USD,Executed,v3,,,6b9aa19c38a47a7d809eb3203685aaf80e25e9d6,vertical 2,type 3,280.0,f69ad584c025f9b756ce1e8c70de3a33aef50b32,2010-01-20 19:28:48.915140,2010-01-20 19:29:20.632511,2010-01-20 19:29:01.520904,2010-01-20 19:29:20.632511,,2010-01-20 19:28:57.943685,2010-01-20 19:29:19.471724,2010-01-20 19:29:20.000000
a57e78c013b73e1eb6906cb35078584749e3bd87,4c330366c06bae9c5907162ada0364a929b6c8bc,USD,Executed,v3,,,6b9aa19c38a47a7d809eb3203685aaf80e25e9d6,vertical 2,type 1,49.7,f69ad584c025f9b756ce1e8c70de3a33aef50b32,2010-01-14 04:40:01.440570,2010-01-14 04:40:49.000000,2010-01-14 04:40:09.745096,2010-01-14 04:40:49.000000,,2010-01-14 04:40:04.560276,2010-01-14 04:40:49.000000,2010-01-14 04:40:49.000000
5868fef2398ca2fe6b6df7b899d7cd3edd7ea323,b5ab8f51d35b64af079485e5bbbc335213f3a0ae,CAD,Executed,v3,,,5300313e698b5062bfe820f7efc7571699b4bb4c,vertical 2,type 8,2.38,9e2b06736b477b7a924f60de14a7e329d82d6f4f,2010-01-07 02:12:23.537958,2010-01-07 02:12:49.050683,2010-01-07 02:12:27.888998,2010-01-07 02:12:49.050683,,2010-01-07 02:12:24.823049,2010-01-07 02:12:47.392683,
e9e34e42fea6eee8325de12e2b376349a17a51e5,660054a4565377c6e43ff7709abf56d8494ba604,CAD,Executed,v3,,,f66f2f438fc87dd7deff8e022a67cc5d71aa6968,vertical 2,type 8,7.64,9e2b06736b477b7a924f60de14a7e329d82d6f4f,2009-11-05 14:04:42.960313,2009-11-05 14:05:38.013000,2009-11-05 14:04:52.394585,2009-11-05 14:05:38.013000,,2009-11-05 14:04:44.727103,2009-11-05 14:05:36.135751,2009-11-05 14:05:38.013000
543add8eea37de0a8d17530fdd544f4bde9fad27,b5ab8f51d35b64af079485e5bbbc335213f3a0ae,CAD,Executed,v3,,,f66f2f438fc87dd7deff8e022a67cc5d71aa6968,vertical 2,type 8,2.8,9e2b06736b477b7a924f60de14a7e329d82d6f4f,2009-09-26 10:14:09.640256,2009-09-26 10:14:38.646749,2009-09-26 10:14:17.345924,2009-09-26 10:14:38.189068,,2009-09-26 10:14:10.105767,2009-09-26 10:14:36.536405,2009-09-26 10:14:38.646749
9ca1a66c1c1cb240724a21e7067385d5b433549d,34a0061ba48d1c2810cd930dd69d42482ca92d85,CAD,Executed,v3,,,01e10adf72398bdf40b668926be2809ccf68b4dd,vertical 2,type 8,10.25,9e2b06736b477b7a924f60de14a7e329d82d6f4f,2009-06-03 13:01:27.497823,2009-06-03 13:01:59.944260,2009-06-03 13:01:35.624282,2009-06-03 13:01:59.944260,,2009-06-03 13:01:28.046001,2009-06-03 13:01:57.354559,
4aa784f613499c08502ff77b29dde139b8ea49e8,fa485aff3f9e34d55d25f78856d4a2526a5f8e6f,CAD,Executed,v3,,,01e10adf72398bdf40b668926be2809ccf68b4dd,vertical 2,type 8,30.05,9e2b06736b477b7a924f60de14a7e329d82d6f4f,2008-11-02 14:34:37.368362,2008-11-02 14:35:14.341521,2008-11-02 14:34:50.632817,2008-11-02 14:35:14.341521,,2008-11-02 14:34:38.768637,2008-11-02 14:35:12.104847,
e7bd46b3fd40ed3c720ec99458e4987f7e818b27,4d762ce64874cd49be593313e92a1e61cf74417e,CAD,failed,v3,expired,initiated,01e10adf72398bdf40b668926be2809ccf68b4dd,vertical 2,type 8,50.0,9e2b06736b477b7a924f60de14a7e329d82d6f4f,2009-11-25 09:39:41.035263,2009-11-25 09:54:41.200186,2009-11-25 09:40:25.907623,,2009-11-25 09:54:41.200186,2009-11-25 09:39:42.367305,,
5a1fd6846a4b5f526ecb5fd3e1d4db8b95b7bc07,e8085010136a26d0ebc200ac0751b1d9d673a764,CAD,Executed,v3,,,02abfe216906d699a48d39d56b71327b294027cb,vertical 2,type 8,6.1,9e2b06736b477b7a924f60de14a7e329d82d6f4f,2008-06-17 14:39:49.116832,2008-06-17 14:48:06.190108,2008-06-17 14:39:58.830795,2008-06-17 14:48:05.934517,,2008-06-17 14:39:53.360707,2008-06-17 14:48:03.089323,2008-06-17 14:48:06.190108
0344bcb47bb47a65c860f59849d2fe8aa0e629f4,6cd7d8d37b110668afdca42fc0e1d366b322783e,CAD,Executed,v3,,,64c370a753b1db282770cdbf2aba5434a3185b3d,vertical 2,type 8,35.0,9e2b06736b477b7a924f60de14a7e329d82d6f4f,2009-10-10 05:54:13.735297,2009-10-10 05:54:55.758174,2009-10-10 05:54:27.875918,2009-10-10 05:54:55.657610,,2009-10-10 05:54:14.650783,2009-10-10 05:54:54.026118,2009-10-10 05:54:55.758174
3cec42f7f50d097d80edebc10bee603889823b8c,0090e57640ed78b0c16ac4606a6773769545bb17,CAD,Executed,v3,,,64c370a753b1db282770cdbf2aba5434a3185b3d,vertical 2,type 8,8.02,9e2b06736b477b7a924f60de14a7e329d82d6f4f,2010-01-28 07:46:37.430658,2010-01-28 07:47:21.793000,2010-01-28 07:46:45.784946,2010-01-28 07:47:21.793000,,2010-01-28 07:46:41.066122,2010-01-28 07:47:20.737838,2010-01-28 07:47:21.793000
a4db1535ed5a9a405eb497cd7704f1980cea9968,b5ab8f51d35b64af079485e5bbbc335213f3a0ae,CAD,Executed,v3,,,64c370a753b1db282770cdbf2aba5434a3185b3d,vertical 2,type 8,10.0,9e2b06736b477b7a924f60de14a7e329d82d6f4f,2009-12-19 12:24:39.555424,2009-12-19 12:25:19.043000,2009-12-19 12:24:48.561904,2009-12-19 12:25:19.026033,,2009-12-19 12:24:43.781468,2009-12-19 12:25:17.160886,2009-12-19 12:25:19.043000
9944fffdac05d3fe5fa450b2c80158bf104752b9,0090e57640ed78b0c16ac4606a6773769545bb17,CAD,failed,v3,expired,authorizing,02abfe216906d699a48d39d56b71327b294027cb,vertical 2,type 8,10.4,9e2b06736b477b7a924f60de14a7e329d82d6f4f,2008-08-28 10:26:08.803073,2008-08-28 10:41:08.847103,2008-08-28 10:26:21.256076,,2008-08-28 10:41:08.847103,2008-08-28 10:26:11.009111,,
1102f038a7314e96d7d38b4b0d623eccc1765739,660054a4565377c6e43ff7709abf56d8494ba604,CAD,failed,v3,user_canceled_at_provider,initiated,f66f2f438fc87dd7deff8e022a67cc5d71aa6968,vertical 2,type 8,7.0,9e2b06736b477b7a924f60de14a7e329d82d6f4f,2009-12-26 19:56:00.932599,2009-12-26 19:56:51.531903,2009-12-26 19:56:07.521162,,2009-12-26 19:56:51.531903,2009-12-26 19:56:04.019167,,
994bcb9d610ab4716e954ad04e524a9abb70122c,fa485aff3f9e34d55d25f78856d4a2526a5f8e6f,CAD,Executed,v3,,,f66f2f438fc87dd7deff8e022a67cc5d71aa6968,vertical 2,type 8,5.0,9e2b06736b477b7a924f60de14a7e329d82d6f4f,2009-10-09 06:52:50.626153,2009-10-09 06:53:05.980879,2009-10-09 06:52:56.252179,2009-10-09 06:53:05.980879,,2009-10-09 06:52:51.507547,2009-10-09 06:53:03.947524,2009-10-09 06:53:05.980879
196099eb9b4cef0f9c4d0b1814cb8db1754b8dde,b5ab8f51d35b64af079485e5bbbc335213f3a0ae,CAD,Executed,v3,,,f66f2f438fc87dd7deff8e022a67cc5d71aa6968,vertical 2,type 8,20.0,9e2b06736b477b7a924f60de14a7e329d82d6f4f,2009-08-12 18:09:08.230928,2009-08-12 18:09:35.370655,2009-08-12 18:09:12.859293,2009-08-12 18:09:35.132308,,2009-08-12 18:09:08.777819,2009-08-12 18:09:33.196392,2009-08-12 18:09:35.370655
46ea47f7e54129c2793d23c78aaf95c926f60c88,b5ab8f51d35b64af079485e5bbbc335213f3a0ae,CAD,Executed,v3,,,f66f2f438fc87dd7deff8e022a67cc5d71aa6968,vertical 2,type 8,4.99,9e2b06736b477b7a924f60de14a7e329d82d6f4f,2009-10-15 11:03:02.306440,2009-10-15 11:03:24.154145,2009-10-15 11:03:06.222974,2009-10-15 11:03:23.019671,,2009-10-15 11:03:03.216634,2009-10-15 11:03:21.413760,2009-10-15 11:03:24.154145
7cd59b66eb9284ab4f50b58ba5378879745fc8fd,b5ab8f51d35b64af079485e5bbbc335213f3a0ae,CAD,Executed,v3,,,01e10adf72398bdf40b668926be2809ccf68b4dd,vertical 2,type 8,3.16,9e2b06736b477b7a924f60de14a7e329d82d6f4f,2009-09-15 12:19:01.619074,2009-09-15 12:19:26.562084,2009-09-15 12:19:08.911038,2009-09-15 12:19:26.562084,,2009-09-15 12:19:04.052214,2009-09-15 12:19:24.974852,
5dc47b0502eef63c1426381d15ad69400ed37182,fa485aff3f9e34d55d25f78856d4a2526a5f8e6f,CAD,Executed,v3,,,02abfe216906d699a48d39d56b71327b294027cb,vertical 2,type 8,10.0,9e2b06736b477b7a924f60de14a7e329d82d6f4f,2008-07-07 16:00:07.501173,2008-07-07 16:00:44.685456,2008-07-07 16:00:18.619895,2008-07-07 16:00:44.685456,,2008-07-07 16:00:12.659236,2008-07-07 16:00:42.073394,2008-07-07 16:00:44.685456
ec629ce72704bc6e50f011042e6dfe8de6481757,fa485aff3f9e34d55d25f78856d4a2526a5f8e6f,CAD,Executed,v3,,,1911acfcfdc29f5349706da6c1494009e7125da0,vertical 5,type 8,0.5,9e2b06736b477b7a924f60de14a7e329d82d6f4f,2010-01-23 13:34:17.437637,2010-01-23 13:34:41.890000,2010-01-23 13:34:25.484247,2010-01-23 13:34:41.890000,,2010-01-23 13:34:23.822213,2010-01-23 13:34:39.639690,2010-01-23 13:34:41.890000
300812ff932a26d0a1cdf268c107699f4cd6bd3b,34a0061ba48d1c2810cd930dd69d42482ca92d85,CAD,Executed,v3,,,02abfe216906d699a48d39d56b71327b294027cb,vertical 2,type 8,2.0,9e2b06736b477b7a924f60de14a7e329d82d6f4f,2009-03-27 10:03:34.950879,2009-03-27 10:04:14.408662,2009-03-27 10:03:54.763442,2009-03-27 10:04:14.408662,,2009-03-27 10:03:36.533144,2009-03-27 10:04:11.701498,2009-03-27 10:04:14.408662
e7a34f2e8d2f96e133b79954811f261a47aa7b3f,0090e57640ed78b0c16ac4606a6773769545bb17,CAD,Executed,v3,,,02abfe216906d699a48d39d56b71327b294027cb,vertical 2,type 8,10.4,9e2b06736b477b7a924f60de14a7e329d82d6f4f,2009-01-19 16:26:57.534670,2009-01-19 16:29:11.756119,2009-01-19 16:27:08.037708,2009-01-19 16:29:11.756119,,2009-01-19 16:27:01.919144,2009-01-19 16:29:10.342728,2009-01-19 16:29:11.756119
a5bc591a82a18bf639e7d53de19b11dcf8b79c14,b7308502f039e303a048625c725d4aea3380c2ac,CAD,Executed,v3,,,01e10adf72398bdf40b668926be2809ccf68b4dd,vertical 2,type 8,200.0,9e2b06736b477b7a924f60de14a7e329d82d6f4f,2008-04-29 19:23:04.617901,2008-04-29 19:23:49.412354,2008-04-29 19:23:13.710760,2008-04-29 19:23:49.412354,,2008-04-29 19:23:04.617901,2008-04-29 19:23:42.705025,
34891eda8bf6c55cb30949906b830248df64ec8a,157a1e05f6dd803668d000537ea59aa3168a5d14,CAD,New,v1,,,01e10adf72398bdf40b668926be2809ccf68b4dd,vertical 2,type 8,132.28,9e2b06736b477b7a924f60de14a7e329d82d6f4f,2007-12-10 09:21:12.428261,2007-12-10 09:21:15.685912,,,,,,
a6c88306753c7a2f2e29df6098d5d210906b5b09,6926610db1dfc17aca46a6f67789d7d6c24a7185,CAD,failed,v3,not_authorized,authorizing,02abfe216906d699a48d39d56b71327b294027cb,vertical 2,type 8,2.7,9e2b06736b477b7a924f60de14a7e329d82d6f4f,2008-06-13 15:19:57.073952,2008-06-13 15:23:24.820535,2008-06-13 15:20:21.022410,,2008-06-13 15:23:24.820535,2008-06-13 15:20:02.200646,,
48cc7d39dd4820d39ff96cbd6e42f08a27d45217,603364a15bf8abd4b8a2f7d46e6934c397ced244,USD,Executed,v3,,,6b9aa19c38a47a7d809eb3203685aaf80e25e9d6,vertical 2,type 1,40.0,f69ad584c025f9b756ce1e8c70de3a33aef50b32,2009-09-28 09:35:24.271545,2009-09-28 09:35:51.169990,2009-09-28 09:35:29.729262,2009-09-28 09:35:51.169990,,2009-09-28 09:35:26.881179,2009-09-28 09:35:49.658331,2009-09-28 09:35:51.169990
65e467fd1a468381793627787a595128af399e86,614f918e6feee31a627e487db0e58c331fc9d4b7,CAD,Executed,v3,,,5300313e698b5062bfe820f7efc7571699b4bb4c,vertical 2,type 8,5.0,9e2b06736b477b7a924f60de14a7e329d82d6f4f,2008-06-18 11:06:35.811195,2008-06-18 11:07:36.961267,2008-06-18 11:06:45.796403,2008-06-18 11:07:36.961267,,2008-06-18 11:06:38.921480,2008-06-18 11:07:08.383059,
148e4904c01de7f88b2eb13f1d17ff37b3d0c516,e8085010136a26d0ebc200ac0751b1d9d673a764,CAD,Executed,v3,,,5300313e698b5062bfe820f7efc7571699b4bb4c,vertical 2,type 8,2.6,9e2b06736b477b7a924f60de14a7e329d82d6f4f,2009-05-07 17:35:00.401262,2009-05-07 17:36:05.087614,2009-05-07 17:35:09.585299,2009-05-07 17:36:05.087614,,2009-05-07 17:35:02.080660,2009-05-07 17:36:02.538749,
ba45f63cf455951f86e87fa6b5a12ee98caac4f4,b7308502f039e303a048625c725d4aea3380c2ac,CAD,Executed,v3,,,01e10adf72398bdf40b668926be2809ccf68b4dd,vertical 2,type 8,57.01,9e2b06736b477b7a924f60de14a7e329d82d6f4f,2009-05-10 09:59:27.683568,2009-05-10 10:00:02.954225,2009-05-10 09:59:36.712744,2009-05-10 10:00:02.954225,,2009-05-10 09:59:28.508135,2009-05-10 10:00:00.613611,
eb4771178016f751e80721ae80c2b26ba40a30d6,0c13594466c8f4c9996801c4cc3f822975978c2d,USD,failed,v3,insufficient_funds,initiated,6b9aa19c38a47a7d809eb3203685aaf80e25e9d6,vertical 2,type 3,0.1,f69ad584c025f9b756ce1e8c70de3a33aef50b32,2010-01-08 23:43:25.305811,2010-01-08 23:44:40.839308,2010-01-08 23:43:33.972618,,2010-01-08 23:44:40.839308,2010-01-08 23:43:31.859881,,
b8ee4ccecbe0b32662c39ec9a5053e2c327feef6,6cd7d8d37b110668afdca42fc0e1d366b322783e,CAD,Executed,v3,,,64c370a753b1db282770cdbf2aba5434a3185b3d,vertical 2,type 8,25.0,9e2b06736b477b7a924f60de14a7e329d82d6f4f,2009-10-07 13:29:29.616843,2009-10-07 13:30:16.051917,2009-10-07 13:29:37.266551,2009-10-07 13:30:15.028715,,2009-10-07 13:29:31.012150,2009-10-07 13:30:11.802667,2009-10-07 13:30:16.051917
985b8ef798782e3c9a0dd4665da9c47c5ec2c2fd,6926610db1dfc17aca46a6f67789d7d6c24a7185,CAD,Executed,v3,,,5300313e698b5062bfe820f7efc7571699b4bb4c,vertical 2,type 8,0.6,9e2b06736b477b7a924f60de14a7e329d82d6f4f,2008-05-25 22:45:23.035739,2008-05-25 22:46:04.739205,2008-05-25 22:45:28.232519,2008-05-25 22:46:04.739205,,2008-05-25 22:45:24.847133,2008-05-25 22:46:04.737760,
0e84d9559550557a8b3ae6d46589a73eaa082b38,e8085010136a26d0ebc200ac0751b1d9d673a764,CAD,Executed,v3,,,5300313e698b5062bfe820f7efc7571699b4bb4c,vertical 2,type 8,40.0,9e2b06736b477b7a924f60de14a7e329d82d6f4f,2009-10-10 22:38:48.698070,2009-10-10 22:39:16.717400,2009-10-10 22:38:57.743830,2009-10-10 22:39:16.717400,,2009-10-10 22:38:50.396952,2009-10-10 22:39:13.619960,
f43f8c50c05e47f71d85e78139f6211bcd1118aa,6cd7d8d37b110668afdca42fc0e1d366b322783e,CAD,Executed,v3,,,5300313e698b5062bfe820f7efc7571699b4bb4c,vertical 2,type 8,2.2,9e2b06736b477b7a924f60de14a7e329d82d6f4f,2009-06-23 08:31:53.499648,2009-06-23 08:33:16.218821,2009-06-23 08:32:10.234792,2009-06-23 08:33:16.218821,,2009-06-23 08:32:02.853407,2009-06-23 08:33:13.498219,
cac04298f7a5c758b02224fa14954ac725795e3d,fa485aff3f9e34d55d25f78856d4a2526a5f8e6f,CAD,Executed,v3,,,02abfe216906d699a48d39d56b71327b294027cb,vertical 2,type 8,11.3,9e2b06736b477b7a924f60de14a7e329d82d6f4f,2008-09-15 15:27:00.647138,2008-09-15 15:27:49.716404,2008-09-15 15:27:08.917419,2008-09-15 15:27:49.716404,,2008-09-15 15:27:02.276258,2008-09-15 15:27:47.659601,2008-09-15 15:27:49.716404
91ec61f9d2a08e5068e4ec73b861a593fba6c2b5,6cd7d8d37b110668afdca42fc0e1d366b322783e,CAD,Executed,v3,,,02abfe216906d699a48d39d56b71327b294027cb,vertical 2,type 8,8.2,9e2b06736b477b7a924f60de14a7e329d82d6f4f,2009-01-02 10:45:20.199487,2009-01-02 10:46:28.560051,2009-01-02 10:45:28.833037,2009-01-02 10:46:28.560051,,2009-01-02 10:45:23.259904,2009-01-02 10:46:27.556244,2009-01-02 10:46:28.560051
6f9336c6b6536c55766ce4e8555e381f32e2072c,6926610db1dfc17aca46a6f67789d7d6c24a7185,CAD,Executed,v3,,,5300313e698b5062bfe820f7efc7571699b4bb4c,vertical 2,type 8,4.0,9e2b06736b477b7a924f60de14a7e329d82d6f4f,2009-10-03 13:42:05.145716,2009-10-03 13:43:41.469571,2009-10-03 13:42:14.020880,2009-10-03 13:43:41.469571,,2009-10-03 13:42:08.184288,2009-10-03 13:43:36.531478,
6f823815cf10d2d1a65a08c1b30d78eafb1df619,660054a4565377c6e43ff7709abf56d8494ba604,CAD,Executed,v3,,,5300313e698b5062bfe820f7efc7571699b4bb4c,vertical 2,type 8,13.03,9e2b06736b477b7a924f60de14a7e329d82d6f4f,2009-03-31 11:10:39.253420,2009-03-31 11:11:18.922091,2009-03-31 11:10:47.635284,2009-03-31 11:11:18.922091,,2009-03-31 11:10:41.713168,2009-03-31 11:11:13.974649,
02b380fac6d6463e6501a75fa390700995a85b79,6926610db1dfc17aca46a6f67789d7d6c24a7185,CAD,Executed,v3,,,64c370a753b1db282770cdbf2aba5434a3185b3d,vertical 2,type 8,2.75,9e2b06736b477b7a924f60de14a7e329d82d6f4f,2009-10-25 18:19:40.256349,2009-10-25 18:20:37.886851,2009-10-25 18:19:53.034708,2009-10-25 18:20:37.886851,,2009-10-25 18:19:41.456589,2009-10-25 18:20:35.939716,2009-10-25 18:20:37.886851
1a192d9e7077452e6abe7498ba197f3e83fca5be,e8085010136a26d0ebc200ac0751b1d9d673a764,CAD,Executed,v3,,,5300313e698b5062bfe820f7efc7571699b4bb4c,vertical 2,type 8,3.58,9e2b06736b477b7a924f60de14a7e329d82d6f4f,2009-12-14 03:17:17.410252,2009-12-14 03:17:50.970938,2009-12-14 03:17:25.175819,2009-12-14 03:17:50.970938,,2009-12-14 03:17:19.225802,2009-12-14 03:17:46.389720,
5c98ce0441f03444b2757e963c34092f3ab51a98,b5ab8f51d35b64af079485e5bbbc335213f3a0ae,CAD,Executed,v3,,,f66f2f438fc87dd7deff8e022a67cc5d71aa6968,vertical 2,type 8,8.0,9e2b06736b477b7a924f60de14a7e329d82d6f4f,2009-11-28 10:34:05.870566,2009-11-28 10:47:28.910000,2009-11-28 10:34:19.169563,2009-11-28 10:35:32.530837,,2009-11-28 10:34:08.706859,2009-11-28 10:35:31.046377,2009-11-28 10:47:28.910000
68af48dffa556811baaeb2eb65606cba40ecdd3a,6926610db1dfc17aca46a6f67789d7d6c24a7185,CAD,Executed,v3,,,f66f2f438fc87dd7deff8e022a67cc5d71aa6968,vertical 2,type 8,35.93,9e2b06736b477b7a924f60de14a7e329d82d6f4f,2009-10-08 18:44:03.224874,2009-10-08 18:45:14.856645,2009-10-08 18:44:10.688735,2009-10-08 18:45:14.856645,,2009-10-08 18:44:05.006594,2009-10-08 18:45:13.220563,2009-10-08 18:45:14.856645
e339707a218ea07bfeb23349c47f17553a861a96,b5ab8f51d35b64af079485e5bbbc335213f3a0ae,CAD,failed,v3,expired,initiated,5300313e698b5062bfe820f7efc7571699b4bb4c,vertical 2,type 8,2.7,9e2b06736b477b7a924f60de14a7e329d82d6f4f,2009-03-02 15:27:43.670155,2009-03-02 15:42:43.738005,2009-03-02 15:27:49.647566,,2009-03-02 15:42:43.738005,2009-03-02 15:27:45.323964,,
484b1785097828765655559b715318fdc0bd014c,e8085010136a26d0ebc200ac0751b1d9d673a764,CAD,failed,v3,expired,initiated,f66f2f438fc87dd7deff8e022a67cc5d71aa6968,vertical 2,type 8,4.38,9e2b06736b477b7a924f60de14a7e329d82d6f4f,2009-10-24 15:50:17.810238,2009-10-24 16:05:17.894643,2009-10-24 15:50:28.108446,,2009-10-24 16:05:17.894643,2009-10-24 15:50:18.357679,,
e05ec0f17c756c545192f46046c71f6ca950f7f0,e8085010136a26d0ebc200ac0751b1d9d673a764,CAD,Executed,v3,,,64c370a753b1db282770cdbf2aba5434a3185b3d,vertical 2,type 8,27.88,9e2b06736b477b7a924f60de14a7e329d82d6f4f,2010-01-19 22:39:11.387330,2010-01-19 22:39:58.670000,2010-01-19 22:39:23.673157,2010-01-19 22:39:58.274132,,2010-01-19 22:39:11.803578,2010-01-19 22:39:55.321476,2010-01-19 22:39:58.670000
29f2d48b84059394cbbd8e322cf89b7e5acdce19,4d762ce64874cd49be593313e92a1e61cf74417e,CAD,Executed,v3,,,64c370a753b1db282770cdbf2aba5434a3185b3d,vertical 2,type 8,7.12,9e2b06736b477b7a924f60de14a7e329d82d6f4f,2009-11-11 17:57:15.539566,2009-11-11 17:57:53.630000,2009-11-11 17:57:20.075791,2009-11-11 17:57:53.630000,,2009-11-11 17:57:16.092337,2009-11-11 17:57:53.484780,2009-11-11 17:57:53.630000
14c4a7d3dcd36705dccb10cbbb8bcd33089ecda5,b7308502f039e303a048625c725d4aea3380c2ac,CAD,Executed,v3,,,64c370a753b1db282770cdbf2aba5434a3185b3d,vertical 2,type 8,8.15,9e2b06736b477b7a924f60de14a7e329d82d6f4f,2009-12-31 06:26:14.843962,2009-12-31 06:26:33.943000,2009-12-31 06:26:20.499437,2009-12-31 06:26:33.943000,,2009-12-31 06:26:17.667307,2009-12-31 06:26:32.653256,2009-12-31 06:26:33.943000
73bb684b00109cea9756798983c04ec252f2f96c,6cd7d8d37b110668afdca42fc0e1d366b322783e,CAD,failed,v3,not_authorized,initiated,5300313e698b5062bfe820f7efc7571699b4bb4c,vertical 2,type 8,10.31,9e2b06736b477b7a924f60de14a7e329d82d6f4f,2009-06-09 18:46:09.199454,2009-06-09 18:48:26.879464,2009-06-09 18:46:17.770275,,2009-06-09 18:48:26.879464,2009-06-09 18:46:13.069916,,
1b4706aa64ed4f45ac00bc961c79598534742927,660054a4565377c6e43ff7709abf56d8494ba604,CAD,Executed,v3,,,5300313e698b5062bfe820f7efc7571699b4bb4c,vertical 2,type 8,13.25,9e2b06736b477b7a924f60de14a7e329d82d6f4f,2009-06-22 00:14:36.034662,2009-06-22 00:15:41.756425,2009-06-22 00:14:44.848234,2009-06-22 00:15:41.756425,,2009-06-22 00:14:39.562628,2009-06-22 00:15:36.511234,
f1482990471f3d0b35ebc1808c09007bfc2b0967,34a0061ba48d1c2810cd930dd69d42482ca92d85,CAD,Executed,v3,,,64c370a753b1db282770cdbf2aba5434a3185b3d,vertical 2,type 8,1.29,9e2b06736b477b7a924f60de14a7e329d82d6f4f,2009-11-28 18:01:39.705675,2009-11-28 18:02:08.707000,2009-11-28 18:01:46.881211,2009-11-28 18:02:07.487292,,2009-11-28 18:01:42.875272,2009-11-28 18:02:04.905866,2009-11-28 18:02:08.707000
4079b14342d2af782f9475f68f0bf7c7b41ae6dd,b5ab8f51d35b64af079485e5bbbc335213f3a0ae,CAD,Executed,v3,,,5300313e698b5062bfe820f7efc7571699b4bb4c,vertical 2,type 8,20.0,9e2b06736b477b7a924f60de14a7e329d82d6f4f,2009-06-08 21:02:52.165218,2009-06-08 21:03:53.490736,2009-06-08 21:03:00.570764,2009-06-08 21:03:53.490736,,2009-06-08 21:02:53.728378,2009-06-08 21:03:50.562622,
06ab3ec6dd80f84826a43b9502422122f50eaed0,e8085010136a26d0ebc200ac0751b1d9d673a764,CAD,Executed,v3,,,01e10adf72398bdf40b668926be2809ccf68b4dd,vertical 2,type 8,5.5,9e2b06736b477b7a924f60de14a7e329d82d6f4f,2008-09-06 15:40:22.463087,2008-09-06 15:40:54.595469,2008-09-06 15:40:26.846970,2008-09-06 15:40:54.595469,,2008-09-06 15:40:23.543419,2008-09-06 15:40:51.695005,
c8426267809e485265662efa57fd28e4df7f4180,6cd7d8d37b110668afdca42fc0e1d366b322783e,CAD,failed,v3,expired,initiated,01e10adf72398bdf40b668926be2809ccf68b4dd,vertical 2,type 8,44.51,9e2b06736b477b7a924f60de14a7e329d82d6f4f,2009-05-20 21:30:57.942745,2009-05-20 21:45:58.169478,2009-05-20 21:31:03.017359,,2009-05-20 21:45:58.169478,2009-05-20 21:30:59.001959,,
8d9e416d2ef74ecdf748c46d75fd4cdfcd244f4c,4d762ce64874cd49be593313e92a1e61cf74417e,CAD,Executed,v3,,,5300313e698b5062bfe820f7efc7571699b4bb4c,vertical 2,type 8,20.0,9e2b06736b477b7a924f60de14a7e329d82d6f4f,2009-10-06 13:00:07.966364,2009-10-06 13:01:28.274874,2009-10-06 13:00:20.295235,2009-10-06 13:01:28.274874,,2009-10-06 13:00:14.694719,2009-10-06 13:01:27.631170,
add650ade0db2396cdcd5f227808ac15e1b38c64,6cd7d8d37b110668afdca42fc0e1d366b322783e,CAD,Executed,v3,,,02abfe216906d699a48d39d56b71327b294027cb,vertical 2,type 8,200.0,9e2b06736b477b7a924f60de14a7e329d82d6f4f,2008-10-17 10:33:25.329700,2008-10-17 10:40:03.751036,2008-10-17 10:33:50.504674,2008-10-17 10:40:02.743749,,2008-10-17 10:33:28.088666,2008-10-17 10:40:02.740901,2008-10-17 10:40:03.751036
8dffd70bd390fa6694ab613b1e6bfe1937dc418f,fa485aff3f9e34d55d25f78856d4a2526a5f8e6f,CAD,Executed,v3,,,02abfe216906d699a48d39d56b71327b294027cb,vertical 2,type 8,23.1,9e2b06736b477b7a924f60de14a7e329d82d6f4f,2009-01-09 16:19:50.043972,2009-01-09 16:20:12.523875,2009-01-09 16:19:55.347411,2009-01-09 16:20:12.523875,,2009-01-09 16:19:51.903232,2009-01-09 16:20:10.405232,2009-01-09 16:20:12.523875
ba5ea4872b3074e48f65bf3dc17708e630fdd0f4,4c330366c06bae9c5907162ada0364a929b6c8bc,USD,Executed,v3,,,6b9aa19c38a47a7d809eb3203685aaf80e25e9d6,vertical 2,type 2,0.2,f69ad584c025f9b756ce1e8c70de3a33aef50b32,2009-12-22 08:15:56.295345,2009-12-23 01:01:34.000000,2009-12-22 08:16:42.392180,2009-12-22 08:25:44.166611,,2009-12-22 08:16:02.441449,2009-12-22 08:17:37.392079,2009-12-23 01:01:34.000000
775c24f13ff7ebd3ea0a8d46f9b65b25b13fcb69,30f7c597c23522d4038935c6491bb91e74647c22,USD,failed,v3,provider_expired,initiated,6b9aa19c38a47a7d809eb3203685aaf80e25e9d6,vertical 2,type 1,0.15,f69ad584c025f9b756ce1e8c70de3a33aef50b32,2010-01-21 13:20:11.519371,2010-01-21 14:20:33.629734,2010-01-21 13:20:23.314289,,2010-01-21 14:20:33.629734,2010-01-21 13:20:16.697599,,
aef3b32ccbed1e4b5e6ba1c0fabcf0e4a0f1b5a1,3674b4d292131698ba6c946dda67a8fd8b63f12a,CAD,Executed,v3,,,f66f2f438fc87dd7deff8e022a67cc5d71aa6968,vertical 2,type 8,1.0,9e2b06736b477b7a924f60de14a7e329d82d6f4f,2010-02-01 07:11:48.529485,2010-02-01 07:12:22.577000,2010-02-01 07:12:05.147025,2010-02-01 07:12:22.577000,,2010-02-01 07:11:51.868515,2010-02-01 07:12:21.555049,2010-02-01 07:12:22.577000
2b520f8628d13c508f341ef2f2d5310f7d999f15,b5ab8f51d35b64af079485e5bbbc335213f3a0ae,CAD,Executed,v3,,,02abfe216906d699a48d39d56b71327b294027cb,vertical 2,type 8,30.0,9e2b06736b477b7a924f60de14a7e329d82d6f4f,2008-08-14 16:25:42.941188,2008-08-14 16:26:48.158290,2008-08-14 16:25:46.812130,2008-08-14 16:26:48.158290,,2008-08-14 16:25:44.626931,2008-08-14 16:26:45.394584,2008-08-14 16:26:48.158290
331d9ee9878d959d77a87dbe7d3c83d03744bbb1,4d762ce64874cd49be593313e92a1e61cf74417e,CAD,Executed,v3,,,f66f2f438fc87dd7deff8e022a67cc5d71aa6968,vertical 2,type 8,34.49,9e2b06736b477b7a924f60de14a7e329d82d6f4f,2009-08-25 06:37:27.239105,2009-08-25 06:37:57.955842,2009-08-25 06:37:33.364256,2009-08-25 06:37:55.404628,,2009-08-25 06:37:28.225260,2009-08-25 06:37:55.402936,2009-08-25 06:37:57.955842
f683703396bb30724e6908314c3dfd56d428ce70,fa485aff3f9e34d55d25f78856d4a2526a5f8e6f,CAD,Executed,v3,,,f66f2f438fc87dd7deff8e022a67cc5d71aa6968,vertical 2,type 8,2.69,9e2b06736b477b7a924f60de14a7e329d82d6f4f,2010-01-06 13:15:22.940963,2010-01-06 13:15:43.017000,2010-01-06 13:15:28.963213,2010-01-06 13:15:43.017000,,2010-01-06 13:15:23.814914,2010-01-06 13:15:41.080458,2010-01-06 13:15:43.017000
f94fee54eaa4f17c4135e516f4da220e1a1f34a4,b7308502f039e303a048625c725d4aea3380c2ac,CAD,Executed,v3,,,f66f2f438fc87dd7deff8e022a67cc5d71aa6968,vertical 2,type 8,10.0,9e2b06736b477b7a924f60de14a7e329d82d6f4f,2010-01-05 10:19:36.982372,2010-01-05 10:20:03.135332,2010-01-05 10:19:43.527560,2010-01-05 10:20:03.135332,,2010-01-05 10:19:39.847671,2010-01-05 10:19:57.640980,2010-01-05 10:20:02.887000
3eb5a418cedc6797d89ee7ad45f11a2b6109bb59,4d762ce64874cd49be593313e92a1e61cf74417e,CAD,Executed,v3,,,f66f2f438fc87dd7deff8e022a67cc5d71aa6968,vertical 2,type 8,3.0,9e2b06736b477b7a924f60de14a7e329d82d6f4f,2009-09-26 10:19:34.136808,2009-09-26 10:20:37.813701,2009-09-26 10:19:41.071125,2009-09-26 10:20:37.537333,,2009-09-26 10:19:35.378823,2009-09-26 10:20:37.535328,2009-09-26 10:20:37.813701
c041006cc82f94f763d4490fefd24474e6c6f9e5,6926610db1dfc17aca46a6f67789d7d6c24a7185,CAD,Executed,v3,,,f66f2f438fc87dd7deff8e022a67cc5d71aa6968,vertical 2,type 8,10.8,9e2b06736b477b7a924f60de14a7e329d82d6f4f,2009-12-26 15:36:00.333698,2009-12-26 15:36:34.198099,2009-12-26 15:36:05.390082,2009-12-26 15:36:34.198099,,2009-12-26 15:36:01.302841,2009-12-26 15:36:32.546336,2009-12-26 15:36:33.967000
11a0720614db0ea717ed227e3934682b9eebdd78,660054a4565377c6e43ff7709abf56d8494ba604,CAD,failed,v3,expired,authorizing,02abfe216906d699a48d39d56b71327b294027cb,vertical 2,type 8,11.0,9e2b06736b477b7a924f60de14a7e329d82d6f4f,2008-12-10 15:22:53.084872,2008-12-10 15:37:53.118234,2008-12-10 15:23:02.799713,,2008-12-10 15:37:53.118234,2008-12-10 15:22:54.928822,,
8feecc1c6e26322ae8254cd56133af8cccabe2ed,3674b4d292131698ba6c946dda67a8fd8b63f12a,CAD,Executed,v3,,,64c370a753b1db282770cdbf2aba5434a3185b3d,vertical 2,type 8,20.0,9e2b06736b477b7a924f60de14a7e329d82d6f4f,2009-12-12 07:33:43.684656,2009-12-12 07:34:20.530000,2009-12-12 07:33:54.129118,2009-12-12 07:34:20.530000,,2009-12-12 07:33:47.433245,2009-12-12 07:34:19.439594,2009-12-12 07:34:20.530000
1e4361627de95cad9ea27544b934142c01237fd6,e8085010136a26d0ebc200ac0751b1d9d673a764,CAD,Executed,v3,,,64c370a753b1db282770cdbf2aba5434a3185b3d,vertical 2,type 8,9.28,9e2b06736b477b7a924f60de14a7e329d82d6f4f,2010-01-01 11:13:47.782801,2010-01-01 11:14:16.990000,2010-01-01 11:13:52.547164,2010-01-01 11:14:15.203260,,2010-01-01 11:13:48.253210,2010-01-01 11:14:10.989709,2010-01-01 11:14:16.990000
db8892d1b9bb802576b37993a072a07e549526fc,4d762ce64874cd49be593313e92a1e61cf74417e,CAD,Executed,v3,,,64c370a753b1db282770cdbf2aba5434a3185b3d,vertical 2,type 8,1.0,9e2b06736b477b7a924f60de14a7e329d82d6f4f,2009-12-03 17:13:46.450737,2009-12-03 17:14:16.247048,2009-12-03 17:13:55.895834,2009-12-03 17:14:15.907000,,2009-12-03 17:13:51.378952,2009-12-03 17:14:16.247048,2009-12-03 17:14:15.907000
ed4e4380a432bb5b7cef97b57b9cc41428c80d87,b5ab8f51d35b64af079485e5bbbc335213f3a0ae,CAD,Executed,v3,,,5300313e698b5062bfe820f7efc7571699b4bb4c,vertical 2,type 8,0.59,9e2b06736b477b7a924f60de14a7e329d82d6f4f,2010-01-22 21:25:57.400154,2010-01-22 21:26:41.417866,2010-01-22 21:26:03.103885,2010-01-22 21:26:41.417866,,2010-01-22 21:25:59.809178,2010-01-22 21:26:39.347421,
248312a06d3b5922c3021406c278984ba94fa390,e8085010136a26d0ebc200ac0751b1d9d673a764,CAD,Executed,v3,,,5300313e698b5062bfe820f7efc7571699b4bb4c,vertical 2,type 8,17.0,9e2b06736b477b7a924f60de14a7e329d82d6f4f,2008-08-17 13:22:44.833627,2008-08-17 13:23:35.653152,2008-08-17 13:22:52.251085,2008-08-17 13:23:35.653152,,2008-08-17 13:22:47.801047,2008-08-17 13:23:30.140942,
a6a033e536797da39b8ece59a74b91f4401c63ec,4c330366c06bae9c5907162ada0364a929b6c8bc,USD,failed,v3,provider_expired,initiated,6b9aa19c38a47a7d809eb3203685aaf80e25e9d6,vertical 2,type 1,34.0,f69ad584c025f9b756ce1e8c70de3a33aef50b32,2010-01-07 06:45:23.597678,2010-01-07 07:45:46.137299,2010-01-07 06:45:35.369969,,2010-01-07 07:45:46.137299,2010-01-07 06:45:27.445566,,
16c25ad709a6e20f3639d7f33c8d8d43b01095c7,8216651c8989eb69415e6fd793175c69351debc5,USD,Executed,v3,,,6b9aa19c38a47a7d809eb3203685aaf80e25e9d6,vertical 2,type 1,5.0,f69ad584c025f9b756ce1e8c70de3a33aef50b32,2009-12-31 03:47:56.415237,2009-12-31 03:50:07.000000,2009-12-31 03:48:05.993108,2009-12-31 03:50:07.000000,,2009-12-31 03:47:59.720688,2009-12-31 03:50:05.668299,2009-12-31 03:50:07.000000
3e07bd3e293b9864b997366a6c688d5def7041eb,fa485aff3f9e34d55d25f78856d4a2526a5f8e6f,CAD,Executed,v3,,,5300313e698b5062bfe820f7efc7571699b4bb4c,vertical 2,type 8,3.01,9e2b06736b477b7a924f60de14a7e329d82d6f4f,2009-12-11 09:44:20.684676,2009-12-11 09:44:48.261345,2009-12-11 09:44:25.605706,2009-12-11 09:44:48.261345,,2009-12-11 09:44:22.470766,2009-12-11 09:44:44.230553,
256b27d14cd4583df2ccff9de97e89b012e2203a,0c13594466c8f4c9996801c4cc3f822975978c2d,USD,Executed,v3,,,6b9aa19c38a47a7d809eb3203685aaf80e25e9d6,vertical 2,type 3,10.0,f69ad584c025f9b756ce1e8c70de3a33aef50b32,2010-01-09 08:59:23.635343,2010-01-09 08:59:43.009095,2010-01-09 08:59:28.664716,2010-01-09 08:59:43.009095,,2010-01-09 08:59:26.602684,2010-01-09 08:59:41.773231,2010-01-09 08:59:42.000000
8b108a63a2dab3b72337116967ddd99d22167993,0c13594466c8f4c9996801c4cc3f822975978c2d,USD,initiated,v3,,,6b9aa19c38a47a7d809eb3203685aaf80e25e9d6,vertical 2,type 3,200.0,f69ad584c025f9b756ce1e8c70de3a33aef50b32,2010-01-31 19:05:44.329823,2010-01-31 19:05:55.843954,2010-01-31 19:05:55.843954,,,2010-01-31 19:05:52.881147,,
9ef6893561eb7827e81ceb82fc76bff9b7d09264,0c13594466c8f4c9996801c4cc3f822975978c2d,USD,initiated,v3,,,6b9aa19c38a47a7d809eb3203685aaf80e25e9d6,vertical 2,type 3,100.0,f69ad584c025f9b756ce1e8c70de3a33aef50b32,2010-01-29 18:07:38.473349,2010-01-29 18:07:44.346793,2010-01-29 18:07:44.346793,,,2010-01-29 18:07:42.109415,,
0578abdae1c768674bfd3acf2e8ec9b1a99031b8,b7308502f039e303a048625c725d4aea3380c2ac,CAD,Executed,v3,,,1911acfcfdc29f5349706da6c1494009e7125da0,vertical 5,type 8,1.0,9e2b06736b477b7a924f60de14a7e329d82d6f4f,2010-01-15 04:00:54.954358,2010-01-15 04:01:29.097000,2010-01-15 04:01:07.792189,2010-01-15 04:01:29.097000,,2010-01-15 04:00:56.894133,2010-01-15 04:01:27.492740,2010-01-15 04:01:29.097000
f193c61a1c1f9c189f188591f933d47013743d57,0090e57640ed78b0c16ac4606a6773769545bb17,CAD,Executed,v3,,,5300313e698b5062bfe820f7efc7571699b4bb4c,vertical 2,type 8,6.8,9e2b06736b477b7a924f60de14a7e329d82d6f4f,2009-07-29 20:31:01.261645,2009-07-29 20:32:22.130105,2009-07-29 20:31:10.256152,2009-07-29 20:32:22.130105,,2009-07-29 20:31:03.040843,2009-07-29 20:32:19.238286,
17f006a2ececf813ef71fd407e720e153b38efa7,660054a4565377c6e43ff7709abf56d8494ba604,CAD,failed,v3,not_authorized,initiated,64c370a753b1db282770cdbf2aba5434a3185b3d,vertical 2,type 8,157.63,9e2b06736b477b7a924f60de14a7e329d82d6f4f,2009-10-21 08:44:40.063890,2009-10-21 08:45:33.384625,2009-10-21 08:44:49.097023,,2009-10-21 08:45:33.384625,2009-10-21 08:44:41.557494,,
576470efa2438bcd12dcae57f4c4c997f50d2ed1,b5ab8f51d35b64af079485e5bbbc335213f3a0ae,CAD,Executed,v3,,,64c370a753b1db282770cdbf2aba5434a3185b3d,vertical 2,type 8,0.28,9e2b06736b477b7a924f60de14a7e329d82d6f4f,2010-02-04 18:17:15.257174,2010-02-04 18:17:44.566489,2010-02-04 18:17:19.682079,2010-02-04 18:17:44.566489,,2010-02-04 18:17:15.772169,2010-02-04 18:17:43.144162,2010-02-04 18:17:44.343000
9f27a1154bd3db519a537d3f3d97f6330492c603,0c13594466c8f4c9996801c4cc3f822975978c2d,USD,initiated,v3,,,6b9aa19c38a47a7d809eb3203685aaf80e25e9d6,vertical 2,type 3,10.0,f69ad584c025f9b756ce1e8c70de3a33aef50b32,2009-10-29 08:51:55.252139,2009-10-29 08:52:23.349841,2009-10-29 08:52:23.349841,,,2009-10-29 08:52:17.101964,,
17ec89925c76ad31b6f40f4f19eb18397c5fa06b,603364a15bf8abd4b8a2f7d46e6934c397ced244,USD,Executed,v3,,,6b9aa19c38a47a7d809eb3203685aaf80e25e9d6,vertical 2,type 1,40.0,f69ad584c025f9b756ce1e8c70de3a33aef50b32,2009-11-28 14:26:30.556503,2009-11-28 14:28:15.000000,2009-11-28 14:26:38.493744,2009-11-28 14:28:15.000000,,2009-11-28 14:26:35.515623,2009-11-28 14:28:15.000000,2009-11-28 14:28:15.000000
be68e7c9fb336c82013414f58f61147c0db76ae0,6c4968fa85cc234c89763375210a95a9d789e501,USD,failed,v3,provider_expired,initiated,6b9aa19c38a47a7d809eb3203685aaf80e25e9d6,vertical 2,type 1,50.0,f69ad584c025f9b756ce1e8c70de3a33aef50b32,2009-10-25 02:07:09.204871,2009-10-26 02:12:58.161431,2009-10-25 02:07:17.900908,,2009-10-26 02:12:58.161431,2009-10-25 02:07:12.675676,,
f9d292ec4b153622d86df041576aec8c5de3af37,0c13594466c8f4c9996801c4cc3f822975978c2d,USD,initiated,v3,,,6b9aa19c38a47a7d809eb3203685aaf80e25e9d6,vertical 2,type 3,5.0,f69ad584c025f9b756ce1e8c70de3a33aef50b32,2010-02-01 19:36:28.164597,2010-02-01 19:36:44.110795,2010-02-01 19:36:44.110795,,,2010-02-01 19:36:41.722571,,
b119917d1802a48bd491b16d66d3d975de871f67,0c13594466c8f4c9996801c4cc3f822975978c2d,USD,Executed,v3,,,6b9aa19c38a47a7d809eb3203685aaf80e25e9d6,vertical 2,type 3,4.0,f69ad584c025f9b756ce1e8c70de3a33aef50b32,2009-10-02 13:38:25.479903,2009-10-02 13:39:06.509562,2009-10-02 13:38:36.344748,2009-10-02 13:39:04.511914,,2009-10-02 13:38:33.351071,2009-10-02 13:39:03.398609,2009-10-02 13:39:06.509562
928de9e93e1324f0b2d58fa7d75da014b3f4afbc,34a0061ba48d1c2810cd930dd69d42482ca92d85,CAD,Executed,v3,,,5300313e698b5062bfe820f7efc7571699b4bb4c,vertical 2,type 8,12.1,9e2b06736b477b7a924f60de14a7e329d82d6f4f,2009-10-18 17:04:00.424394,2009-10-18 17:04:27.024761,2009-10-18 17:04:05.407530,2009-10-18 17:04:27.024761,,2009-10-18 17:04:02.031729,2009-10-18 17:04:25.781188,
41b2c77ba61fff9c4990f897bcc50607dd5a24a7,e8085010136a26d0ebc200ac0751b1d9d673a764,CAD,Executed,v3,,,d292da2283043c07accb1086a004caaf05472d44,vertical 5,type 8,3.0,9e2b06736b477b7a924f60de14a7e329d82d6f4f,2008-01-09 23:37:01.862541,2008-01-09 23:37:33.010495,2008-01-09 23:37:08.875373,2008-01-09 23:37:32.477941,,2008-01-09 23:37:01.862541,2008-01-09 23:37:29.185000,2008-01-09 23:37:33.010495
18b91eb154309d04038493c97904313283d88f2c,b5ab8f51d35b64af079485e5bbbc335213f3a0ae,CAD,Executed,v3,,,f66f2f438fc87dd7deff8e022a67cc5d71aa6968,vertical 2,type 8,100.0,9e2b06736b477b7a924f60de14a7e329d82d6f4f,2010-02-01 14:43:55.276771,2010-02-01 14:44:29.180522,2010-02-01 14:44:03.261727,2010-02-01 14:44:29.180522,,2010-02-01 14:43:58.513547,2010-02-01 14:44:27.551295,2010-02-01 14:44:28.773000
5919ab1e0e3c2d8c29adfc32ad5cb548331a72f3,6926610db1dfc17aca46a6f67789d7d6c24a7185,CAD,Executed,v3,,,f66f2f438fc87dd7deff8e022a67cc5d71aa6968,vertical 2,type 8,67.73,9e2b06736b477b7a924f60de14a7e329d82d6f4f,2009-09-12 21:16:50.622161,2009-09-12 21:17:30.123133,2009-09-12 21:16:59.183507,2009-09-12 21:17:29.977152,,2009-09-12 21:16:51.779955,2009-09-12 21:17:28.398847,2009-09-12 21:17:30.123133
4552ea69f06af1196f22adf98d979dcac91d3734,660054a4565377c6e43ff7709abf56d8494ba604,CAD,Executed,v3,,,f66f2f438fc87dd7deff8e022a67cc5d71aa6968,vertical 2,type 8,4.9,9e2b06736b477b7a924f60de14a7e329d82d6f4f,2009-09-30 13:15:42.614007,2009-09-30 13:16:59.830690,2009-09-30 13:16:09.494538,2009-09-30 13:16:59.830690,,2009-09-30 13:15:44.380821,2009-09-30 13:16:59.830690,2009-09-30 13:16:59.830690
a3cf9f5387f1f6708c0e94f2053b6414901fc8f5,6926610db1dfc17aca46a6f67789d7d6c24a7185,CAD,Executed,v3,,,f66f2f438fc87dd7deff8e022a67cc5d71aa6968,vertical 2,type 8,15.23,9e2b06736b477b7a924f60de14a7e329d82d6f4f,2010-01-28 00:09:42.922266,2010-01-28 00:10:22.857714,2010-01-28 00:09:53.048194,2010-01-28 00:10:22.857714,,2010-01-28 00:09:46.574527,2010-01-28 00:10:21.455695,2010-01-28 00:10:22.607000
c742bfe0fe74cb3740eb216403978fd9ff78ecee,0c13594466c8f4c9996801c4cc3f822975978c2d,USD,Executed,v3,,,6b9aa19c38a47a7d809eb3203685aaf80e25e9d6,vertical 2,type 3,20.0,f69ad584c025f9b756ce1e8c70de3a33aef50b32,2010-01-29 04:10:38.866998,2010-01-29 04:11:05.549379,2010-01-29 04:10:47.948212,2010-01-29 04:11:05.549379,,2010-01-29 04:10:44.893824,2010-01-29 04:11:04.441173,2010-01-29 04:11:05.000000
a2a122af2dede5266dfce6c3a6a50e4996d03983,0c13594466c8f4c9996801c4cc3f822975978c2d,USD,Executed,v3,,,6b9aa19c38a47a7d809eb3203685aaf80e25e9d6,vertical 2,type 3,0.1,f69ad584c025f9b756ce1e8c70de3a33aef50b32,2010-01-28 20:16:21.098337,2010-01-28 20:16:44.147294,2010-01-28 20:16:26.973169,2010-01-28 20:16:44.147294,,2010-01-28 20:16:24.952860,2010-01-28 20:16:42.916029,2010-01-28 20:16:43.000000
e58e7d06f44627285e9041866b337b2adf229ba5,0c13594466c8f4c9996801c4cc3f822975978c2d,USD,initiated,v3,,,6b9aa19c38a47a7d809eb3203685aaf80e25e9d6,vertical 2,type 3,25.0,f69ad584c025f9b756ce1e8c70de3a33aef50b32,2010-01-22 17:50:35.569207,2010-01-22 17:50:50.360228,2010-01-22 17:50:50.360228,,,2010-01-22 17:50:44.533125,,
eb1346752217a413e134e021f6e142f7000c2e21,157a1e05f6dd803668d000537ea59aa3168a5d14,CAD,failed,v3,not_authorized,initiated,01e10adf72398bdf40b668926be2809ccf68b4dd,vertical 2,type 8,25.12,9e2b06736b477b7a924f60de14a7e329d82d6f4f,2009-03-03 18:19:24.283516,2009-03-03 18:20:57.305546,2009-03-03 18:19:30.797442,,2009-03-03 18:20:57.305546,2009-03-03 18:19:25.361276,,
8ef8beda78ec8c48931d906bd7d260d17fbdd24c,b5ab8f51d35b64af079485e5bbbc335213f3a0ae,CAD,Executed,v3,,,01e10adf72398bdf40b668926be2809ccf68b4dd,vertical 2,type 8,92.76,9e2b06736b477b7a924f60de14a7e329d82d6f4f,2009-10-31 06:15:27.643234,2009-10-31 06:15:57.355877,2009-10-31 06:15:33.123915,2009-10-31 06:15:57.355877,,2009-10-31 06:15:28.821567,2009-10-31 06:15:55.508680,
49af9855bcb9e6b4851d5a8eca8a26a261127362,cfe2c808aaf9527e371af8857e0e952dc8c54ccf,CAD,Cancelled,v1,,,01e10adf72398bdf40b668926be2809ccf68b4dd,vertical 2,type 8,15.1,9e2b06736b477b7a924f60de14a7e329d82d6f4f,2007-07-23 22:53:09.316250,2007-07-23 22:55:00.761318,,,,,,
f2588bab8e713e6a1ae4e6dcd8c8ba6d7003bcaa,0090e57640ed78b0c16ac4606a6773769545bb17,CAD,failed,v3,expired,initiated,f66f2f438fc87dd7deff8e022a67cc5d71aa6968,vertical 2,type 8,65.0,9e2b06736b477b7a924f60de14a7e329d82d6f4f,2009-09-08 07:54:37.357385,2009-09-08 08:09:37.370776,2009-09-08 07:54:43.385801,,2009-09-08 08:09:37.370776,2009-09-08 07:54:38.317324,,
874a870bb87826cb480d973d17909f1a6afb9dff,0090e57640ed78b0c16ac4606a6773769545bb17,CAD,Executed,v3,,,f66f2f438fc87dd7deff8e022a67cc5d71aa6968,vertical 2,type 8,1.8,9e2b06736b477b7a924f60de14a7e329d82d6f4f,2010-02-07 22:58:31.846305,2010-02-07 22:59:11.043000,2010-02-07 22:58:37.867952,2010-02-07 22:59:11.043000,,2010-02-07 22:58:32.419851,2010-02-07 22:59:10.167243,2010-02-07 22:59:11.043000
1cf7e7f51faf79429d5894a933ad4d746b15a2d0,4d762ce64874cd49be593313e92a1e61cf74417e,CAD,Executed,v3,,,f66f2f438fc87dd7deff8e022a67cc5d71aa6968,vertical 2,type 8,4.33,9e2b06736b477b7a924f60de14a7e329d82d6f4f,2009-09-15 14:06:45.389438,2009-09-15 14:07:15.015393,2009-09-15 14:06:52.451070,2009-09-15 14:07:15.015393,,2009-09-15 14:06:46.243436,2009-09-15 14:07:15.015393,2009-09-15 14:07:15.015393
1df11e7f877ea502310c711f347c1f955a13a930,660054a4565377c6e43ff7709abf56d8494ba604,CAD,Executed,v3,,,f66f2f438fc87dd7deff8e022a67cc5d71aa6968,vertical 2,type 8,4.0,9e2b06736b477b7a924f60de14a7e329d82d6f4f,2010-01-15 14:22:03.781308,2010-01-15 14:22:54.596100,2010-01-15 14:22:11.754310,2010-01-15 14:22:54.596100,,2010-01-15 14:22:04.330779,2010-01-15 14:22:53.193416,2010-01-15 14:22:54.380000
f59dc6ae679f04be2c02fed64f90ecbda7cec50d,b5ab8f51d35b64af079485e5bbbc335213f3a0ae,CAD,Executed,v3,,,f66f2f438fc87dd7deff8e022a67cc5d71aa6968,vertical 2,type 8,20.0,9e2b06736b477b7a924f60de14a7e329d82d6f4f,2010-01-01 21:23:00.522830,2010-01-01 21:23:21.733000,2010-01-01 21:23:06.226431,2010-01-01 21:23:21.227419,,2010-01-01 21:23:01.870616,2010-01-01 21:23:19.620091,2010-01-01 21:23:21.733000
f5677053252a25c1b5c57f70e13af917594af318,34a0061ba48d1c2810cd930dd69d42482ca92d85,CAD,Executed,v3,,,01e10adf72398bdf40b668926be2809ccf68b4dd,vertical 2,type 8,9.82,9e2b06736b477b7a924f60de14a7e329d82d6f4f,2009-03-18 16:59:16.893213,2009-03-18 16:59:36.523661,2009-03-18 16:59:19.874643,2009-03-18 16:59:36.523661,,2009-03-18 16:59:17.275659,2009-03-18 16:59:33.908940,
61831a5df050d46ca122654ca946314f87b4797b,0090e57640ed78b0c16ac4606a6773769545bb17,CAD,Executed,v3,,,5300313e698b5062bfe820f7efc7571699b4bb4c,vertical 2,type 8,1.21,9e2b06736b477b7a924f60de14a7e329d82d6f4f,2009-10-26 17:44:06.638439,2009-10-26 17:45:43.992184,2009-10-26 17:44:13.852455,2009-10-26 17:45:43.992184,,2009-10-26 17:44:09.332802,2009-10-26 17:45:41.281487,
725bd9423bb7dc1a7f331a5e9d4de558e51460d0,660054a4565377c6e43ff7709abf56d8494ba604,CAD,Executed,v3,,,5300313e698b5062bfe820f7efc7571699b4bb4c,vertical 2,type 8,3.3,9e2b06736b477b7a924f60de14a7e329d82d6f4f,2009-03-26 08:25:04.241213,2009-03-26 08:25:44.636927,2009-03-26 08:25:10.195662,2009-03-26 08:25:44.636927,,2009-03-26 08:25:05.748189,2009-03-26 08:25:36.931636,
3a4f5d0c1b8d3f3875b9c12723a62d94b2bdbf79,4d762ce64874cd49be593313e92a1e61cf74417e,CAD,Executed,v3,,,5300313e698b5062bfe820f7efc7571699b4bb4c,vertical 2,type 8,12.0,9e2b06736b477b7a924f60de14a7e329d82d6f4f,2009-12-27 22:30:31.883267,2009-12-27 22:31:14.125051,2009-12-27 22:30:37.681104,2009-12-27 22:31:14.125051,,2009-12-27 22:30:33.838231,2009-12-27 22:31:14.110477,
4cc6b8db5699ef72c4fa52f11284dbd6341a2ffe,b5ab8f51d35b64af079485e5bbbc335213f3a0ae,CAD,Executed,v3,,,1911acfcfdc29f5349706da6c1494009e7125da0,vertical 5,type 8,7.4,9e2b06736b477b7a924f60de14a7e329d82d6f4f,2010-01-25 20:44:37.714460,2010-01-25 20:45:03.763000,2010-01-25 20:44:41.487154,2010-01-25 20:45:03.380585,,2010-01-25 20:44:39.832392,2010-01-25 20:45:01.811516,2010-01-25 20:45:03.763000
e69b311046ce34a45369e9b75f29a95fffa9a0f4,6926610db1dfc17aca46a6f67789d7d6c24a7185,CAD,Executed,v3,,,01e10adf72398bdf40b668926be2809ccf68b4dd,vertical 2,type 8,4.53,9e2b06736b477b7a924f60de14a7e329d82d6f4f,2008-10-24 14:35:59.487934,2008-10-24 14:37:05.320588,2008-10-24 14:36:04.328547,2008-10-24 14:37:05.320588,,2008-10-24 14:36:00.443820,2008-10-24 14:37:05.319408,
3a3037e24ff58c76c2ba702d2b9155bb317d0758,157a1e05f6dd803668d000537ea59aa3168a5d14,CAD,failed,v3,expired,authorizing,01e10adf72398bdf40b668926be2809ccf68b4dd,vertical 2,type 8,1.01,9e2b06736b477b7a924f60de14a7e329d82d6f4f,2008-06-29 21:53:25.387667,2008-06-29 22:08:25.417987,2008-06-29 21:53:30.443471,,2008-06-29 22:08:25.417987,2008-06-29 21:53:27.160407,,
ba60d092b0ee49bf8671464da729edd3514ef19e,6cd7d8d37b110668afdca42fc0e1d366b322783e,CAD,Executed,v3,,,01e10adf72398bdf40b668926be2809ccf68b4dd,vertical 2,type 8,2.31,9e2b06736b477b7a924f60de14a7e329d82d6f4f,2009-09-23 17:08:16.980421,2009-09-23 17:08:46.614576,2009-09-23 17:08:20.211490,2009-09-23 17:08:46.614576,,2009-09-23 17:08:17.602279,2009-09-23 17:08:43.336830,
34bc47e8e52bb2918d0e19e4486896beb9ead9c2,fa485aff3f9e34d55d25f78856d4a2526a5f8e6f,CAD,failed,v3,expired,authorizing,01e10adf72398bdf40b668926be2809ccf68b4dd,vertical 2,type 8,2.8,9e2b06736b477b7a924f60de14a7e329d82d6f4f,2008-10-02 12:35:51.607176,2008-10-02 12:50:51.705221,2008-10-02 12:35:57.793018,,2008-10-02 12:50:51.705221,2008-10-02 12:35:53.347376,,
80d54741b09dc17cef25690f9d3004edc2dce95f,34a0061ba48d1c2810cd930dd69d42482ca92d85,CAD,Executed,v3,,,01e10adf72398bdf40b668926be2809ccf68b4dd,vertical 2,type 8,4.48,9e2b06736b477b7a924f60de14a7e329d82d6f4f,2008-11-12 21:13:17.004219,2008-11-12 21:13:41.726907,2008-11-12 21:13:20.415096,2008-11-12 21:13:41.726907,,2008-11-12 21:13:17.443725,2008-11-12 21:13:39.113952,
0cbf84a49f695b54bfa7921d0e2c18d3cfae74a5,fa485aff3f9e34d55d25f78856d4a2526a5f8e6f,CAD,Executed,v3,,,01e10adf72398bdf40b668926be2809ccf68b4dd,vertical 2,type 8,4.49,9e2b06736b477b7a924f60de14a7e329d82d6f4f,2008-11-24 15:44:44.791995,2008-11-24 15:45:00.454665,2008-11-24 15:44:48.516848,2008-11-24 15:45:00.454665,,2008-11-24 15:44:45.291489,2008-11-24 15:44:58.093277,
8b7dea3570511d66a4493aa7b7ca31875974dda4,6cd7d8d37b110668afdca42fc0e1d366b322783e,CAD,Executed,v3,,,f66f2f438fc87dd7deff8e022a67cc5d71aa6968,vertical 2,type 8,118.81,9e2b06736b477b7a924f60de14a7e329d82d6f4f,2009-08-14 15:14:37.025696,2009-08-14 15:16:09.308934,2009-08-14 15:14:43.224308,2009-08-14 15:16:09.072212,,2009-08-14 15:14:37.624891,2009-08-14 15:16:07.550563,2009-08-14 15:16:09.308934
f2befc2e5aea336240803b24243ae488b16a3602,b5ab8f51d35b64af079485e5bbbc335213f3a0ae,CAD,Executed,v3,,,f66f2f438fc87dd7deff8e022a67cc5d71aa6968,vertical 2,type 8,5.0,9e2b06736b477b7a924f60de14a7e329d82d6f4f,2009-11-18 11:57:53.355553,2009-11-18 11:58:22.990234,2009-11-18 11:58:02.911880,2009-11-18 11:58:22.990234,,2009-11-18 11:57:57.559138,2009-11-18 11:58:21.353639,2009-11-18 11:58:22.520000
090f34bf3318692aa7090a7a88216c98bd1fa526,b7308502f039e303a048625c725d4aea3380c2ac,CAD,Executed,v3,,,1911acfcfdc29f5349706da6c1494009e7125da0,vertical 5,type 8,2.0,9e2b06736b477b7a924f60de14a7e329d82d6f4f,2010-02-08 00:07:39.620466,2010-02-08 00:08:05.840932,2010-02-08 00:07:44.979706,2010-02-08 00:08:05.840932,,2010-02-08 00:07:43.546552,2010-02-08 00:08:03.770657,2010-02-08 00:08:05.497000
c1d16d22af93acdca9c85f7d6ff93cf0be7845e5,e8085010136a26d0ebc200ac0751b1d9d673a764,CAD,Executed,v3,,,64c370a753b1db282770cdbf2aba5434a3185b3d,vertical 2,type 8,59.0,9e2b06736b477b7a924f60de14a7e329d82d6f4f,2009-08-21 20:51:31.504888,2009-08-21 20:51:59.203190,2009-08-21 20:51:40.451783,2009-08-21 20:51:58.452105,,2009-08-21 20:51:32.555612,2009-08-21 20:51:55.497577,2009-08-21 20:51:59.203190
06a130208283ebcb78a69559dcfece6ae275f0b2,e8085010136a26d0ebc200ac0751b1d9d673a764,CAD,failed,v3,expired,initiated,5300313e698b5062bfe820f7efc7571699b4bb4c,vertical 2,type 8,0.13,9e2b06736b477b7a924f60de14a7e329d82d6f4f,2009-05-16 23:07:18.895709,2009-05-16 23:22:19.631809,2009-05-16 23:07:30.157732,,2009-05-16 23:22:19.631809,2009-05-16 23:07:25.247546,,
4a36a3f7c2cfc7dc5044b387678a9b0ecb137578,fa485aff3f9e34d55d25f78856d4a2526a5f8e6f,CAD,Executed,v3,,,02abfe216906d699a48d39d56b71327b294027cb,vertical 2,type 8,3.0,9e2b06736b477b7a924f60de14a7e329d82d6f4f,2008-09-28 12:35:12.390680,2008-09-28 12:35:56.430677,2008-09-28 12:35:26.698137,2008-09-28 12:35:56.430677,,2008-09-28 12:35:14.571009,2008-09-28 12:35:53.988245,2008-09-28 12:35:56.430677
43bb03e9ea270991d8a528aa11ea3a4ba15468d2,4d762ce64874cd49be593313e92a1e61cf74417e,CAD,Executed,v1,,,d292da2283043c07accb1086a004caaf05472d44,vertical 5,type 8,2.5,9e2b06736b477b7a924f60de14a7e329d82d6f4f,2007-10-17 10:06:26.659157,2007-10-17 10:07:16.900771,,2007-10-17 10:07:16.900771,,,,
5f5d12e4697e66fe3bded911be4297ca97e2f0d9,157a1e05f6dd803668d000537ea59aa3168a5d14,CAD,failed,v3,expired,authorizing,01e10adf72398bdf40b668926be2809ccf68b4dd,vertical 2,type 8,9.21,9e2b06736b477b7a924f60de14a7e329d82d6f4f,2008-06-06 13:15:15.713586,2008-06-06 13:30:15.842275,2008-06-06 13:15:29.907866,,2008-06-06 13:30:15.842275,2008-06-06 13:15:17.826415,,
4f99be39e7385838349499fc881e428e3a0a62bc,6cd7d8d37b110668afdca42fc0e1d366b322783e,CAD,Executed,v3,,,01e10adf72398bdf40b668926be2809ccf68b4dd,vertical 2,type 8,16.48,9e2b06736b477b7a924f60de14a7e329d82d6f4f,2009-03-02 21:54:10.648149,2009-03-02 21:55:10.542208,2009-03-02 21:54:21.229763,2009-03-02 21:55:10.542208,,2009-03-02 21:54:11.264219,2009-03-02 21:55:10.540974,
b69af68e43eb7ca6d76d10cac32aa401e942a935,fa485aff3f9e34d55d25f78856d4a2526a5f8e6f,CAD,Executed,v3,,,01e10adf72398bdf40b668926be2809ccf68b4dd,vertical 2,type 8,7.11,9e2b06736b477b7a924f60de14a7e329d82d6f4f,2008-10-29 06:55:41.084596,2008-10-29 06:56:19.655746,2008-10-29 06:55:45.350035,2008-10-29 06:56:19.655746,,2008-10-29 06:55:42.063913,2008-10-29 06:56:17.358942,
57166ee7a6f79e4aebda13893d1a8fa8be792331,6c4968fa85cc234c89763375210a95a9d789e501,USD,failed,v3,provider_rejected,initiated,6b9aa19c38a47a7d809eb3203685aaf80e25e9d6,vertical 2,type 1,200.0,f69ad584c025f9b756ce1e8c70de3a33aef50b32,2009-09-05 14:58:59.538401,2009-09-05 15:00:09.940842,2009-09-05 14:59:14.017164,,2009-09-05 15:00:09.940842,2009-09-05 14:59:05.548560,,
ffa193f665f50b0470fd195ae2462496de386015,6926610db1dfc17aca46a6f67789d7d6c24a7185,CAD,Executed,v3,,,5300313e698b5062bfe820f7efc7571699b4bb4c,vertical 2,type 8,10.0,9e2b06736b477b7a924f60de14a7e329d82d6f4f,2009-09-28 22:06:06.829081,2009-09-28 22:06:48.993233,2009-09-28 22:06:13.177683,2009-09-28 22:06:48.993233,,2009-09-28 22:06:09.200549,2009-09-28 22:06:47.330381,
7ef66ce599f3d6d6e9796ecd2b85f415b345b709,6cd7d8d37b110668afdca42fc0e1d366b322783e,CAD,Executed,v3,,,5300313e698b5062bfe820f7efc7571699b4bb4c,vertical 2,type 8,2.47,9e2b06736b477b7a924f60de14a7e329d82d6f4f,2009-06-03 08:26:10.875089,2009-06-03 08:26:55.436381,2009-06-03 08:26:17.540166,2009-06-03 08:26:55.436381,,2009-06-03 08:26:12.917921,2009-06-03 08:26:52.544871,
2a43af48c6f648dc401344126ad37a5771cf32bc,b5ab8f51d35b64af079485e5bbbc335213f3a0ae,CAD,failed,v3,not_authorized,authorizing,02abfe216906d699a48d39d56b71327b294027cb,vertical 2,type 8,24.0,9e2b06736b477b7a924f60de14a7e329d82d6f4f,2008-06-27 13:55:19.285626,2008-06-27 14:01:58.022795,2008-06-27 13:55:59.679324,,2008-06-27 14:01:58.022795,2008-06-27 13:55:47.421808,,
9fc0e87ffd8dd09cec35f406598511ea5cade301,0090e57640ed78b0c16ac4606a6773769545bb17,CAD,Executed,v3,,,5300313e698b5062bfe820f7efc7571699b4bb4c,vertical 2,type 8,19.67,9e2b06736b477b7a924f60de14a7e329d82d6f4f,2009-03-12 06:14:46.922949,2009-03-12 06:15:47.081055,2009-03-12 06:14:53.559618,2009-03-12 06:15:47.081055,,2009-03-12 06:14:48.639701,2009-03-12 06:15:43.429467,
a34df1b1932dcbb9a6184cbb89b8b872bda14717,fa485aff3f9e34d55d25f78856d4a2526a5f8e6f,CAD,Executed,v3,,,02abfe216906d699a48d39d56b71327b294027cb,vertical 2,type 8,15.8,9e2b06736b477b7a924f60de14a7e329d82d6f4f,2008-08-04 16:18:14.115086,2008-08-04 16:18:55.731225,2008-08-04 16:18:23.108167,2008-08-04 16:18:55.731225,,2008-08-04 16:18:16.860277,2008-08-04 16:18:53.543369,2008-08-04 16:18:55.731225
d84a95651699d6720f2fb495d04ecfe57ea439ff,660054a4565377c6e43ff7709abf56d8494ba604,CAD,Executed,v3,,,02abfe216906d699a48d39d56b71327b294027cb,vertical 2,type 8,48.7,9e2b06736b477b7a924f60de14a7e329d82d6f4f,2008-12-12 08:40:37.717665,2008-12-12 08:41:25.025563,2008-12-12 08:40:46.108543,2008-12-12 08:41:25.025563,,2008-12-12 08:40:41.011882,2008-12-12 08:41:22.670309,2008-12-12 08:41:25.025563
351223c0944a47a731506f819999c0297d50a8e4,b5ab8f51d35b64af079485e5bbbc335213f3a0ae,CAD,Executed,v3,,,64c370a753b1db282770cdbf2aba5434a3185b3d,vertical 2,type 8,33.04,9e2b06736b477b7a924f60de14a7e329d82d6f4f,2009-11-20 22:17:31.860185,2009-11-20 22:18:23.510094,2009-11-20 22:17:49.520589,2009-11-20 22:18:23.510094,,2009-11-20 22:17:39.912500,2009-11-20 22:18:21.669599,2009-11-20 22:18:23.100000
560ca60b7b6dc4b23f7d2ec00020f338336b72aa,4d762ce64874cd49be593313e92a1e61cf74417e,CAD,failed,v3,expired,initiated,64c370a753b1db282770cdbf2aba5434a3185b3d,vertical 2,type 8,1.17,9e2b06736b477b7a924f60de14a7e329d82d6f4f,2009-10-18 04:23:47.018760,2009-10-18 04:38:47.042227,2009-10-18 04:23:53.350111,,2009-10-18 04:38:47.042227,2009-10-18 04:23:47.893208,,
8ef6afc345e2539a501b7394e67e70f2874f3c45,21b955e418f741b067688bc141261d7cd8d59973,CAD,Executed,v3,,,1911acfcfdc29f5349706da6c1494009e7125da0,vertical 5,type 8,2.0,9e2b06736b477b7a924f60de14a7e329d82d6f4f,2010-02-09 21:35:54.316965,2010-02-09 21:36:26.767000,2010-02-09 21:35:58.517219,2010-02-09 21:36:26.767000,,2010-02-09 21:35:56.093686,2010-02-09 21:36:24.937821,2010-02-09 21:36:26.767000
10e2d7eb00f6aba8bd4733f933bfc6fbba7c5b41,0c13594466c8f4c9996801c4cc3f822975978c2d,USD,Executed,v3,,,6b9aa19c38a47a7d809eb3203685aaf80e25e9d6,vertical 2,type 3,10.8,f69ad584c025f9b756ce1e8c70de3a33aef50b32,2010-01-11 16:26:09.983112,2010-01-11 16:26:47.889846,2010-01-11 16:26:14.870806,2010-01-11 16:26:47.889846,,2010-01-11 16:26:12.981100,2010-01-11 16:26:46.564045,2010-01-11 16:26:47.000000
2c180c4b9a907beaa28d71574ba38e3b1bcf7f3f,603364a15bf8abd4b8a2f7d46e6934c397ced244,USD,failed,v3,provider_expired,initiated,6b9aa19c38a47a7d809eb3203685aaf80e25e9d6,vertical 2,type 1,50.0,f69ad584c025f9b756ce1e8c70de3a33aef50b32,2009-10-31 20:59:46.960963,2009-10-31 22:00:08.975086,2009-10-31 20:59:54.597204,,2009-10-31 22:00:08.975086,2009-10-31 20:59:50.423107,,
a3159d5c2b308e4c09f0dfe9b415f0b032d79e6f,b5ab8f51d35b64af079485e5bbbc335213f3a0ae,CAD,failed,v3,provider_error,authorizing,5300313e698b5062bfe820f7efc7571699b4bb4c,vertical 2,type 8,16.41,9e2b06736b477b7a924f60de14a7e329d82d6f4f,2008-10-20 09:11:47.396818,2008-10-20 09:12:46.309193,2008-10-20 09:12:04.935130,,2008-10-20 09:12:46.309193,2008-10-20 09:11:49.549259,,
bf89466cd3925cc1e1358d0b7504cbf2c5268cad,b5ab8f51d35b64af079485e5bbbc335213f3a0ae,CAD,Executed,v3,,,5300313e698b5062bfe820f7efc7571699b4bb4c,vertical 2,type 8,1.5,9e2b06736b477b7a924f60de14a7e329d82d6f4f,2009-03-04 06:35:18.559171,2009-03-04 06:36:12.081317,2009-03-04 06:35:37.326233,2009-03-04 06:36:12.081317,,2009-03-04 06:35:19.973890,2009-03-04 06:36:09.013143,
e55da8ce8e96cb099f952ac21f780c1d48bd6a1b,603364a15bf8abd4b8a2f7d46e6934c397ced244,USD,Executed,v3,,,6b9aa19c38a47a7d809eb3203685aaf80e25e9d6,vertical 2,type 1,15.0,f69ad584c025f9b756ce1e8c70de3a33aef50b32,2009-11-07 20:19:28.237323,2009-11-07 20:20:19.000000,2009-11-07 20:19:35.299940,2009-11-07 20:20:19.000000,,2009-11-07 20:19:31.938974,2009-11-07 20:20:19.000000,2009-11-07 20:20:19.000000
a62d5cd792f1c0ceb5ec02f08350a792b7fd63e5,34a0061ba48d1c2810cd930dd69d42482ca92d85,CAD,Executed,v3,,,64c370a753b1db282770cdbf2aba5434a3185b3d,vertical 2,type 8,1.5,9e2b06736b477b7a924f60de14a7e329d82d6f4f,2010-01-05 16:26:24.419465,2010-01-05 16:27:09.349340,2010-01-05 16:26:30.041463,2010-01-05 16:27:09.349340,,2010-01-05 16:26:25.180347,2010-01-05 16:27:08.164841,2010-01-05 16:27:09.177000
48617884b3788700d607cbd78a7b1fff1d0a505f,6926610db1dfc17aca46a6f67789d7d6c24a7185,CAD,Executed,v3,,,f66f2f438fc87dd7deff8e022a67cc5d71aa6968,vertical 2,type 8,4.88,9e2b06736b477b7a924f60de14a7e329d82d6f4f,2009-06-30 20:23:17.629015,2009-06-30 20:24:16.102836,2009-06-30 20:23:25.504729,2009-06-30 20:24:16.102836,,2009-06-30 20:23:18.403467,2009-06-30 20:24:14.478283,2009-06-30 20:24:16.102836
c29d27d3b4eed7b0fd71e61cf36ecfee1c9b331f,eb1c4738ae6ac9c907a46a541af2d02d6be2f05b,CAD,failed,v3,expired,initiated,64c370a753b1db282770cdbf2aba5434a3185b3d,vertical 2,type 8,31.95,9e2b06736b477b7a924f60de14a7e329d82d6f4f,2010-02-01 10:19:45.599850,2010-02-01 10:34:45.694254,2010-02-01 10:20:27.056560,,2010-02-01 10:34:45.694254,2010-02-01 10:19:46.102865,,
819198b7be1ad703f55c7316a24e764fb42ec9ef,660054a4565377c6e43ff7709abf56d8494ba604,CAD,Executed,v3,,,5300313e698b5062bfe820f7efc7571699b4bb4c,vertical 2,type 8,11.0,9e2b06736b477b7a924f60de14a7e329d82d6f4f,2009-10-29 06:19:53.981443,2009-10-29 06:20:42.426539,2009-10-29 06:20:00.530218,2009-10-29 06:20:42.426539,,2009-10-29 06:19:56.981419,2009-10-29 06:20:41.091595,
07c671bc24cb1264236875a1ef34d58587c8a406,4d762ce64874cd49be593313e92a1e61cf74417e,CAD,Executed,v3,,,f66f2f438fc87dd7deff8e022a67cc5d71aa6968,vertical 2,type 8,1.0,9e2b06736b477b7a924f60de14a7e329d82d6f4f,2009-06-01 14:08:41.543387,2009-06-01 14:09:12.545701,2009-06-01 14:08:48.050149,2009-06-01 14:09:11.606785,,2009-06-01 14:08:42.456597,2009-06-01 14:09:11.586299,2009-06-01 14:09:12.545701
9a7af39bb5b498753872bf5a9f9b24f199f4d0ab,b5ab8f51d35b64af079485e5bbbc335213f3a0ae,CAD,failed,v3,not_authorized,initiated,02abfe216906d699a48d39d56b71327b294027cb,vertical 2,type 8,16.2,9e2b06736b477b7a924f60de14a7e329d82d6f4f,2009-03-20 10:12:06.204047,2009-03-20 10:12:49.292735,2009-03-20 10:12:38.217150,,2009-03-20 10:12:49.292735,2009-03-20 10:12:07.753693,,
a2e65201e61e5cd6c5b72ffd85a1b8bcfd739910,fa485aff3f9e34d55d25f78856d4a2526a5f8e6f,CAD,Executed,v3,,,f66f2f438fc87dd7deff8e022a67cc5d71aa6968,vertical 2,type 8,1.0,9e2b06736b477b7a924f60de14a7e329d82d6f4f,2009-12-31 09:56:40.405816,2009-12-31 09:57:02.213000,2009-12-31 09:56:51.781089,2009-12-31 09:57:02.213000,,2009-12-31 09:56:44.023917,2009-12-31 09:56:59.479801,2009-12-31 09:57:02.213000
1cf3968ff7553c27875f0e40b858316b35e2a9ea,0090e57640ed78b0c16ac4606a6773769545bb17,CAD,Executed,v3,,,02abfe216906d699a48d39d56b71327b294027cb,vertical 2,type 8,200.0,9e2b06736b477b7a924f60de14a7e329d82d6f4f,2008-09-04 10:41:51.251727,2008-09-04 10:45:08.354881,2008-09-04 10:42:03.175249,2008-09-04 10:45:08.354881,,2008-09-04 10:41:56.206623,2008-09-04 10:45:06.999965,2008-09-04 10:45:08.354881
889c8ebc371b95370d0ffeada82f84055a0c09ea,b5ab8f51d35b64af079485e5bbbc335213f3a0ae,CAD,Executed,v3,,,f66f2f438fc87dd7deff8e022a67cc5d71aa6968,vertical 2,type 8,2.71,9e2b06736b477b7a924f60de14a7e329d82d6f4f,2009-12-09 14:22:30.362661,2009-12-09 14:22:58.093000,2009-12-09 14:22:34.169841,2009-12-09 14:22:57.725448,,2009-12-09 14:22:31.148864,2009-12-09 14:22:56.234949,2009-12-09 14:22:58.093000
f456aea62a1b4bac8e7ed178d71dd09726d94d1b,3674b4d292131698ba6c946dda67a8fd8b63f12a,CAD,failed,v3,not_authorized,initiated,f66f2f438fc87dd7deff8e022a67cc5d71aa6968,vertical 2,type 8,1.62,9e2b06736b477b7a924f60de14a7e329d82d6f4f,2009-07-27 04:00:49.208191,2009-07-27 04:02:10.790842,2009-07-27 04:01:02.402645,,2009-07-27 04:02:10.790842,2009-07-27 04:00:51.731119,,
d46b65000c043e9458abdf1e938405610521b485,34a0061ba48d1c2810cd930dd69d42482ca92d85,CAD,Executed,v3,,,64c370a753b1db282770cdbf2aba5434a3185b3d,vertical 2,type 8,5.0,9e2b06736b477b7a924f60de14a7e329d82d6f4f,2009-12-18 08:44:15.033721,2009-12-18 08:44:39.200000,2009-12-18 08:44:20.626821,2009-12-18 08:44:38.539421,,2009-12-18 08:44:15.386366,2009-12-18 08:44:37.284487,2009-12-18 08:44:39.200000
4928ab82c82208b4f53baeabf7dc063c428af763,e8085010136a26d0ebc200ac0751b1d9d673a764,CAD,Executed,v3,,,64c370a753b1db282770cdbf2aba5434a3185b3d,vertical 2,type 8,30.0,9e2b06736b477b7a924f60de14a7e329d82d6f4f,2009-12-31 11:47:49.679827,2009-12-31 11:48:22.263000,2009-12-31 11:47:53.537382,2009-12-31 11:48:22.263000,,2009-12-31 11:47:50.109512,2009-12-31 11:48:18.673316,2009-12-31 11:48:22.263000
26804f68635a6d12d97868907e774dce461c192a,6926610db1dfc17aca46a6f67789d7d6c24a7185,CAD,Executed,v3,,,64c370a753b1db282770cdbf2aba5434a3185b3d,vertical 2,type 8,5.0,9e2b06736b477b7a924f60de14a7e329d82d6f4f,2009-10-02 23:54:07.788999,2009-10-02 23:54:55.657832,2009-10-02 23:54:16.104777,2009-10-02 23:54:55.556903,,2009-10-02 23:54:08.335757,2009-10-02 23:54:54.159700,2009-10-02 23:54:55.657832
b4f2d5015997ff09ae5e6abffae57979b2916979,660054a4565377c6e43ff7709abf56d8494ba604,CAD,Executed,v3,,,64c370a753b1db282770cdbf2aba5434a3185b3d,vertical 2,type 8,7.5,9e2b06736b477b7a924f60de14a7e329d82d6f4f,2009-11-25 03:56:43.811573,2009-11-25 03:57:21.037000,2009-11-25 03:56:49.452620,2009-11-25 03:57:21.037000,,2009-11-25 03:56:44.393439,2009-11-25 03:57:20.237242,2009-11-25 03:57:21.037000
6d665d754346e87bea6d7c5c73c78570b388a159,34a0061ba48d1c2810cd930dd69d42482ca92d85,CAD,Executed,v3,,,5300313e698b5062bfe820f7efc7571699b4bb4c,vertical 2,type 8,30.0,9e2b06736b477b7a924f60de14a7e329d82d6f4f,2009-12-03 10:43:24.222943,2009-12-03 10:44:11.279043,2009-12-03 10:43:33.470861,2009-12-03 10:44:11.279043,,2009-12-03 10:43:28.535016,2009-12-03 10:44:09.998133,
277d0fc0253662b8a3c215a522d027242a2eacc1,e8085010136a26d0ebc200ac0751b1d9d673a764,CAD,Executed,v3,,,d292da2283043c07accb1086a004caaf05472d44,vertical 5,type 8,7.5,9e2b06736b477b7a924f60de14a7e329d82d6f4f,2008-07-14 09:21:50.110579,2008-07-14 09:22:20.043708,2008-07-14 09:21:55.035293,2008-07-14 09:22:20.043708,,2008-07-14 09:21:53.596345,2008-07-14 09:22:15.507446,2008-07-14 09:22:20.043708
33f4a07aa3959521a3de16787d1073e24dd1f4f2,b5ab8f51d35b64af079485e5bbbc335213f3a0ae,CAD,failed,v3,expired,authorizing,01e10adf72398bdf40b668926be2809ccf68b4dd,vertical 2,type 8,0.71,9e2b06736b477b7a924f60de14a7e329d82d6f4f,2009-02-17 05:29:14.143055,2009-02-17 05:44:14.158242,2009-02-17 05:29:27.388351,,2009-02-17 05:44:14.158242,2009-02-17 05:29:16.125768,,
83581b1ac2e490a6a90685094d5f9a24aa9b7cb8,6cd7d8d37b110668afdca42fc0e1d366b322783e,CAD,Executed,v3,,,01e10adf72398bdf40b668926be2809ccf68b4dd,vertical 2,type 8,4.48,9e2b06736b477b7a924f60de14a7e329d82d6f4f,2009-10-06 19:57:04.612571,2009-10-06 19:57:39.204168,2009-10-06 19:57:07.930836,2009-10-06 19:57:39.204168,,2009-10-06 19:57:05.201221,2009-10-06 19:57:37.533714,
c3acae562831afbfc3dc8f7541e9878839fce5e6,34a0061ba48d1c2810cd930dd69d42482ca92d85,CAD,failed,v3,expired,authorizing,02abfe216906d699a48d39d56b71327b294027cb,vertical 2,type 8,20.0,9e2b06736b477b7a924f60de14a7e329d82d6f4f,2008-06-17 12:00:15.489321,2008-06-17 12:15:15.578066,2008-06-17 12:00:41.788014,,2008-06-17 12:15:15.578066,2008-06-17 12:00:19.602571,,
aed0b58166842ae63b848c19a486c9390436a2f1,6cd7d8d37b110668afdca42fc0e1d366b322783e,CAD,Executed,v3,,,f66f2f438fc87dd7deff8e022a67cc5d71aa6968,vertical 2,type 8,2.0,9e2b06736b477b7a924f60de14a7e329d82d6f4f,2010-01-01 11:17:24.730608,2010-01-01 11:18:09.546160,2010-01-01 11:17:36.014119,2010-01-01 11:18:09.546160,,2010-01-01 11:17:25.467176,2010-01-01 11:18:08.126288,2010-01-01 11:18:09.343000
9249756b2bad0c9d80d8b167ece0da98e00b2a77,b7308502f039e303a048625c725d4aea3380c2ac,CAD,Executed,v3,,,01e10adf72398bdf40b668926be2809ccf68b4dd,vertical 2,type 8,1.01,9e2b06736b477b7a924f60de14a7e329d82d6f4f,2009-07-22 21:24:06.271893,2009-07-22 21:24:44.232587,2009-07-22 21:24:18.391697,2009-07-22 21:24:44.232587,,2009-07-22 21:24:07.793257,2009-07-22 21:24:40.488511,
9cf25e0752cb47479d399beb6b39b083c0f68f1d,0090e57640ed78b0c16ac4606a6773769545bb17,CAD,Executed,v3,,,f66f2f438fc87dd7deff8e022a67cc5d71aa6968,vertical 2,type 8,1.17,9e2b06736b477b7a924f60de14a7e329d82d6f4f,2009-11-16 11:29:10.608579,2009-11-16 11:29:58.990000,2009-11-16 11:29:19.718680,2009-11-16 11:29:58.990000,,2009-11-16 11:29:14.787067,2009-11-16 11:29:58.026640,2009-11-16 11:29:58.990000
1ce7a111473c06276c3226fdc60636f4c18d91d7,e67095adf654ddc631bcfd3f7aa3c7e43424ce0f,CAD,Executed,v3,,,f66f2f438fc87dd7deff8e022a67cc5d71aa6968,vertical 2,type 8,7.0,9e2b06736b477b7a924f60de14a7e329d82d6f4f,2010-01-20 13:19:04.343283,2010-01-20 13:19:29.501892,2010-01-20 13:19:15.172175,2010-01-20 13:19:29.501892,,2010-01-20 13:19:07.964591,2010-01-20 13:19:28.129860,2010-01-20 13:19:29.347000
320201e8f2c1ad3a4e7f5bdcab3df32217f04541,0c13594466c8f4c9996801c4cc3f822975978c2d,USD,failed,v3,insufficient_funds,initiated,6b9aa19c38a47a7d809eb3203685aaf80e25e9d6,vertical 2,type 3,0.1,f69ad584c025f9b756ce1e8c70de3a33aef50b32,2010-01-05 14:45:22.247841,2010-01-05 14:46:02.874245,2010-01-05 14:45:34.303709,,2010-01-05 14:46:02.874245,2010-01-05 14:45:31.257919,,
158b2e9b17d194230f203a5fa3ccf9e1616d8418,0c13594466c8f4c9996801c4cc3f822975978c2d,USD,Executed,v3,,,6b9aa19c38a47a7d809eb3203685aaf80e25e9d6,vertical 2,type 3,5.0,f69ad584c025f9b756ce1e8c70de3a33aef50b32,2010-01-03 10:15:10.776441,2010-01-03 10:15:46.033783,2010-01-03 10:15:22.853118,2010-01-03 10:15:46.033783,,2010-01-03 10:15:16.346993,2010-01-03 10:15:44.833435,2010-01-03 10:15:45.000000
863b689976dfeef7659774bd620f2836364c5cc5,8216651c8989eb69415e6fd793175c69351debc5,USD,failed,v3,provider_expired,initiated,6b9aa19c38a47a7d809eb3203685aaf80e25e9d6,vertical 2,type 1,1.0,f69ad584c025f9b756ce1e8c70de3a33aef50b32,2009-08-21 08:26:45.438521,2009-08-22 08:39:10.429368,2009-08-21 08:27:17.025247,,2009-08-22 08:39:10.429368,2009-08-21 08:26:48.001560,,
7dcd2c8258e3168c3fd681fcba503dd97b0dbbfe,30f7c597c23522d4038935c6491bb91e74647c22,USD,failed,v3,not_authorized,initiated,6b9aa19c38a47a7d809eb3203685aaf80e25e9d6,vertical 2,type 2,200.0,f69ad584c025f9b756ce1e8c70de3a33aef50b32,2010-01-15 20:45:57.353414,2010-01-15 20:46:42.769726,2010-01-15 20:46:11.394117,,2010-01-15 20:46:42.769726,2010-01-15 20:46:00.603955,,
16edd6b9067b5033beb8e7bd41e1d0990df999e9,0c13594466c8f4c9996801c4cc3f822975978c2d,USD,initiated,v3,,,6b9aa19c38a47a7d809eb3203685aaf80e25e9d6,vertical 2,type 3,10.0,f69ad584c025f9b756ce1e8c70de3a33aef50b32,2010-01-27 11:06:06.084352,2010-01-27 11:06:13.876979,2010-01-27 11:06:13.876979,,,2010-01-27 11:06:11.127997,,
6ad4df0898a4fdd531d27fa757314b02ba2ae533,6926610db1dfc17aca46a6f67789d7d6c24a7185,CAD,Executed,v3,,,64c370a753b1db282770cdbf2aba5434a3185b3d,vertical 2,type 8,4.77,9e2b06736b477b7a924f60de14a7e329d82d6f4f,2009-08-30 19:08:08.777177,2009-08-30 19:08:58.742171,2009-08-30 19:08:19.511943,2009-08-30 19:08:58.742171,,2009-08-30 19:08:10.512968,2009-08-30 19:08:57.055067,2009-08-30 19:08:58.742171
06fed12c7bb1f8977e1d1c8d6577b441ad0909a3,f4203d6b7658cb7252d6afdf95a6b692e93c2f7b,CAD,Executed,v3,,,f66f2f438fc87dd7deff8e022a67cc5d71aa6968,vertical 2,type 8,0.5,9e2b06736b477b7a924f60de14a7e329d82d6f4f,2010-01-11 23:15:14.656413,2010-01-11 23:15:49.577000,2010-01-11 23:15:17.837702,2010-01-11 23:15:49.577000,,2010-01-11 23:15:15.026958,2010-01-11 23:15:48.576862,2010-01-11 23:15:49.577000
a64893660c715c8cbb5f274c6e67ecb0845b51cb,b5ab8f51d35b64af079485e5bbbc335213f3a0ae,CAD,Executed,v3,,,5300313e698b5062bfe820f7efc7571699b4bb4c,vertical 2,type 8,3.66,9e2b06736b477b7a924f60de14a7e329d82d6f4f,2009-08-29 23:53:26.538965,2009-08-29 23:53:58.340490,2009-08-29 23:53:32.645013,2009-08-29 23:53:58.340490,,2009-08-29 23:53:28.611756,2009-08-29 23:53:54.597476,
74a1b91f7dc1a4869f6e00c87e2ca9bc4b681963,0090e57640ed78b0c16ac4606a6773769545bb17,CAD,Executed,v3,,,64c370a753b1db282770cdbf2aba5434a3185b3d,vertical 2,type 8,6.7,9e2b06736b477b7a924f60de14a7e329d82d6f4f,2009-12-28 21:14:15.119614,2009-12-28 21:15:08.803000,2009-12-28 21:14:25.646237,2009-12-28 21:15:08.803000,,2009-12-28 21:14:19.787170,2009-12-28 21:15:07.981181,2009-12-28 21:15:08.803000
e8ee50d6c22eb688c07e94e46495858518021412,660054a4565377c6e43ff7709abf56d8494ba604,CAD,Executed,v3,,,64c370a753b1db282770cdbf2aba5434a3185b3d,vertical 2,type 8,27.3,9e2b06736b477b7a924f60de14a7e329d82d6f4f,2009-12-26 19:57:33.295891,2009-12-26 19:58:11.023000,2009-12-26 19:57:44.304679,2009-12-26 19:58:11.023000,,2009-12-26 19:57:37.318529,2009-12-26 19:58:09.734788,2009-12-26 19:58:11.023000
a71e369d8a7af8905bf8ccb120c89c2e6af8c7ad,b5ab8f51d35b64af079485e5bbbc335213f3a0ae,CAD,Executed,v3,,,5300313e698b5062bfe820f7efc7571699b4bb4c,vertical 2,type 8,17.4,9e2b06736b477b7a924f60de14a7e329d82d6f4f,2008-10-02 16:27:42.530210,2008-10-02 16:28:11.007321,2008-10-02 16:27:46.617823,2008-10-02 16:28:11.007321,,2008-10-02 16:27:44.102675,2008-10-02 16:28:07.147554,
db5d7845d5349f5ba4bdc3296074b8afc4df8fdf,0c13594466c8f4c9996801c4cc3f822975978c2d,USD,Executed,v3,,,6b9aa19c38a47a7d809eb3203685aaf80e25e9d6,vertical 2,type 3,10.0,f69ad584c025f9b756ce1e8c70de3a33aef50b32,2009-08-26 09:22:20.640258,2009-08-26 09:25:30.986778,2009-08-26 09:23:09.076430,2009-08-26 09:25:28.424030,,2009-08-26 09:23:06.383780,2009-08-26 09:25:26.033342,2009-08-26 09:25:30.986778
c9ced767693fcf052da10282beda3d230f2caa7a,e8085010136a26d0ebc200ac0751b1d9d673a764,CAD,failed,v3,provider_rejected,authorized,5300313e698b5062bfe820f7efc7571699b4bb4c,vertical 2,type 8,2.43,9e2b06736b477b7a924f60de14a7e329d82d6f4f,2009-09-18 19:59:22.466816,2009-09-18 20:01:02.199325,2009-09-18 20:00:09.586386,,2009-09-18 20:01:02.199325,2009-09-18 19:59:52.986644,2009-09-18 20:00:58.011253,
979e09de7804770750611ce9f2d13a1883356abe,6926610db1dfc17aca46a6f67789d7d6c24a7185,CAD,Executed,v3,,,5300313e698b5062bfe820f7efc7571699b4bb4c,vertical 2,type 8,8.5,9e2b06736b477b7a924f60de14a7e329d82d6f4f,2010-01-22 17:10:51.555924,2010-01-22 17:11:54.078984,2010-01-22 17:10:58.273103,2010-01-22 17:11:54.078984,,2010-01-22 17:10:53.403833,2010-01-22 17:11:52.687876,
9e5ce622cd8975c55eefb808e2bf71e1239ff4bf,6cd7d8d37b110668afdca42fc0e1d366b322783e,CAD,Executed,v3,,,5300313e698b5062bfe820f7efc7571699b4bb4c,vertical 2,type 8,6.5,9e2b06736b477b7a924f60de14a7e329d82d6f4f,2009-11-21 11:19:35.633382,2009-11-21 11:26:40.387356,2009-11-21 11:20:05.791362,2009-11-21 11:26:40.387356,,2009-11-21 11:19:53.996235,2009-11-21 11:26:38.875067,
57461b8b734a673aa940efd3f6c343f59e3acd39,0090e57640ed78b0c16ac4606a6773769545bb17,CAD,failed,v3,expired,initiated,5300313e698b5062bfe820f7efc7571699b4bb4c,vertical 2,type 8,9.1,9e2b06736b477b7a924f60de14a7e329d82d6f4f,2009-08-02 15:01:10.049644,2009-08-02 15:16:10.132642,2009-08-02 15:01:47.464411,,2009-08-02 15:16:10.132642,2009-08-02 15:01:36.448888,,
60bc6b42cafb2c6d4fe94bda5f01500cb0366732,e8085010136a26d0ebc200ac0751b1d9d673a764,CAD,Executed,v3,,,5300313e698b5062bfe820f7efc7571699b4bb4c,vertical 2,type 8,1.5,9e2b06736b477b7a924f60de14a7e329d82d6f4f,2009-05-30 07:15:56.561385,2009-05-30 07:16:40.479483,2009-05-30 07:16:05.393325,2009-05-30 07:16:40.479483,,2009-05-30 07:15:59.609526,2009-05-30 07:16:36.789982,
1664d12b77609b06f63c8836d74006ff6cdce2a0,eb1c4738ae6ac9c907a46a541af2d02d6be2f05b,CAD,Executed,v3,,,64c370a753b1db282770cdbf2aba5434a3185b3d,vertical 2,type 8,11.51,9e2b06736b477b7a924f60de14a7e329d82d6f4f,2009-11-12 12:19:01.237938,2009-11-12 12:19:47.825607,2009-11-12 12:19:07.292114,2009-11-12 12:19:47.825607,,2009-11-12 12:19:01.962679,2009-11-12 12:19:46.372568,2009-11-12 12:19:47.630000
9ebe7e43c8000187bb93e51c97f68e0d267bcad8,0c13594466c8f4c9996801c4cc3f822975978c2d,USD,failed,v3,insufficient_funds,initiated,6b9aa19c38a47a7d809eb3203685aaf80e25e9d6,vertical 2,type 3,1.0,f69ad584c025f9b756ce1e8c70de3a33aef50b32,2010-02-06 11:41:29.357808,2010-02-06 11:41:59.831961,2010-02-06 11:41:36.077708,,2010-02-06 11:41:59.831961,2010-02-06 11:41:33.846314,,
a850853d65918fd2647acf0955aa97002c460017,0090e57640ed78b0c16ac4606a6773769545bb17,CAD,Executed,v3,,,5300313e698b5062bfe820f7efc7571699b4bb4c,vertical 2,type 8,6.0,9e2b06736b477b7a924f60de14a7e329d82d6f4f,2008-10-15 10:48:45.706087,2008-10-15 10:50:47.332009,2008-10-15 10:48:53.508145,2008-10-15 10:50:47.332009,,2008-10-15 10:48:47.655429,2008-10-15 10:50:42.449133,
9e5f65a76d211cfe6a1d043356e4dbaabae4931f,660054a4565377c6e43ff7709abf56d8494ba604,CAD,failed,v3,expired,initiated,5300313e698b5062bfe820f7efc7571699b4bb4c,vertical 2,type 8,1.5,9e2b06736b477b7a924f60de14a7e329d82d6f4f,2009-06-29 16:03:32.388710,2009-06-29 16:18:32.506688,2009-06-29 16:03:39.857245,,2009-06-29 16:18:32.506688,2009-06-29 16:03:34.405934,,
abd5b982706ff69c95002e12a66d887090bb8293,fa485aff3f9e34d55d25f78856d4a2526a5f8e6f,CAD,Executed,v3,,,5300313e698b5062bfe820f7efc7571699b4bb4c,vertical 2,type 8,60.0,9e2b06736b477b7a924f60de14a7e329d82d6f4f,2009-12-30 22:55:24.291772,2009-12-30 22:55:42.526238,2009-12-30 22:55:29.801993,2009-12-30 22:55:42.526238,,2009-12-30 22:55:26.077065,2009-12-30 22:55:40.047303,
2ff5857dccc803867f0b7bfb104715cb7e4d83a0,6926610db1dfc17aca46a6f67789d7d6c24a7185,CAD,failed,v3,expired,initiated,134be5823bcfd7214cd8cf7b4f431eeb912e10ab,vertical 2,type 8,84.69,9e2b06736b477b7a924f60de14a7e329d82d6f4f,2009-11-19 09:50:43.103056,2009-11-19 10:05:43.116064,2009-11-19 09:50:56.718047,,2009-11-19 10:05:43.116064,2009-11-19 09:50:45.311939,,
060ea8c1d5c9d295c0d0e9ef4193773dd71a606f,3674b4d292131698ba6c946dda67a8fd8b63f12a,CAD,failed,v3,expired,initiated,f66f2f438fc87dd7deff8e022a67cc5d71aa6968,vertical 2,type 8,6.0,9e2b06736b477b7a924f60de14a7e329d82d6f4f,2010-01-05 23:18:45.532512,2010-01-05 23:33:45.543675,2010-01-05 23:18:58.974900,,2010-01-05 23:33:45.543675,2010-01-05 23:18:48.876378,,
295c800417b38f679f844c37bd8723357ca050f5,e8085010136a26d0ebc200ac0751b1d9d673a764,CAD,Executed,v3,,,134be5823bcfd7214cd8cf7b4f431eeb912e10ab,vertical 2,type 8,87.43,9e2b06736b477b7a924f60de14a7e329d82d6f4f,2009-06-03 13:06:55.589897,2009-06-03 13:08:47.954398,2009-06-03 13:07:05.995908,2009-06-03 13:08:47.954398,,2009-06-03 13:06:59.928621,2009-06-03 13:08:45.412293,
4d0640f43fc175bd19fa537daf3a6dbefdaeb43e,b7308502f039e303a048625c725d4aea3380c2ac,CAD,Executed,v3,,,01e10adf72398bdf40b668926be2809ccf68b4dd,vertical 2,type 8,106.65,9e2b06736b477b7a924f60de14a7e329d82d6f4f,2009-02-26 11:17:25.672700,2009-02-26 11:19:42.518450,2009-02-26 11:18:55.242747,2009-02-26 11:19:42.518450,,2009-02-26 11:17:28.524542,2009-02-26 11:19:40.129508,
50e37cd4f3afe45cfa0435c57c44405a1ff3bd76,fa485aff3f9e34d55d25f78856d4a2526a5f8e6f,CAD,Executed,v3,,,1911acfcfdc29f5349706da6c1494009e7125da0,vertical 5,type 8,0.85,9e2b06736b477b7a924f60de14a7e329d82d6f4f,2010-01-23 01:15:22.027623,2010-01-23 01:15:40.153000,2010-01-23 01:15:28.132143,2010-01-23 01:15:38.980884,,2010-01-23 01:15:26.267543,2010-01-23 01:15:36.409131,2010-01-23 01:15:40.153000
39aa493b023bca2b6848cddb7d331e469f53ddbb,b5ab8f51d35b64af079485e5bbbc335213f3a0ae,CAD,failed,v3,expired,initiated,134be5823bcfd7214cd8cf7b4f431eeb912e10ab,vertical 2,type 8,85.39,9e2b06736b477b7a924f60de14a7e329d82d6f4f,2009-03-05 08:17:25.388901,2009-03-05 08:32:25.611063,2009-03-05 08:17:32.540368,,2009-03-05 08:32:25.611063,2009-03-05 08:17:27.678529,,
198b5d841218f448f8717780a4a4aaabad02db15,4d762ce64874cd49be593313e92a1e61cf74417e,CAD,Executed,v3,,,64c370a753b1db282770cdbf2aba5434a3185b3d,vertical 2,type 8,13.42,9e2b06736b477b7a924f60de14a7e329d82d6f4f,2009-09-30 10:50:00.685194,2009-09-30 10:50:38.534329,2009-09-30 10:50:08.673718,2009-09-30 10:50:37.697440,,2009-09-30 10:50:02.018109,2009-09-30 10:50:37.695255,2009-09-30 10:50:38.534329
d4c4ac6ba86aa46f43e81087c8a45448a493df41,e67095adf654ddc631bcfd3f7aa3c7e43424ce0f,CAD,Executed,v3,,,64c370a753b1db282770cdbf2aba5434a3185b3d,vertical 2,type 8,250.0,9e2b06736b477b7a924f60de14a7e329d82d6f4f,2009-10-22 06:07:42.212500,2009-10-22 06:08:11.589795,2009-10-22 06:07:47.793626,2009-10-22 06:08:10.725398,,2009-10-22 06:07:43.156463,2009-10-22 06:08:09.349446,2009-10-22 06:08:11.589795
ae5804ab375bd0ed1c0499830bc0e133693ddbdd,e8085010136a26d0ebc200ac0751b1d9d673a764,CAD,Executed,v3,,,5300313e698b5062bfe820f7efc7571699b4bb4c,vertical 2,type 8,2.9,9e2b06736b477b7a924f60de14a7e329d82d6f4f,2009-05-22 16:51:13.882939,2009-05-22 16:51:59.559801,2009-05-22 16:51:19.796283,2009-05-22 16:51:59.559801,,2009-05-22 16:51:15.805857,2009-05-22 16:51:57.068347,
b7ad21ea9d37b8259ea384832fb55faa09b45ce8,b5ab8f51d35b64af079485e5bbbc335213f3a0ae,CAD,Executed,v3,,,d292da2283043c07accb1086a004caaf05472d44,vertical 5,type 8,4.5,9e2b06736b477b7a924f60de14a7e329d82d6f4f,2008-10-14 12:20:37.098502,2008-10-14 12:22:19.077467,2008-10-14 12:20:43.548388,2008-10-14 12:22:19.077467,,2008-10-14 12:20:41.147483,2008-10-14 12:22:16.049202,2008-10-14 12:22:19.077467
660462c7ac587203e9aea31eb4a04c6557567da5,34a0061ba48d1c2810cd930dd69d42482ca92d85,CAD,Executed,v3,,,02abfe216906d699a48d39d56b71327b294027cb,vertical 2,type 8,12.1,9e2b06736b477b7a924f60de14a7e329d82d6f4f,2008-11-27 12:37:21.729838,2008-11-27 12:38:46.883267,2008-11-27 12:37:31.776250,2008-11-27 12:38:46.328477,,2008-11-27 12:37:25.071069,2008-11-27 12:38:43.886935,2008-11-27 12:38:46.883267
4116457c7d3f9272b4ed7aec0a2a5f5cb9eeaf1d,660054a4565377c6e43ff7709abf56d8494ba604,CAD,Executed,v3,,,01e10adf72398bdf40b668926be2809ccf68b4dd,vertical 2,type 8,400.0,9e2b06736b477b7a924f60de14a7e329d82d6f4f,2008-12-03 06:08:17.348465,2008-12-03 06:09:12.636367,2008-12-03 06:08:25.613423,2008-12-03 06:09:12.636367,,2008-12-03 06:08:17.853547,2008-12-03 06:09:09.176944,
f7ff4d80fac1cedd59a96ab7584f809f26c36bde,6cd7d8d37b110668afdca42fc0e1d366b322783e,CAD,failed,v3,expired,authorization_required,01e10adf72398bdf40b668926be2809ccf68b4dd,vertical 2,type 8,45.38,9e2b06736b477b7a924f60de14a7e329d82d6f4f,2008-08-26 08:34:17.671410,2008-08-26 08:49:17.747053,,,2008-08-26 08:49:17.747053,,,
1b8639749a6c22cd20a94d311f9e03dd55ebd0f8,660054a4565377c6e43ff7709abf56d8494ba604,CAD,Executed,v3,,,01e10adf72398bdf40b668926be2809ccf68b4dd,vertical 2,type 8,10.01,9e2b06736b477b7a924f60de14a7e329d82d6f4f,2009-09-12 07:38:39.070142,2009-09-12 07:39:49.028837,2009-09-12 07:38:44.823784,2009-09-12 07:39:49.028837,,2009-09-12 07:38:39.544492,2009-09-12 07:39:47.729531,
db246d9b7da394db80a77f1d015a2594d0e6e021,6cd7d8d37b110668afdca42fc0e1d366b322783e,CAD,failed,v3,expired,authorization_required,01e10adf72398bdf40b668926be2809ccf68b4dd,vertical 2,type 8,3.86,9e2b06736b477b7a924f60de14a7e329d82d6f4f,2009-03-27 09:33:31.569478,2009-03-27 09:48:31.654062,,,2009-03-27 09:48:31.654062,,,
1357ffde3f92cb33cfec07cf09dfe585b511e940,8216651c8989eb69415e6fd793175c69351debc5,USD,failed,v3,provider_expired,initiated,6b9aa19c38a47a7d809eb3203685aaf80e25e9d6,vertical 2,type 1,500.0,f69ad584c025f9b756ce1e8c70de3a33aef50b32,2009-11-05 18:32:22.274294,2009-11-06 18:38:00.962981,2009-11-05 18:32:33.678618,,2009-11-06 18:38:00.962981,2009-11-05 18:32:26.410970,,
6f445ea7cc28202b88e95fb84ae6e2c9043a030a,660054a4565377c6e43ff7709abf56d8494ba604,CAD,Executed,v3,,,02abfe216906d699a48d39d56b71327b294027cb,vertical 2,type 8,40.0,9e2b06736b477b7a924f60de14a7e329d82d6f4f,2008-12-07 10:15:58.166129,2008-12-07 10:19:46.710068,2008-12-07 10:16:03.937198,2008-12-07 10:19:46.710068,,2008-12-07 10:15:59.504394,2008-12-07 10:19:45.282932,2008-12-07 10:19:46.710068
356e6bc31f483b77f9bc007b665eab105ed6e104,6cd7d8d37b110668afdca42fc0e1d366b322783e,CAD,failed,v3,not_authorized,authorizing,02abfe216906d699a48d39d56b71327b294027cb,vertical 2,type 8,400.0,9e2b06736b477b7a924f60de14a7e329d82d6f4f,2008-06-13 21:14:14.143868,2008-06-13 21:15:32.585145,2008-06-13 21:14:24.093741,,2008-06-13 21:15:32.585145,2008-06-13 21:14:16.604964,,
b43c96fbf7e16e3a2bee7370aa455d70c394b7c9,30f7c597c23522d4038935c6491bb91e74647c22,USD,Executed,v3,,,6b9aa19c38a47a7d809eb3203685aaf80e25e9d6,vertical 2,type 1,9.0,f69ad584c025f9b756ce1e8c70de3a33aef50b32,2010-01-10 17:54:28.979156,2010-01-10 17:55:15.000000,2010-01-10 17:54:38.221001,2010-01-10 17:55:15.000000,,2010-01-10 17:54:33.299149,2010-01-10 17:55:15.000000,2010-01-10 17:55:15.000000
9a8d15aefce549d5bd75dce3094699990344a900,4d762ce64874cd49be593313e92a1e61cf74417e,CAD,failed,v3,provider_error,initiated,64c370a753b1db282770cdbf2aba5434a3185b3d,vertical 2,type 8,15.46,9e2b06736b477b7a924f60de14a7e329d82d6f4f,2010-01-21 06:57:24.535957,2010-01-21 06:58:09.073900,2010-01-21 06:57:34.933616,,2010-01-21 06:58:09.073900,2010-01-21 06:57:29.608988,,
7c966a1badca07ec1d0e605fb2d0312ac5c58ec3,8216651c8989eb69415e6fd793175c69351debc5,USD,failed,v3,provider_expired,initiated,6b9aa19c38a47a7d809eb3203685aaf80e25e9d6,vertical 2,type 1,10.0,f69ad584c025f9b756ce1e8c70de3a33aef50b32,2010-01-08 21:05:36.932183,2010-01-09 21:11:14.569729,2010-01-08 21:05:48.389573,,2010-01-09 21:11:14.569729,2010-01-08 21:05:40.580706,,
62dd9a0cd232a6242951925b7c4a2e365bf41166,0c13594466c8f4c9996801c4cc3f822975978c2d,USD,failed,v3,user_canceled_at_provider,initiated,6b9aa19c38a47a7d809eb3203685aaf80e25e9d6,vertical 2,type 3,1.1,f69ad584c025f9b756ce1e8c70de3a33aef50b32,2010-01-27 07:18:42.198539,2010-01-27 07:19:05.712003,2010-01-27 07:18:47.819399,,2010-01-27 07:19:05.712003,2010-01-27 07:18:45.762482,,
8da9799d720d7da98e4973156ed43231efddfea3,6cd7d8d37b110668afdca42fc0e1d366b322783e,CAD,Executed,v3,,,01e10adf72398bdf40b668926be2809ccf68b4dd,vertical 2,type 8,13.38,9e2b06736b477b7a924f60de14a7e329d82d6f4f,2008-10-18 19:02:50.003128,2008-10-18 19:03:30.181502,2008-10-18 19:02:54.258472,2008-10-18 19:03:30.181502,,2008-10-18 19:02:50.366380,2008-10-18 19:03:30.178643,
844c85dbc3be82cf59330256541c2333c146ebe2,6926610db1dfc17aca46a6f67789d7d6c24a7185,CAD,Executed,v3,,,f66f2f438fc87dd7deff8e022a67cc5d71aa6968,vertical 2,type 8,11.54,9e2b06736b477b7a924f60de14a7e329d82d6f4f,2009-08-06 07:53:27.153925,2009-08-06 07:54:42.144888,2009-08-06 07:53:34.265930,2009-08-06 07:54:41.417539,,2009-08-06 07:53:28.140622,2009-08-06 07:54:39.882621,2009-08-06 07:54:42.144888
698f79ce09da4b5584827a09f64214f863ea9221,e8085010136a26d0ebc200ac0751b1d9d673a764,CAD,Executed,v3,,,f66f2f438fc87dd7deff8e022a67cc5d71aa6968,vertical 2,type 8,30.0,9e2b06736b477b7a924f60de14a7e329d82d6f4f,2009-12-18 14:20:35.314149,2009-12-18 14:21:45.100000,2009-12-18 14:20:54.455001,2009-12-18 14:21:43.577160,,2009-12-18 14:20:38.943866,2009-12-18 14:21:40.821095,2009-12-18 14:21:45.100000
6b800153c001ce9c8ab505e2250bc726c9519675,b7308502f039e303a048625c725d4aea3380c2ac,CAD,Executed,v3,,,f66f2f438fc87dd7deff8e022a67cc5d71aa6968,vertical 2,type 8,4.91,9e2b06736b477b7a924f60de14a7e329d82d6f4f,2009-07-09 07:25:42.833081,2009-07-09 07:26:34.088820,2009-07-09 07:25:53.791137,2009-07-09 07:26:34.088820,,2009-07-09 07:25:43.805854,2009-07-09 07:26:32.231718,2009-07-09 07:26:34.088820
0f1fb1058e4f5b8d565f45900cd433f7e004ec66,3674b4d292131698ba6c946dda67a8fd8b63f12a,CAD,Executed,v3,,,f66f2f438fc87dd7deff8e022a67cc5d71aa6968,vertical 2,type 8,30.0,9e2b06736b477b7a924f60de14a7e329d82d6f4f,2010-01-16 18:18:47.885027,2010-01-16 18:19:32.700000,2010-01-16 18:19:02.724168,2010-01-16 18:19:32.700000,,2010-01-16 18:18:53.606871,2010-01-16 18:19:31.355326,2010-01-16 18:19:32.700000
73a88968d0df8d05e89ff012ef6366e9607ad788,b5ab8f51d35b64af079485e5bbbc335213f3a0ae,CAD,Executed,v3,,,f66f2f438fc87dd7deff8e022a67cc5d71aa6968,vertical 2,type 8,10.88,9e2b06736b477b7a924f60de14a7e329d82d6f4f,2009-08-27 12:33:59.615042,2009-08-27 12:35:29.278248,2009-08-27 12:35:02.443453,2009-08-27 12:35:28.720264,,2009-08-27 12:34:01.341849,2009-08-27 12:35:26.912371,2009-08-27 12:35:29.278248
b44714ed064de609ba55f199df80fef20557b95a,34a0061ba48d1c2810cd930dd69d42482ca92d85,CAD,Executed,v3,,,02abfe216906d699a48d39d56b71327b294027cb,vertical 2,type 8,10.0,9e2b06736b477b7a924f60de14a7e329d82d6f4f,2009-02-14 11:45:47.651567,2009-02-14 11:46:50.698040,2009-02-14 11:45:58.165618,2009-02-14 11:46:50.698040,,2009-02-14 11:45:51.414445,2009-02-14 11:46:48.587658,2009-02-14 11:46:50.698040
767b85fe3afddb1ee01077689f301d2ffb20a8f1,6926610db1dfc17aca46a6f67789d7d6c24a7185,CAD,Executed,v3,,,5300313e698b5062bfe820f7efc7571699b4bb4c,vertical 2,type 8,0.5,9e2b06736b477b7a924f60de14a7e329d82d6f4f,2009-07-07 15:14:11.634841,2009-07-07 15:14:52.893048,2009-07-07 15:14:17.862692,2009-07-07 15:14:52.893048,,2009-07-07 15:14:13.982778,2009-07-07 15:14:50.829948,
bcb8ca08c576987dabd26deb72fb749fbe73dba5,3674b4d292131698ba6c946dda67a8fd8b63f12a,CAD,Executed,v3,,,5300313e698b5062bfe820f7efc7571699b4bb4c,vertical 2,type 8,7.33,9e2b06736b477b7a924f60de14a7e329d82d6f4f,2008-12-03 13:26:19.924125,2008-12-03 13:27:56.070898,2008-12-03 13:26:26.264960,2008-12-03 13:27:56.070898,,2008-12-03 13:26:21.721096,2008-12-03 13:27:51.093307,
3a0598bfdfb7f42131df1fafa614dbffb903d721,660054a4565377c6e43ff7709abf56d8494ba604,CAD,Executed,v3,,,5300313e698b5062bfe820f7efc7571699b4bb4c,vertical 2,type 8,7.84,9e2b06736b477b7a924f60de14a7e329d82d6f4f,2009-03-26 16:16:49.193599,2009-03-26 16:17:30.824410,2009-03-26 16:16:54.732535,2009-03-26 16:17:30.824410,,2009-03-26 16:16:50.890275,2009-03-26 16:17:28.056305,
15dff79e13bec122e7414469bf68361102006676,34a0061ba48d1c2810cd930dd69d42482ca92d85,CAD,Executed,v3,,,01e10adf72398bdf40b668926be2809ccf68b4dd,vertical 2,type 8,19.22,9e2b06736b477b7a924f60de14a7e329d82d6f4f,2009-03-21 06:45:15.626350,2009-03-21 06:45:40.810435,2009-03-21 06:45:19.628557,2009-03-21 06:45:40.810435,,2009-03-21 06:45:16.945147,2009-03-21 06:45:38.299686,
7eb0114f164fc90750a2d7d858e8f1afd6b59e31,6926610db1dfc17aca46a6f67789d7d6c24a7185,CAD,failed,v3,expired,authorizing,01e10adf72398bdf40b668926be2809ccf68b4dd,vertical 2,type 8,26.72,9e2b06736b477b7a924f60de14a7e329d82d6f4f,2008-05-11 16:11:27.910455,2008-05-11 16:26:28.053731,2008-05-11 16:11:45.170406,,2008-05-11 16:26:28.053731,2008-05-11 16:11:28.839657,,
5e3f025749783afc6fa9aea8273ae8ae5ece924e,b7308502f039e303a048625c725d4aea3380c2ac,CAD,Executed,v3,,,01e10adf72398bdf40b668926be2809ccf68b4dd,vertical 2,type 8,3.8,9e2b06736b477b7a924f60de14a7e329d82d6f4f,2009-03-15 08:20:10.269499,2009-03-15 08:20:46.644072,2009-03-15 08:20:14.225446,2009-03-15 08:20:46.644072,,2009-03-15 08:20:10.645295,2009-03-15 08:20:44.453506,
ecd7d8b1bea59a890fa974f15aae3ee07c4f4f5f,660054a4565377c6e43ff7709abf56d8494ba604,CAD,Executed,v3,,,5300313e698b5062bfe820f7efc7571699b4bb4c,vertical 2,type 8,1.25,9e2b06736b477b7a924f60de14a7e329d82d6f4f,2008-09-16 21:25:55.061453,2008-09-16 21:27:05.661860,2008-09-16 21:25:59.824977,2008-09-16 21:27:05.661860,,2008-09-16 21:25:56.784639,2008-09-16 21:27:03.024481,
f831def5db7067f00591ea560755b4f42568933b,fa485aff3f9e34d55d25f78856d4a2526a5f8e6f,CAD,Executed,v3,,,d292da2283043c07accb1086a004caaf05472d44,vertical 5,type 8,1.0,9e2b06736b477b7a924f60de14a7e329d82d6f4f,2009-12-26 13:30:03.477419,2009-12-26 13:30:20.590000,2009-12-26 13:30:09.048419,2009-12-26 13:30:20.590000,,2009-12-26 13:30:06.480576,2009-12-26 13:30:17.697897,2009-12-26 13:30:20.590000
db3c0bee2e21cd0705281e72d0c012104e09f5c5,e8085010136a26d0ebc200ac0751b1d9d673a764,CAD,Executed,v3,,,1911acfcfdc29f5349706da6c1494009e7125da0,vertical 5,type 8,1.0,9e2b06736b477b7a924f60de14a7e329d82d6f4f,2010-01-23 14:36:06.721060,2010-01-23 14:36:53.770000,2010-01-23 14:36:11.634761,2010-01-23 14:36:53.770000,,2010-01-23 14:36:09.788340,2010-01-23 14:36:51.574683,2010-01-23 14:36:53.770000
3c454e977c2e2019a77c7e7193b790604e135a6c,e8085010136a26d0ebc200ac0751b1d9d673a764,CAD,Executed,v3,,,1911acfcfdc29f5349706da6c1494009e7125da0,vertical 5,type 8,1.0,9e2b06736b477b7a924f60de14a7e329d82d6f4f,2010-02-08 03:19:27.596266,2010-02-08 03:19:56.123000,2010-02-08 03:19:30.958859,2010-02-08 03:19:56.123000,,2010-02-08 03:19:29.371343,2010-02-08 03:19:52.992568,2010-02-08 03:19:56.123000
6020be77af6e2c90e43f72f7a6c519dc51958b41,6cd7d8d37b110668afdca42fc0e1d366b322783e,CAD,Executed,v3,,,1911acfcfdc29f5349706da6c1494009e7125da0,vertical 5,type 8,0.5,9e2b06736b477b7a924f60de14a7e329d82d6f4f,2010-01-21 02:06:38.207177,2010-01-21 02:07:20.831639,2010-01-21 02:06:44.011738,2010-01-21 02:07:20.831639,,2010-01-21 02:06:40.123504,2010-01-21 02:07:19.384716,2010-01-21 02:07:20.493000
a7fb9a12fd8a145afa07f6410e26f8c4acca7e08,e8085010136a26d0ebc200ac0751b1d9d673a764,CAD,Executed,v3,,,d292da2283043c07accb1086a004caaf05472d44,vertical 5,type 8,10.0,9e2b06736b477b7a924f60de14a7e329d82d6f4f,2009-02-22 14:49:25.412362,2009-02-22 14:50:05.579615,2009-02-22 14:49:34.519351,2009-02-22 14:50:05.579615,,2009-02-22 14:49:30.453011,2009-02-22 14:50:01.878521,2009-02-22 14:50:05.579615
1de2b75710832db91ab15a964707d886f88ee6eb,21b955e418f741b067688bc141261d7cd8d59973,CAD,Executed,v3,,,1911acfcfdc29f5349706da6c1494009e7125da0,vertical 5,type 8,1.0,9e2b06736b477b7a924f60de14a7e329d82d6f4f,2010-01-31 20:55:10.133124,2010-01-31 20:55:53.923000,2010-01-31 20:55:14.053998,2010-01-31 20:55:53.923000,,2010-01-31 20:55:12.098127,2010-01-31 20:55:52.511860,2010-01-31 20:55:53.923000
edd254657ef45818ea378a96e452b1ff762f004a,b5ab8f51d35b64af079485e5bbbc335213f3a0ae,CAD,Executed,v3,,,02abfe216906d699a48d39d56b71327b294027cb,vertical 2,type 8,50.5,9e2b06736b477b7a924f60de14a7e329d82d6f4f,2009-02-12 14:53:23.931358,2009-02-12 14:54:56.119494,2009-02-12 14:53:40.734557,2009-02-12 14:54:56.119494,,2009-02-12 14:53:26.869692,2009-02-12 14:54:53.992391,2009-02-12 14:54:56.119494
4d56ba47df0fd86916fcb478345160fe7883791a,6926610db1dfc17aca46a6f67789d7d6c24a7185,CAD,Executed,v3,,,02abfe216906d699a48d39d56b71327b294027cb,vertical 2,type 8,10.0,9e2b06736b477b7a924f60de14a7e329d82d6f4f,2008-11-07 12:03:25.233721,2008-11-07 12:05:25.929178,2008-11-07 12:03:34.619927,2008-11-07 12:05:25.929178,,2008-11-07 12:03:27.033124,2008-11-07 12:05:25.017784,2008-11-07 12:05:25.929178
3101542d06ba24bb6b20d389c15e0f439e7c086e,614f918e6feee31a627e487db0e58c331fc9d4b7,CAD,Executed,v3,,,02abfe216906d699a48d39d56b71327b294027cb,vertical 2,type 8,18.0,9e2b06736b477b7a924f60de14a7e329d82d6f4f,2008-07-15 14:31:38.445316,2008-07-15 14:32:06.277291,2008-07-15 14:31:48.001810,2008-07-15 14:32:06.277291,,2008-07-15 14:31:40.267605,2008-07-15 14:32:03.828923,2008-07-15 14:32:06.277291
7aacbcb8335cc7f9438a85cda0fce2bfd056c71e,b7308502f039e303a048625c725d4aea3380c2ac,CAD,Executed,v3,,,01e10adf72398bdf40b668926be2809ccf68b4dd,vertical 2,type 8,38.89,9e2b06736b477b7a924f60de14a7e329d82d6f4f,2009-12-12 18:23:32.889397,2009-12-12 18:23:57.356542,2009-12-12 18:23:39.756058,2009-12-12 18:23:57.356542,,2009-12-12 18:23:33.532323,2009-12-12 18:23:55.137838,
c542d0426e5d41358fb1533b392d5919478f740f,e8085010136a26d0ebc200ac0751b1d9d673a764,CAD,Executed,v3,,,134be5823bcfd7214cd8cf7b4f431eeb912e10ab,vertical 2,type 8,200.0,9e2b06736b477b7a924f60de14a7e329d82d6f4f,2009-12-15 08:21:23.991868,2009-12-15 08:28:35.500001,2009-12-15 08:21:34.902056,2009-12-15 08:28:35.500001,,2009-12-15 08:21:26.401312,2009-12-15 08:28:32.571517,
5c894da71245fa89ad0028e1576efc3d3a3c9174,0090e57640ed78b0c16ac4606a6773769545bb17,CAD,Executed,v3,,,134be5823bcfd7214cd8cf7b4f431eeb912e10ab,vertical 2,type 8,15.6,9e2b06736b477b7a924f60de14a7e329d82d6f4f,2009-03-17 09:52:41.606480,2009-03-17 09:54:12.734438,2009-03-17 09:52:49.460353,2009-03-17 09:54:12.734438,,2009-03-17 09:52:43.557321,2009-03-17 09:54:06.349757,
5f92ccb91628636d8fb0cac1d016b428802cda04,eb1c4738ae6ac9c907a46a541af2d02d6be2f05b,CAD,Executed,v3,,,134be5823bcfd7214cd8cf7b4f431eeb912e10ab,vertical 2,type 8,100.0,9e2b06736b477b7a924f60de14a7e329d82d6f4f,2008-11-08 09:22:23.264183,2008-11-08 09:23:45.687572,2008-11-08 09:22:28.896836,2008-11-08 09:23:45.687572,,2008-11-08 09:22:25.126947,2008-11-08 09:23:45.654620,
fcd3c02d16f2f26e417ab03dabbcad47053a5646,e67095adf654ddc631bcfd3f7aa3c7e43424ce0f,CAD,Executed,v3,,,134be5823bcfd7214cd8cf7b4f431eeb912e10ab,vertical 2,type 8,69.57,9e2b06736b477b7a924f60de14a7e329d82d6f4f,2009-07-29 20:53:54.660567,2009-07-29 20:55:30.317609,2009-07-29 20:54:07.601905,2009-07-29 20:55:30.317609,,2009-07-29 20:53:58.406258,2009-07-29 20:55:28.949834,
8260fb6ec8684c3552c9134c297b9e602090153d,0090e57640ed78b0c16ac4606a6773769545bb17,CAD,Executed,v3,,,f66f2f438fc87dd7deff8e022a67cc5d71aa6968,vertical 2,type 8,0.8,9e2b06736b477b7a924f60de14a7e329d82d6f4f,2009-08-08 20:36:24.586258,2009-08-08 20:37:00.581073,2009-08-08 20:36:28.599520,2009-08-08 20:37:00.528996,,2009-08-08 20:36:24.988242,2009-08-08 20:36:56.373565,2009-08-08 20:37:00.581073
ca8b3934d6f24a0f825a26118aaa5c160b83c242,6926610db1dfc17aca46a6f67789d7d6c24a7185,CAD,Executed,v3,,,64c370a753b1db282770cdbf2aba5434a3185b3d,vertical 2,type 8,10.0,9e2b06736b477b7a924f60de14a7e329d82d6f4f,2009-08-09 16:30:35.023579,2009-08-09 16:31:18.297920,2009-08-09 16:30:43.256715,2009-08-09 16:31:11.110571,,2009-08-09 16:30:36.270484,2009-08-09 16:31:09.707754,2009-08-09 16:31:18.297920
47f12d0f4a19401b1907181cb7452d37115d8bba,b5ab8f51d35b64af079485e5bbbc335213f3a0ae,CAD,Executed,v3,,,f66f2f438fc87dd7deff8e022a67cc5d71aa6968,vertical 2,type 8,5.0,9e2b06736b477b7a924f60de14a7e329d82d6f4f,2009-08-27 12:15:48.588183,2009-08-27 12:16:10.714068,2009-08-27 12:15:53.507496,2009-08-27 12:16:10.336455,,2009-08-27 12:15:49.487330,2009-08-27 12:16:08.748507,2009-08-27 12:16:10.714068
0587f8f58266c5621aafb660c247b2a48ac9de24,e8085010136a26d0ebc200ac0751b1d9d673a764,CAD,Executed,v3,,,5300313e698b5062bfe820f7efc7571699b4bb4c,vertical 2,type 8,25.0,9e2b06736b477b7a924f60de14a7e329d82d6f4f,2009-10-17 17:33:11.913386,2009-10-17 17:33:56.462147,2009-10-17 17:33:21.782301,2009-10-17 17:33:56.462147,,2009-10-17 17:33:17.090895,2009-10-17 17:33:53.719631,
6be6fd60dfed46e6980d4ab7ce95a19b6065544b,34a0061ba48d1c2810cd930dd69d42482ca92d85,CAD,failed,v3,not_authorized,initiated,01e10adf72398bdf40b668926be2809ccf68b4dd,vertical 2,type 8,30.09,9e2b06736b477b7a924f60de14a7e329d82d6f4f,2009-11-05 18:05:27.702646,2009-11-05 18:06:00.823660,2009-11-05 18:05:31.456566,,2009-11-05 18:06:00.823660,2009-11-05 18:05:28.319041,,
94b6a2da5f2f09beeaa42c69dc85169a9f7853ac,34a0061ba48d1c2810cd930dd69d42482ca92d85,CAD,Executed,v3,,,02abfe216906d699a48d39d56b71327b294027cb,vertical 2,type 8,125.0,9e2b06736b477b7a924f60de14a7e329d82d6f4f,2008-12-11 15:01:34.238617,2008-12-11 15:02:10.590565,2008-12-11 15:01:40.451353,2008-12-11 15:02:10.590565,,2008-12-11 15:01:35.644554,2008-12-11 15:02:08.711668,2008-12-11 15:02:10.590565
1b7bf369930f46203d6069f00a6e24040f11dd81,b5ab8f51d35b64af079485e5bbbc335213f3a0ae,CAD,Executed,v3,,,02abfe216906d699a48d39d56b71327b294027cb,vertical 2,type 8,2.6,9e2b06736b477b7a924f60de14a7e329d82d6f4f,2008-12-05 13:10:18.510399,2008-12-05 13:12:23.434054,2008-12-05 13:10:27.268042,2008-12-05 13:12:22.394713,,2008-12-05 13:10:20.601642,2008-12-05 13:12:19.230910,2008-12-05 13:12:23.434054
1ffec4190ce39bcd4293b5815c32534c7da2681a,6926610db1dfc17aca46a6f67789d7d6c24a7185,CAD,Executed,v3,,,5300313e698b5062bfe820f7efc7571699b4bb4c,vertical 2,type 8,1.22,9e2b06736b477b7a924f60de14a7e329d82d6f4f,2009-09-07 21:01:22.154331,2009-09-07 21:02:05.287705,2009-09-07 21:01:32.488351,2009-09-07 21:02:05.287705,,2009-09-07 21:01:24.010072,2009-09-07 21:02:03.369382,
a9f2efc010a760d9ee6c3ad74eb9eef0d5db3fde,fa485aff3f9e34d55d25f78856d4a2526a5f8e6f,CAD,Executed,v3,,,5300313e698b5062bfe820f7efc7571699b4bb4c,vertical 2,type 8,40.0,9e2b06736b477b7a924f60de14a7e329d82d6f4f,2009-05-01 11:08:14.683037,2009-05-01 11:08:43.210078,2009-05-01 11:08:23.028064,2009-05-01 11:08:43.210078,,2009-05-01 11:08:17.827634,2009-05-01 11:08:40.082123,
b6eafd4ecd281758389a116381ec0e6c4e08da97,34a0061ba48d1c2810cd930dd69d42482ca92d85,CAD,Executed,v3,,,64c370a753b1db282770cdbf2aba5434a3185b3d,vertical 2,type 8,3.9,9e2b06736b477b7a924f60de14a7e329d82d6f4f,2009-10-31 13:41:55.278716,2009-10-31 13:42:34.533802,2009-10-31 13:42:07.866211,2009-10-31 13:42:33.960073,,2009-10-31 13:41:57.276481,2009-10-31 13:42:32.467539,2009-10-31 13:42:34.533802
0324708cffd9d32055294d5a09b75bd4121267e9,6cd7d8d37b110668afdca42fc0e1d366b322783e,CAD,Executed,v3,,,1911acfcfdc29f5349706da6c1494009e7125da0,vertical 5,type 8,5.0,9e2b06736b477b7a924f60de14a7e329d82d6f4f,2010-02-07 01:40:20.497919,2010-02-07 01:40:54.243000,2010-02-07 01:40:24.110635,2010-02-07 01:40:54.150664,,2010-02-07 01:40:22.358692,2010-02-07 01:40:51.718112,2010-02-07 01:40:54.243000
29a02ffc4ac6551ff78d178d7aed54650071379e,0c13594466c8f4c9996801c4cc3f822975978c2d,USD,initiated,v3,,,6b9aa19c38a47a7d809eb3203685aaf80e25e9d6,vertical 2,type 3,10.0,f69ad584c025f9b756ce1e8c70de3a33aef50b32,2009-12-24 17:41:18.634469,2009-12-24 17:41:24.674470,2009-12-24 17:41:24.674470,,,2009-12-24 17:41:22.209486,,
d15eb2ac313eeaf16626416c937c7efbd960ace0,6cd7d8d37b110668afdca42fc0e1d366b322783e,CAD,Executed,v3,,,5300313e698b5062bfe820f7efc7571699b4bb4c,vertical 2,type 8,15.4,9e2b06736b477b7a924f60de14a7e329d82d6f4f,2009-09-13 11:05:58.910943,2009-09-13 11:08:45.264783,2009-09-13 11:06:09.314769,2009-09-13 11:08:45.264783,,2009-09-13 11:06:02.761917,2009-09-13 11:08:43.508803,
b958b6bfde05e88a6668d8374f1b5418c2cdbf2d,6cd7d8d37b110668afdca42fc0e1d366b322783e,CAD,Executed,v3,,,64c370a753b1db282770cdbf2aba5434a3185b3d,vertical 2,type 8,2.66,9e2b06736b477b7a924f60de14a7e329d82d6f4f,2010-02-03 15:35:19.423816,2010-02-03 15:36:15.202463,2010-02-03 15:35:31.923079,2010-02-03 15:36:15.202463,,2010-02-03 15:35:27.132120,2010-02-03 15:36:13.827639,2010-02-03 15:36:15.130000
60946e7f8834d2cf0426eb938a3a6c307bca2e57,6cd7d8d37b110668afdca42fc0e1d366b322783e,CAD,Executed,v3,,,64c370a753b1db282770cdbf2aba5434a3185b3d,vertical 2,type 8,9.83,9e2b06736b477b7a924f60de14a7e329d82d6f4f,2010-02-07 08:10:39.664031,2010-02-07 08:11:25.194212,2010-02-07 08:10:47.513855,2010-02-07 08:11:25.194212,,2010-02-07 08:10:43.728932,2010-02-07 08:11:22.804725,2010-02-07 08:11:25.000000
a2570b25fde7d7a420e45cef9b22c75916889bd3,4d762ce64874cd49be593313e92a1e61cf74417e,CAD,Executed,v3,,,64c370a753b1db282770cdbf2aba5434a3185b3d,vertical 2,type 8,38.33,9e2b06736b477b7a924f60de14a7e329d82d6f4f,2009-12-13 10:56:55.176111,2009-12-13 10:57:42.140000,2009-12-13 10:57:10.036187,2009-12-13 10:57:42.133884,,2009-12-13 10:57:01.495504,2009-12-13 10:57:42.120295,2009-12-13 10:57:42.140000
ca720a313efdf4cca083f71ab5d1a9d2748ea1af,0090e57640ed78b0c16ac4606a6773769545bb17,CAD,Executed,v3,,,1911acfcfdc29f5349706da6c1494009e7125da0,vertical 5,type 8,1.0,9e2b06736b477b7a924f60de14a7e329d82d6f4f,2010-02-05 15:30:30.812743,2010-02-05 15:31:02.707000,2010-02-05 15:30:34.474546,2010-02-05 15:31:02.707000,,2010-02-05 15:30:32.481885,2010-02-05 15:31:01.527134,2010-02-05 15:31:02.707000
b7d1b1d533393da23e9f53741796cebe4f8820a4,6cd7d8d37b110668afdca42fc0e1d366b322783e,CAD,Executed,v3,,,f66f2f438fc87dd7deff8e022a67cc5d71aa6968,vertical 2,type 8,7.17,9e2b06736b477b7a924f60de14a7e329d82d6f4f,2009-11-10 08:09:34.252739,2009-11-10 08:10:34.466386,2009-11-10 08:09:42.889982,2009-11-10 08:10:34.466386,,2009-11-10 08:09:35.757476,2009-11-10 08:10:32.949497,2009-11-10 08:10:34.010000
3eb4230e42d461518ad3e8accde0e7efd2fe062a,660054a4565377c6e43ff7709abf56d8494ba604,CAD,Executed,v3,,,f66f2f438fc87dd7deff8e022a67cc5d71aa6968,vertical 2,type 8,5.0,9e2b06736b477b7a924f60de14a7e329d82d6f4f,2009-08-19 19:40:50.380932,2009-08-19 19:41:17.903699,2009-08-19 19:40:55.904014,2009-08-19 19:41:17.903699,,2009-08-19 19:40:51.186101,2009-08-19 19:41:16.821548,2009-08-19 19:41:17.903699
d04cb7fa976e7a9a04e2c60c098d21d19166b9e0,3674b4d292131698ba6c946dda67a8fd8b63f12a,CAD,Executed,v3,,,f66f2f438fc87dd7deff8e022a67cc5d71aa6968,vertical 2,type 8,5.0,9e2b06736b477b7a924f60de14a7e329d82d6f4f,2009-09-01 12:02:21.353924,2009-09-01 12:02:52.616375,2009-09-01 12:02:28.401673,2009-09-01 12:02:52.616375,,2009-09-01 12:02:22.006989,2009-09-01 12:02:50.171802,2009-09-01 12:02:52.616375
3cf52f495bf59a5470d2c965944ecc7d5d6b749d,6cd7d8d37b110668afdca42fc0e1d366b322783e,CAD,failed,v3,expired,authorizing,02abfe216906d699a48d39d56b71327b294027cb,vertical 2,type 8,50.0,9e2b06736b477b7a924f60de14a7e329d82d6f4f,2008-11-23 07:21:37.528431,2008-11-23 07:36:37.637308,2008-11-23 07:21:52.290762,,2008-11-23 07:36:37.637308,2008-11-23 07:21:44.531464,,
827e9dc787f8c83e30139fdc5e49d1e501ae78c4,6926610db1dfc17aca46a6f67789d7d6c24a7185,CAD,Executed,v3,,,5300313e698b5062bfe820f7efc7571699b4bb4c,vertical 2,type 8,1.28,9e2b06736b477b7a924f60de14a7e329d82d6f4f,2009-04-24 18:52:54.834042,2009-04-24 18:54:17.547679,2009-04-24 18:53:01.719899,2009-04-24 18:54:17.547679,,2009-04-24 18:52:57.232143,2009-04-24 18:54:14.708971,
b92453b82ae61439c9239f956fca6e9376686df8,b5ab8f51d35b64af079485e5bbbc335213f3a0ae,CAD,Executed,v3,,,5300313e698b5062bfe820f7efc7571699b4bb4c,vertical 2,type 8,0.6,9e2b06736b477b7a924f60de14a7e329d82d6f4f,2008-10-27 21:35:41.712908,2008-10-27 21:36:31.719040,2008-10-27 21:35:51.538376,2008-10-27 21:36:31.719040,,2008-10-27 21:35:44.095682,2008-10-27 21:36:28.576517,
25905e0eee68eed5f255e22a699046cab83a6563,0c13594466c8f4c9996801c4cc3f822975978c2d,USD,initiated,v3,,,6b9aa19c38a47a7d809eb3203685aaf80e25e9d6,vertical 2,type 3,0.1,f69ad584c025f9b756ce1e8c70de3a33aef50b32,2010-01-28 20:12:54.866943,2010-01-28 20:12:59.719023,2010-01-28 20:12:59.719023,,,2010-01-28 20:12:57.685218,,
ded93ab0b78cbab344d305f8e5e42ab3440c301d,603364a15bf8abd4b8a2f7d46e6934c397ced244,USD,Executed,v3,,,6b9aa19c38a47a7d809eb3203685aaf80e25e9d6,vertical 2,type 1,0.5,f69ad584c025f9b756ce1e8c70de3a33aef50b32,2009-09-12 15:51:14.580992,2009-09-12 15:53:00.153807,2009-09-12 15:51:20.465867,2009-09-12 15:53:00.153807,,2009-09-12 15:51:17.317093,2009-09-12 15:53:00.153807,2009-09-12 15:53:00.153807
19a955a47b35b7d93f532e7aa8c70ff25c172940,660054a4565377c6e43ff7709abf56d8494ba604,CAD,failed,v3,expired,initiated,64c370a753b1db282770cdbf2aba5434a3185b3d,vertical 2,type 8,1.55,9e2b06736b477b7a924f60de14a7e329d82d6f4f,2009-09-01 13:17:22.062245,2009-09-01 13:32:22.278642,2009-09-01 13:17:52.771334,,2009-09-01 13:32:22.278642,2009-09-01 13:17:22.637972,,
2a5da828e5ce48cd12dd259f4364dfefc7e8654b,6926610db1dfc17aca46a6f67789d7d6c24a7185,CAD,Executed,v3,,,64c370a753b1db282770cdbf2aba5434a3185b3d,vertical 2,type 8,0.4,9e2b06736b477b7a924f60de14a7e329d82d6f4f,2009-12-07 07:18:05.500411,2009-12-07 07:19:01.065102,2009-12-07 07:18:20.057568,2009-12-07 07:19:01.065102,,2009-12-07 07:18:09.040728,2009-12-07 07:18:59.511300,2009-12-07 07:19:00.690000
fff904f6c9267295dd13a8197e65d8683efe151a,21b955e418f741b067688bc141261d7cd8d59973,CAD,failed,v3,canceled,authorizing,64c370a753b1db282770cdbf2aba5434a3185b3d,vertical 2,type 8,31.49,9e2b06736b477b7a924f60de14a7e329d82d6f4f,2009-09-14 14:29:34.002952,2009-09-14 14:32:03.327323,,,2009-09-14 14:32:03.327323,2009-09-14 14:29:35.125730,,
ac09d39b91bca1108e2d6d5941a145572b5d5f51,6cd7d8d37b110668afdca42fc0e1d366b322783e,CAD,failed,v3,expired,initiated,f66f2f438fc87dd7deff8e022a67cc5d71aa6968,vertical 2,type 8,11.06,9e2b06736b477b7a924f60de14a7e329d82d6f4f,2010-02-02 21:36:07.052681,2010-02-02 21:51:07.143574,2010-02-02 21:36:32.043552,,2010-02-02 21:51:07.143574,2010-02-02 21:36:10.940576,,
11b2eab18e54d019ff62c62809844df46f67c88c,b5ab8f51d35b64af079485e5bbbc335213f3a0ae,CAD,Executed,v3,,,64c370a753b1db282770cdbf2aba5434a3185b3d,vertical 2,type 8,5.72,9e2b06736b477b7a924f60de14a7e329d82d6f4f,2009-07-28 07:05:04.150052,2009-07-28 07:05:36.972835,2009-07-28 07:05:10.188235,2009-07-28 07:05:34.802690,,2009-07-28 07:05:04.951860,2009-07-28 07:05:32.988425,2009-07-28 07:05:36.972835
0fa458dc3ffa0d41b624a63c7dad69c11f49ca0b,e8085010136a26d0ebc200ac0751b1d9d673a764,CAD,Executed,v3,,,f66f2f438fc87dd7deff8e022a67cc5d71aa6968,vertical 2,type 8,2.9,9e2b06736b477b7a924f60de14a7e329d82d6f4f,2009-08-29 17:35:31.591218,2009-08-29 17:37:26.990168,2009-08-29 17:35:46.091909,2009-08-29 17:37:26.990168,,2009-08-29 17:35:32.475398,2009-08-29 17:37:23.314041,2009-08-29 17:37:26.990168
11aaacf890a02f66b37fd0ee6a591d976d3afd1e,b5ab8f51d35b64af079485e5bbbc335213f3a0ae,CAD,Executed,v3,,,f66f2f438fc87dd7deff8e022a67cc5d71aa6968,vertical 2,type 8,0.5,9e2b06736b477b7a924f60de14a7e329d82d6f4f,2009-10-18 10:09:11.093337,2009-10-18 10:09:32.160237,2009-10-18 10:09:15.538803,2009-10-18 10:09:32.065545,,2009-10-18 10:09:11.534363,2009-10-18 10:09:30.289019,2009-10-18 10:09:32.160237
7eb10cdc19599593cab7cc1f9b345711ecd4716d,e8085010136a26d0ebc200ac0751b1d9d673a764,CAD,Executed,v3,,,f66f2f438fc87dd7deff8e022a67cc5d71aa6968,vertical 2,type 8,1.5,9e2b06736b477b7a924f60de14a7e329d82d6f4f,2009-06-24 11:34:29.628958,2009-06-24 11:35:17.478717,2009-06-24 11:34:54.673591,2009-06-24 11:35:15.593398,,2009-06-24 11:34:31.289746,2009-06-24 11:35:13.052140,2009-06-24 11:35:17.478717
9c5930190953ef70ff9fc0b029407a288317e65b,b5ab8f51d35b64af079485e5bbbc335213f3a0ae,CAD,Executed,v3,,,f66f2f438fc87dd7deff8e022a67cc5d71aa6968,vertical 2,type 8,0.79,9e2b06736b477b7a924f60de14a7e329d82d6f4f,2009-06-24 13:21:14.163602,2009-06-24 13:21:57.319495,2009-06-24 13:21:23.827466,2009-06-24 13:21:57.319495,,2009-06-24 13:21:16.162618,2009-06-24 13:21:55.595846,2009-06-24 13:21:57.319495
c2906587fc432e07c3db19dfe4e63f219bcc9a66,b5ab8f51d35b64af079485e5bbbc335213f3a0ae,CAD,failed,v3,expired,initiated,f66f2f438fc87dd7deff8e022a67cc5d71aa6968,vertical 2,type 8,0.61,9e2b06736b477b7a924f60de14a7e329d82d6f4f,2009-06-22 02:34:58.827866,2009-06-22 02:49:58.855303,2009-06-22 02:35:02.930456,,2009-06-22 02:49:58.855303,2009-06-22 02:34:59.114140,,
6d27ba45eddfc823b8462b693d2bd1cac862e6c5,b5ab8f51d35b64af079485e5bbbc335213f3a0ae,CAD,Executed,v3,,,64c370a753b1db282770cdbf2aba5434a3185b3d,vertical 2,type 8,0.5,9e2b06736b477b7a924f60de14a7e329d82d6f4f,2009-12-13 09:14:57.469167,2009-12-13 09:15:23.907000,2009-12-13 09:15:00.478262,2009-12-13 09:15:23.907000,,2009-12-13 09:14:57.954345,2009-12-13 09:15:22.808260,2009-12-13 09:15:23.907000
1ad73b6567f08cd8d584f9248e01b14b264f2694,b5ab8f51d35b64af079485e5bbbc335213f3a0ae,CAD,Executed,v3,,,64c370a753b1db282770cdbf2aba5434a3185b3d,vertical 2,type 8,17.26,9e2b06736b477b7a924f60de14a7e329d82d6f4f,2009-09-26 06:59:19.272143,2009-09-26 06:59:51.125350,2009-09-26 06:59:22.588289,2009-09-26 06:59:51.125350,,2009-09-26 06:59:19.546268,2009-09-26 06:59:49.626380,2009-09-26 06:59:51.125350
43f8b5afcf9121798125a3156d3f27fd86a41981,b5ab8f51d35b64af079485e5bbbc335213f3a0ae,CAD,Executed,v3,,,f66f2f438fc87dd7deff8e022a67cc5d71aa6968,vertical 2,type 8,5.04,9e2b06736b477b7a924f60de14a7e329d82d6f4f,2009-07-16 11:08:31.838760,2009-07-16 11:09:07.736886,2009-07-16 11:08:37.851821,2009-07-16 11:09:07.405076,,2009-07-16 11:08:32.947936,2009-07-16 11:09:05.459974,2009-07-16 11:09:07.736886
859d63988b6d6493105cf9b0575e217f7f196e4f,660054a4565377c6e43ff7709abf56d8494ba604,CAD,Executed,v3,,,5300313e698b5062bfe820f7efc7571699b4bb4c,vertical 2,type 8,3.49,9e2b06736b477b7a924f60de14a7e329d82d6f4f,2009-11-19 07:55:12.232127,2009-11-19 07:55:46.216816,2009-11-19 07:55:18.297557,2009-11-19 07:55:46.216816,,2009-11-19 07:55:14.967371,2009-11-19 07:55:44.895447,
5168a730dc910589836ebafe712f3f3275b48400,660054a4565377c6e43ff7709abf56d8494ba604,CAD,Executed,v3,,,5300313e698b5062bfe820f7efc7571699b4bb4c,vertical 2,type 8,3.09,9e2b06736b477b7a924f60de14a7e329d82d6f4f,2009-06-16 12:21:12.546585,2009-06-16 12:21:57.100439,2009-06-16 12:21:19.881353,2009-06-16 12:21:57.100439,,2009-06-16 12:21:15.871820,2009-06-16 12:21:54.514003,
6e2fc8b967fe3bac77e4a21451cf260e54d9132f,660054a4565377c6e43ff7709abf56d8494ba604,CAD,Executed,v3,,,5300313e698b5062bfe820f7efc7571699b4bb4c,vertical 2,type 8,1.46,9e2b06736b477b7a924f60de14a7e329d82d6f4f,2008-06-21 18:24:20.794257,2008-06-21 18:25:09.271222,2008-06-21 18:24:30.036136,2008-06-21 18:25:09.271222,,2008-06-21 18:24:23.938235,2008-06-21 18:25:06.635362,
86d26301900b93090e81a03c5609c755cc4b413e,6926610db1dfc17aca46a6f67789d7d6c24a7185,CAD,Executed,v3,,,5300313e698b5062bfe820f7efc7571699b4bb4c,vertical 2,type 8,5.48,9e2b06736b477b7a924f60de14a7e329d82d6f4f,2008-11-06 21:18:19.339349,2008-11-06 21:19:02.645530,2008-11-06 21:18:24.507768,2008-11-06 21:19:02.645530,,2008-11-06 21:18:21.413107,2008-11-06 21:19:02.626737,
0f338e057145d895709ee7eaacae021beaf845bf,34a0061ba48d1c2810cd930dd69d42482ca92d85,CAD,Executed,v3,,,f66f2f438fc87dd7deff8e022a67cc5d71aa6968,vertical 2,type 8,57.65,9e2b06736b477b7a924f60de14a7e329d82d6f4f,2009-09-30 19:35:19.008701,2009-09-30 19:36:02.060443,2009-09-30 19:35:25.090071,2009-09-30 19:36:01.350585,,2009-09-30 19:35:20.777276,2009-09-30 19:36:00.135201,2009-09-30 19:36:02.060443
48e8bd343c67a6dc32901f5a51471fe3ff7ceca5,e8085010136a26d0ebc200ac0751b1d9d673a764,CAD,Executed,v3,,,d292da2283043c07accb1086a004caaf05472d44,vertical 5,type 8,2.0,9e2b06736b477b7a924f60de14a7e329d82d6f4f,2009-07-09 02:27:09.406981,2009-07-09 02:28:12.258849,2009-07-09 02:27:19.700905,2009-07-09 02:28:11.997912,,2009-07-09 02:27:13.325703,2009-07-09 02:28:09.341559,2009-07-09 02:28:12.258849
2ec72077cf232b83e202b331f3e581ffa8425e49,6926610db1dfc17aca46a6f67789d7d6c24a7185,CAD,Executed,v3,,,d292da2283043c07accb1086a004caaf05472d44,vertical 5,type 8,2.0,9e2b06736b477b7a924f60de14a7e329d82d6f4f,2009-07-29 22:26:28.153991,2009-07-29 22:27:19.201889,2009-07-29 22:26:38.033284,2009-07-29 22:27:17.689918,,2009-07-29 22:26:32.859812,2009-07-29 22:27:15.840522,2009-07-29 22:27:19.201889
d56d87695a0858bef966ede123ff607f3416f948,34a0061ba48d1c2810cd930dd69d42482ca92d85,CAD,Executed,v3,,,f66f2f438fc87dd7deff8e022a67cc5d71aa6968,vertical 2,type 8,103.5,9e2b06736b477b7a924f60de14a7e329d82d6f4f,2009-08-15 17:29:23.259802,2009-08-15 17:30:05.122972,2009-08-15 17:29:33.382557,2009-08-15 17:30:04.595282,,2009-08-15 17:29:23.700577,2009-08-15 17:30:03.289920,2009-08-15 17:30:05.122972
5a2f1909c48a52e3c5bf757bc919a9c306d1f3cb,fa485aff3f9e34d55d25f78856d4a2526a5f8e6f,CAD,Executed,v3,,,f66f2f438fc87dd7deff8e022a67cc5d71aa6968,vertical 2,type 8,11.0,9e2b06736b477b7a924f60de14a7e329d82d6f4f,2009-07-27 22:12:51.210499,2009-07-27 22:13:18.709737,2009-07-27 22:13:00.227146,2009-07-27 22:13:18.709737,,2009-07-27 22:12:52.275474,2009-07-27 22:13:15.633267,2009-07-27 22:13:18.709737
dfd899c65496a402554203b4d14e76050722b62f,660054a4565377c6e43ff7709abf56d8494ba604,CAD,Executed,v3,,,64c370a753b1db282770cdbf2aba5434a3185b3d,vertical 2,type 8,2.0,9e2b06736b477b7a924f60de14a7e329d82d6f4f,2009-09-06 22:49:34.457827,2009-09-06 22:50:06.429751,2009-09-06 22:49:42.857754,2009-09-06 22:50:06.429751,,2009-09-06 22:49:35.321203,2009-09-06 22:50:04.466927,2009-09-06 22:50:06.429751
4979b68ffba197ecec055f60a0a933c34eaa3188,b7308502f039e303a048625c725d4aea3380c2ac,CAD,Executed,v3,,,f66f2f438fc87dd7deff8e022a67cc5d71aa6968,vertical 2,type 8,10.11,9e2b06736b477b7a924f60de14a7e329d82d6f4f,2010-01-15 07:29:27.756653,2010-01-15 07:29:56.193000,2010-01-15 07:29:40.807546,2010-01-15 07:29:56.193000,,2010-01-15 07:29:30.794963,2010-01-15 07:29:54.698715,2010-01-15 07:29:56.193000
a3cbe84115876c6b06f957c04d2a08c552a9fc71,6926610db1dfc17aca46a6f67789d7d6c24a7185,CAD,Executed,v3,,,64c370a753b1db282770cdbf2aba5434a3185b3d,vertical 2,type 8,1.54,9e2b06736b477b7a924f60de14a7e329d82d6f4f,2009-08-08 20:47:25.956276,2009-08-08 20:48:10.384939,2009-08-08 20:47:32.861886,2009-08-08 20:48:06.239274,,2009-08-08 20:47:26.938728,2009-08-08 20:48:04.444320,2009-08-08 20:48:10.384939
97f0c130f544eee7454922611a35f472daaa02c0,6cd7d8d37b110668afdca42fc0e1d366b322783e,CAD,Executed,v3,,,64c370a753b1db282770cdbf2aba5434a3185b3d,vertical 2,type 8,3.36,9e2b06736b477b7a924f60de14a7e329d82d6f4f,2009-12-03 09:43:13.107718,2009-12-03 09:44:08.920948,2009-12-03 09:43:23.547977,2009-12-03 09:44:08.920948,,2009-12-03 09:43:18.996669,2009-12-03 09:44:07.369715,2009-12-03 09:44:08.590000
176462496ceef88d25e1b3f70bc9fb442ef7646d,6cd7d8d37b110668afdca42fc0e1d366b322783e,CAD,Executed,v3,,,5300313e698b5062bfe820f7efc7571699b4bb4c,vertical 2,type 8,10.59,9e2b06736b477b7a924f60de14a7e329d82d6f4f,2008-09-04 10:15:22.057942,2008-09-04 10:16:23.331018,2008-09-04 10:15:48.163931,2008-09-04 10:16:23.331018,,2008-09-04 10:15:24.352012,2008-09-04 10:16:22.450879,
eb215f783a15d076bea6148d02bc44e35f3cb5d0,0090e57640ed78b0c16ac4606a6773769545bb17,CAD,Executed,v3,,,5300313e698b5062bfe820f7efc7571699b4bb4c,vertical 2,type 8,0.5,9e2b06736b477b7a924f60de14a7e329d82d6f4f,2008-11-15 20:49:27.405786,2008-11-15 20:50:22.743497,2008-11-15 20:49:36.293913,2008-11-15 20:50:22.743497,,2008-11-15 20:49:29.513031,2008-11-15 20:50:17.841984,
a218798cff85a9ac0e7c55f937e9acf549513ac5,b5ab8f51d35b64af079485e5bbbc335213f3a0ae,CAD,Executed,v3,,,f66f2f438fc87dd7deff8e022a67cc5d71aa6968,vertical 2,type 8,0.85,9e2b06736b477b7a924f60de14a7e329d82d6f4f,2009-08-20 13:50:46.973437,2009-08-20 13:51:16.418412,2009-08-20 13:50:54.661910,2009-08-20 13:51:16.361902,,2009-08-20 13:50:47.380244,2009-08-20 13:51:14.674189,2009-08-20 13:51:16.418412
9d4e4916c54c0da9f53520f1ec5ab6df805431e0,e67095adf654ddc631bcfd3f7aa3c7e43424ce0f,CAD,Executed,v3,,,64c370a753b1db282770cdbf2aba5434a3185b3d,vertical 2,type 8,80.06,9e2b06736b477b7a924f60de14a7e329d82d6f4f,2009-10-08 08:36:56.670284,2009-10-08 08:37:47.502919,2009-10-08 08:37:06.571547,2009-10-08 08:37:47.030097,,2009-10-08 08:36:57.046068,2009-10-08 08:37:45.842043,2009-10-08 08:37:47.502919
d49dd64d907ad41e62495706f7e05ebda7c27053,0090e57640ed78b0c16ac4606a6773769545bb17,CAD,Executed,v3,,,64c370a753b1db282770cdbf2aba5434a3185b3d,vertical 2,type 8,8.0,9e2b06736b477b7a924f60de14a7e329d82d6f4f,2010-02-04 05:57:22.174817,2010-02-04 05:58:16.977000,2010-02-04 05:57:32.632639,2010-02-04 05:58:16.977000,,2010-02-04 05:57:22.721373,2010-02-04 05:58:16.334305,2010-02-04 05:58:16.977000
996721c29746f046bce756571b61f752ac449d2b,b5ab8f51d35b64af079485e5bbbc335213f3a0ae,CAD,Executed,v3,,,64c370a753b1db282770cdbf2aba5434a3185b3d,vertical 2,type 8,2.97,9e2b06736b477b7a924f60de14a7e329d82d6f4f,2009-12-20 08:46:30.802748,2009-12-20 08:47:15.830000,2009-12-20 08:46:38.465737,2009-12-20 08:47:15.431702,,2009-12-20 08:46:33.996983,2009-12-20 08:47:13.720977,2009-12-20 08:47:15.830000
b8cd9d3b28d45b581c9d7606e4925a3e59948828,6926610db1dfc17aca46a6f67789d7d6c24a7185,CAD,Executed,v3,,,64c370a753b1db282770cdbf2aba5434a3185b3d,vertical 2,type 8,0.18,9e2b06736b477b7a924f60de14a7e329d82d6f4f,2010-01-29 14:07:25.118074,2010-01-29 14:08:04.453000,2010-01-29 14:07:29.787719,2010-01-29 14:08:04.059603,,2010-01-29 14:07:25.598203,2010-01-29 14:08:01.021416,2010-01-29 14:08:04.453000
253509dbd7eca8572cac0c5576d2d586e5b239f1,0090e57640ed78b0c16ac4606a6773769545bb17,CAD,Executed,v3,,,5300313e698b5062bfe820f7efc7571699b4bb4c,vertical 2,type 8,6.7,9e2b06736b477b7a924f60de14a7e329d82d6f4f,2009-02-19 22:55:24.606731,2009-02-19 22:57:53.533408,2009-02-19 22:55:32.061586,2009-02-19 22:57:53.533408,,2009-02-19 22:55:27.250648,2009-02-19 22:57:49.992653,
2bae1ea65b4c478345e30c43220a87a14f050af3,30f7c597c23522d4038935c6491bb91e74647c22,USD,failed,v3,provider_expired,initiated,6b9aa19c38a47a7d809eb3203685aaf80e25e9d6,vertical 2,type 1,150.0,f69ad584c025f9b756ce1e8c70de3a33aef50b32,2009-12-26 15:06:48.572902,2009-12-26 16:07:13.307743,2009-12-26 15:07:02.141820,,2009-12-26 16:07:13.307743,2009-12-26 15:06:51.616209,,
c7f40e7f22c762abce4e5b2150728bef366827f2,b5ab8f51d35b64af079485e5bbbc335213f3a0ae,CAD,Executed,v3,,,5300313e698b5062bfe820f7efc7571699b4bb4c,vertical 2,type 8,5.0,9e2b06736b477b7a924f60de14a7e329d82d6f4f,2009-04-24 22:53:11.893027,2009-04-24 22:54:03.285682,2009-04-24 22:53:24.359975,2009-04-24 22:54:03.285682,,2009-04-24 22:53:14.120120,2009-04-24 22:53:59.928342,
182786a666b2ee6b2c12e96ea8f9cc7dca31c4ef,6cd7d8d37b110668afdca42fc0e1d366b322783e,CAD,Executed,v3,,,5300313e698b5062bfe820f7efc7571699b4bb4c,vertical 2,type 8,1.31,9e2b06736b477b7a924f60de14a7e329d82d6f4f,2009-02-27 12:00:07.705306,2009-02-27 12:01:05.222286,2009-02-27 12:00:18.538581,2009-02-27 12:01:05.222286,,2009-02-27 12:00:10.891006,2009-02-27 12:01:05.219102,
040c23b6a46c9057deca853881bcd158e5e486d3,fa485aff3f9e34d55d25f78856d4a2526a5f8e6f,CAD,Executed,v3,,,1911acfcfdc29f5349706da6c1494009e7125da0,vertical 5,type 8,20.0,9e2b06736b477b7a924f60de14a7e329d82d6f4f,2010-02-05 21:38:35.818093,2010-02-05 21:38:48.157000,2010-02-05 21:38:39.076724,2010-02-05 21:38:48.157000,,2010-02-05 21:38:37.578419,2010-02-05 21:38:46.395843,2010-02-05 21:38:48.157000
0189975131c14c04a1ea229fedf04728a1f4b98e,0090e57640ed78b0c16ac4606a6773769545bb17,CAD,Executed,v3,,,5300313e698b5062bfe820f7efc7571699b4bb4c,vertical 2,type 8,8.44,9e2b06736b477b7a924f60de14a7e329d82d6f4f,2008-12-28 05:05:16.055575,2008-12-28 05:06:23.080267,2008-12-28 05:05:23.852969,2008-12-28 05:06:23.080267,,2008-12-28 05:05:18.605619,2008-12-28 05:06:18.830100,
95e2c80eb782fd98d6ea2d2000a8a8d4a572f1c9,3674b4d292131698ba6c946dda67a8fd8b63f12a,CAD,Executed,v3,,,f66f2f438fc87dd7deff8e022a67cc5d71aa6968,vertical 2,type 8,10.68,9e2b06736b477b7a924f60de14a7e329d82d6f4f,2009-10-29 13:45:16.375124,2009-10-29 13:46:00.591114,2009-10-29 13:45:28.098418,2009-10-29 13:46:00.591114,,2009-10-29 13:45:18.019680,2009-10-29 13:45:59.329053,2009-10-29 13:46:00.591114
bb48a2631530729dcc5d45ff414584294ccd3e9d,b5ab8f51d35b64af079485e5bbbc335213f3a0ae,CAD,Executed,v3,,,64c370a753b1db282770cdbf2aba5434a3185b3d,vertical 2,type 8,14.0,9e2b06736b477b7a924f60de14a7e329d82d6f4f,2010-01-09 05:20:43.867297,2010-01-09 05:21:15.577000,2010-01-09 05:20:53.461080,2010-01-09 05:21:15.428395,,2010-01-09 05:20:47.956357,2010-01-09 05:21:13.908418,2010-01-09 05:21:15.577000
ca1ec99bf0d4daed74b01c2ffd963544b21b328c,4d762ce64874cd49be593313e92a1e61cf74417e,CAD,failed,v3,expired,initiated,f66f2f438fc87dd7deff8e022a67cc5d71aa6968,vertical 2,type 8,2.17,9e2b06736b477b7a924f60de14a7e329d82d6f4f,2009-09-08 13:37:47.205777,2009-09-08 13:52:47.359917,2009-09-08 13:37:55.423060,,2009-09-08 13:52:47.359917,2009-09-08 13:37:48.422048,,
168d80b8fc39fc8666b6cfecc800e4cac0babe6c,34a0061ba48d1c2810cd930dd69d42482ca92d85,CAD,failed,v3,expired,initiated,f66f2f438fc87dd7deff8e022a67cc5d71aa6968,vertical 2,type 8,90.21,9e2b06736b477b7a924f60de14a7e329d82d6f4f,2010-01-23 06:39:54.045750,2010-01-23 06:54:54.291961,2010-01-23 06:40:19.630161,,2010-01-23 06:54:54.291961,2010-01-23 06:39:57.472661,,
9ed48bb900c348c55f837d76f49326ef5c56c7b2,fa485aff3f9e34d55d25f78856d4a2526a5f8e6f,CAD,failed,v3,canceled,authorizing,01e10adf72398bdf40b668926be2809ccf68b4dd,vertical 2,type 8,4.9,9e2b06736b477b7a924f60de14a7e329d82d6f4f,2009-01-22 17:31:48.285083,2009-01-22 17:32:07.520533,,,2009-01-22 17:32:07.520533,2009-01-22 17:31:50.478636,,
4dbbde107c0459a8dec2f62957cbc31512fb747a,0c13594466c8f4c9996801c4cc3f822975978c2d,USD,Executed,v3,,,6b9aa19c38a47a7d809eb3203685aaf80e25e9d6,vertical 2,type 3,20.0,f69ad584c025f9b756ce1e8c70de3a33aef50b32,2010-01-10 13:43:30.943311,2010-01-10 13:43:52.235963,2010-01-10 13:43:36.638514,2010-01-10 13:43:52.235963,,2010-01-10 13:43:34.367516,2010-01-10 13:43:49.482102,2010-01-10 13:43:52.000000
ccfa2bc74c08825f8d6168fc91df49a91a0924b6,b5ab8f51d35b64af079485e5bbbc335213f3a0ae,CAD,Executed,v3,,,5300313e698b5062bfe820f7efc7571699b4bb4c,vertical 2,type 8,9.6,9e2b06736b477b7a924f60de14a7e329d82d6f4f,2008-12-06 08:21:19.368081,2008-12-06 08:22:18.422569,2008-12-06 08:21:43.136553,2008-12-06 08:22:18.422569,,2008-12-06 08:21:22.888996,2008-12-06 08:22:16.193986,
1895619d2cd92a9f36d017798a904183b5243965,34a0061ba48d1c2810cd930dd69d42482ca92d85,CAD,Executed,v3,,,01e10adf72398bdf40b668926be2809ccf68b4dd,vertical 2,type 8,901.02,9e2b06736b477b7a924f60de14a7e329d82d6f4f,2008-09-02 09:29:34.223552,2008-09-02 09:30:17.000339,2008-09-02 09:29:44.334508,2008-09-02 09:30:17.000339,,2008-09-02 09:29:35.348514,2008-09-02 09:30:14.253100,
3b38d75e791ec99c758d69aaac658d31e851c9bf,eb1c4738ae6ac9c907a46a541af2d02d6be2f05b,CAD,failed,v3,expired,initiated,01e10adf72398bdf40b668926be2809ccf68b4dd,vertical 2,type 8,30.9,9e2b06736b477b7a924f60de14a7e329d82d6f4f,2009-05-23 18:46:20.534796,2009-05-23 19:01:20.647693,2009-05-23 18:46:27.301902,,2009-05-23 19:01:20.647693,2009-05-23 18:46:21.025901,,
11010bf88133d562f06bb3bd0a3779cd2b8a0f11,0c13594466c8f4c9996801c4cc3f822975978c2d,USD,initiated,v3,,,6b9aa19c38a47a7d809eb3203685aaf80e25e9d6,vertical 2,type 3,0.5,f69ad584c025f9b756ce1e8c70de3a33aef50b32,2010-01-09 13:55:18.250114,2010-01-09 13:55:24.529344,2010-01-09 13:55:24.529344,,,2010-01-09 13:55:21.950903,,
438364260fbf118d037560cf76eeeee472fbe6e9,f4203d6b7658cb7252d6afdf95a6b692e93c2f7b,CAD,Executed,v3,,,5300313e698b5062bfe820f7efc7571699b4bb4c,vertical 2,type 8,5.25,9e2b06736b477b7a924f60de14a7e329d82d6f4f,2009-01-16 12:39:29.900237,2009-01-16 12:39:58.696281,2009-01-16 12:39:34.905196,2009-01-16 12:39:58.696281,,2009-01-16 12:39:31.330196,2009-01-16 12:39:56.175291,
e2a3bd1634ec0f50782e8b56d41b28772bd8a907,6cd7d8d37b110668afdca42fc0e1d366b322783e,CAD,Executed,v3,,,64c370a753b1db282770cdbf2aba5434a3185b3d,vertical 2,type 8,85.74,9e2b06736b477b7a924f60de14a7e329d82d6f4f,2010-01-28 19:04:22.851673,2010-01-28 19:05:08.001710,2010-01-28 19:04:36.724477,2010-01-28 19:05:08.001710,,2010-01-28 19:04:26.449862,2010-01-28 19:05:06.471637,2010-01-28 19:05:07.520000
a1dc1fec0c07dc5aba6bc3c11000972090a9fc6d,4d762ce64874cd49be593313e92a1e61cf74417e,CAD,failed,v3,expired,initiated,f66f2f438fc87dd7deff8e022a67cc5d71aa6968,vertical 2,type 8,10.07,9e2b06736b477b7a924f60de14a7e329d82d6f4f,2009-08-27 18:45:09.591620,2009-08-27 19:00:09.756995,2009-08-27 18:45:16.389147,,2009-08-27 19:00:09.756995,2009-08-27 18:45:11.107329,,
0abee8b474cc37751d4052239aa32d03ab11c761,b5ab8f51d35b64af079485e5bbbc335213f3a0ae,CAD,Executed,v3,,,64c370a753b1db282770cdbf2aba5434a3185b3d,vertical 2,type 8,1.62,9e2b06736b477b7a924f60de14a7e329d82d6f4f,2010-01-14 07:58:02.119778,2010-01-14 07:58:31.203000,2010-01-14 07:58:05.162589,2010-01-14 07:58:31.118944,,2010-01-14 07:58:02.494470,2010-01-14 07:58:29.497015,2010-01-14 07:58:31.203000
dd141d47c0a6f06716c431f02992b060e64b6c20,4d762ce64874cd49be593313e92a1e61cf74417e,CAD,Executed,v3,,,f66f2f438fc87dd7deff8e022a67cc5d71aa6968,vertical 2,type 8,146.84,9e2b06736b477b7a924f60de14a7e329d82d6f4f,2009-08-07 15:21:46.415140,2009-08-07 15:22:22.992614,2009-08-07 15:21:56.850239,2009-08-07 15:22:20.335092,,2009-08-07 15:21:47.524410,2009-08-07 15:22:20.123599,2009-08-07 15:22:22.992614
a9fa6e2e2ce37149011d3ae94645032d037547a7,6926610db1dfc17aca46a6f67789d7d6c24a7185,CAD,Executed,v3,,,64c370a753b1db282770cdbf2aba5434a3185b3d,vertical 2,type 8,3.5,9e2b06736b477b7a924f60de14a7e329d82d6f4f,2009-08-26 13:19:24.620424,2009-08-26 13:20:09.285219,2009-08-26 13:19:30.640607,2009-08-26 13:20:09.285219,,2009-08-26 13:19:26.215049,2009-08-26 13:20:08.588731,2009-08-26 13:20:09.285219
f46af4dd68d7a4439655613857c03338e4577b75,b7308502f039e303a048625c725d4aea3380c2ac,CAD,Executed,v3,,,5300313e698b5062bfe820f7efc7571699b4bb4c,vertical 2,type 8,8.36,9e2b06736b477b7a924f60de14a7e329d82d6f4f,2009-06-30 06:23:10.448332,2009-06-30 06:23:31.568049,2009-06-30 06:23:16.980419,2009-06-30 06:23:31.568049,,2009-06-30 06:23:11.564168,2009-06-30 06:23:28.900154,
598323eab842e5452e6b98c3897833f3adc61264,6926610db1dfc17aca46a6f67789d7d6c24a7185,CAD,Executed,v3,,,5300313e698b5062bfe820f7efc7571699b4bb4c,vertical 2,type 8,15.0,9e2b06736b477b7a924f60de14a7e329d82d6f4f,2009-09-02 14:23:10.859156,2009-09-02 14:24:25.710883,2009-09-02 14:23:17.407546,2009-09-02 14:24:25.710883,,2009-09-02 14:23:12.870759,2009-09-02 14:24:24.066182,
0f99a4bc861582c0e253dafe40f82d052fddbfca,6cd7d8d37b110668afdca42fc0e1d366b322783e,CAD,failed,v3,expired,initiated,64c370a753b1db282770cdbf2aba5434a3185b3d,vertical 2,type 8,48.0,9e2b06736b477b7a924f60de14a7e329d82d6f4f,2009-11-24 20:17:18.802452,2009-11-24 20:32:19.010969,2009-11-24 20:17:33.170625,,2009-11-24 20:32:19.010969,2009-11-24 20:17:19.191813,,
2d9c3060529566a198834f6beb37b9c21d0e93cb,b5ab8f51d35b64af079485e5bbbc335213f3a0ae,CAD,Executed,v3,,,f66f2f438fc87dd7deff8e022a67cc5d71aa6968,vertical 2,type 8,2.0,9e2b06736b477b7a924f60de14a7e329d82d6f4f,2009-10-03 07:13:47.850924,2009-10-03 07:14:19.587796,2009-10-03 07:13:54.944329,2009-10-03 07:14:19.395165,,2009-10-03 07:13:48.491394,2009-10-03 07:14:17.889676,2009-10-03 07:14:19.587796
6e896b75a8cf5a192fdeb0c15e72f580fd5c6813,e8085010136a26d0ebc200ac0751b1d9d673a764,CAD,Executed,v3,,,134be5823bcfd7214cd8cf7b4f431eeb912e10ab,vertical 2,type 8,110.0,9e2b06736b477b7a924f60de14a7e329d82d6f4f,2009-04-28 16:25:26.055571,2009-04-28 16:27:00.447773,2009-04-28 16:25:41.942643,2009-04-28 16:27:00.447773,,2009-04-28 16:25:27.668132,2009-04-28 16:26:57.992724,
bcaef76e500769febee6c37cb22d88e2cf7e4a68,6cd7d8d37b110668afdca42fc0e1d366b322783e,CAD,Executed,v3,,,64c370a753b1db282770cdbf2aba5434a3185b3d,vertical 2,type 8,10.0,9e2b06736b477b7a924f60de14a7e329d82d6f4f,2010-02-04 05:48:23.398122,2010-02-04 05:48:50.362237,2010-02-04 05:48:27.904389,2010-02-04 05:48:50.362237,,2010-02-04 05:48:23.888264,2010-02-04 05:48:48.988784,2010-02-04 05:48:50.293000
d46b334e1838ec96cfcf3c42cdd6c3e872d47f97,6926610db1dfc17aca46a6f67789d7d6c24a7185,CAD,failed,v3,user_canceled_at_provider,initiated,1911acfcfdc29f5349706da6c1494009e7125da0,vertical 5,type 8,0.8,9e2b06736b477b7a924f60de14a7e329d82d6f4f,2010-02-01 00:23:09.545889,2010-02-01 00:24:41.385749,2010-02-01 00:23:25.826231,,2010-02-01 00:24:41.385749,2010-02-01 00:23:16.145579,,
44ca5599dc080c4711e8f086d41fa69940d4ef3e,e8085010136a26d0ebc200ac0751b1d9d673a764,CAD,Executed,v3,,,1911acfcfdc29f5349706da6c1494009e7125da0,vertical 5,type 8,1.0,9e2b06736b477b7a924f60de14a7e329d82d6f4f,2010-01-17 00:17:39.832030,2010-01-17 00:19:29.097000,2010-01-17 00:17:57.270989,2010-01-17 00:19:28.291005,,2010-01-17 00:17:48.846706,2010-01-17 00:19:24.238184,2010-01-17 00:19:29.097000
d48dd0abd2f275f1ec92272635ee77b2a302232b,fa485aff3f9e34d55d25f78856d4a2526a5f8e6f,CAD,Executed,v3,,,01e10adf72398bdf40b668926be2809ccf68b4dd,vertical 2,type 8,20.05,9e2b06736b477b7a924f60de14a7e329d82d6f4f,2008-12-19 07:10:42.358594,2008-12-19 07:11:09.843621,2008-12-19 07:10:47.377083,2008-12-19 07:11:09.843621,,2008-12-19 07:10:44.346755,2008-12-19 07:11:07.529935,
c89a590603441374593b488859f78c5d4d47a627,0090e57640ed78b0c16ac4606a6773769545bb17,CAD,Executed,v3,,,01e10adf72398bdf40b668926be2809ccf68b4dd,vertical 2,type 8,99.99,9e2b06736b477b7a924f60de14a7e329d82d6f4f,2009-05-04 12:33:37.402734,2009-05-04 12:34:45.818385,2009-05-04 12:33:48.907645,2009-05-04 12:34:45.818385,,2009-05-04 12:33:38.923917,2009-05-04 12:34:42.250384,
759bb18b1106ec09fc63a1b56aed7526f500bf50,6926610db1dfc17aca46a6f67789d7d6c24a7185,CAD,Executed,v3,,,f66f2f438fc87dd7deff8e022a67cc5d71aa6968,vertical 2,type 8,4.42,9e2b06736b477b7a924f60de14a7e329d82d6f4f,2010-01-15 06:04:02.798570,2010-01-15 06:04:34.366646,2010-01-15 06:04:07.331153,2010-01-15 06:04:34.366646,,2010-01-15 06:04:03.323043,2010-01-15 06:04:32.775353,2010-01-15 06:04:34.103000
950eb8b2f0ae804552754fcff5524db697d80944,660054a4565377c6e43ff7709abf56d8494ba604,CAD,failed,v3,not_authorized,authorizing,02abfe216906d699a48d39d56b71327b294027cb,vertical 2,type 8,102.5,9e2b06736b477b7a924f60de14a7e329d82d6f4f,2008-07-15 21:09:28.329222,2008-07-15 21:11:49.445357,2008-07-15 21:09:36.004351,,2008-07-15 21:11:49.445357,2008-07-15 21:09:30.461383,,
197fd9a7a152c97cc23004e4805bfd4ce7b27f1a,b5ab8f51d35b64af079485e5bbbc335213f3a0ae,CAD,Executed,v3,,,d292da2283043c07accb1086a004caaf05472d44,vertical 5,type 8,3.0,9e2b06736b477b7a924f60de14a7e329d82d6f4f,2008-06-03 11:07:30.517645,2008-06-03 11:08:43.775933,2008-06-03 11:07:36.245781,2008-06-03 11:08:43.737770,,2008-06-03 11:07:33.959906,2008-06-03 11:08:40.754012,2008-06-03 11:08:43.775933
6489813a1f6d9ddb19b0b8ff8c0370f9367554e8,6926610db1dfc17aca46a6f67789d7d6c24a7185,CAD,failed,v3,canceled,initiated,5300313e698b5062bfe820f7efc7571699b4bb4c,vertical 2,type 8,0.65,9e2b06736b477b7a924f60de14a7e329d82d6f4f,2009-03-25 17:53:34.851653,2009-03-25 17:55:07.206047,2009-03-25 17:53:48.611486,,2009-03-25 17:55:07.206047,2009-03-25 17:53:40.745196,,
15fc8c6112b2a5a1d084d13f3ac4d12c3f7f5b4d,f4203d6b7658cb7252d6afdf95a6b692e93c2f7b,CAD,Executed,v3,,,5300313e698b5062bfe820f7efc7571699b4bb4c,vertical 2,type 8,11.88,9e2b06736b477b7a924f60de14a7e329d82d6f4f,2010-01-16 04:51:41.018985,2010-01-16 04:52:08.648239,2010-01-16 04:51:46.833904,2010-01-16 04:52:08.648239,,2010-01-16 04:51:42.977045,2010-01-16 04:52:05.544709,
ebbe3bbafb0e506619d053274d208bf48e2f1c4d,e8085010136a26d0ebc200ac0751b1d9d673a764,CAD,Executed,v3,,,02abfe216906d699a48d39d56b71327b294027cb,vertical 2,type 8,20.0,9e2b06736b477b7a924f60de14a7e329d82d6f4f,2008-09-24 16:27:19.538403,2008-09-24 16:27:49.765410,2008-09-24 16:27:24.897163,2008-09-24 16:27:48.726908,,2008-09-24 16:27:21.255060,2008-09-24 16:27:45.916765,2008-09-24 16:27:49.765410
0c545ad109df59c9b9cf19821803707b2ef35136,660054a4565377c6e43ff7709abf56d8494ba604,CAD,Executed,v3,,,5300313e698b5062bfe820f7efc7571699b4bb4c,vertical 2,type 8,5.48,9e2b06736b477b7a924f60de14a7e329d82d6f4f,2008-11-08 11:04:49.160254,2008-11-08 11:05:38.601811,2008-11-08 11:04:58.738163,2008-11-08 11:05:38.601811,,2008-11-08 11:04:52.327263,2008-11-08 11:05:36.119210,
aabc945fb62bbcb4afb842151e02de54c4c4af56,0090e57640ed78b0c16ac4606a6773769545bb17,CAD,failed,v3,not_authorized,authorizing,01e10adf72398bdf40b668926be2809ccf68b4dd,vertical 2,type 8,440.21,9e2b06736b477b7a924f60de14a7e329d82d6f4f,2008-11-28 02:40:14.570204,2008-11-28 02:41:03.211710,2008-11-28 02:40:20.423129,,2008-11-28 02:41:03.211710,2008-11-28 02:40:15.313520,,
23653791199ad6ca9a24f5111858866db1553493,b5ab8f51d35b64af079485e5bbbc335213f3a0ae,CAD,Executed,v3,,,01e10adf72398bdf40b668926be2809ccf68b4dd,vertical 2,type 8,88.87,9e2b06736b477b7a924f60de14a7e329d82d6f4f,2009-01-04 10:17:14.167234,2009-01-04 10:18:02.239223,2009-01-04 10:17:22.454040,2009-01-04 10:18:02.239223,,2009-01-04 10:17:15.529400,2009-01-04 10:17:58.769102,
c8d91f8fad5ed5c64459105e7f02d28ce4dbc122,b5ab8f51d35b64af079485e5bbbc335213f3a0ae,CAD,failed,v3,expired,authorizing,01e10adf72398bdf40b668926be2809ccf68b4dd,vertical 2,type 8,35.91,9e2b06736b477b7a924f60de14a7e329d82d6f4f,2008-10-13 10:28:12.868165,2008-10-13 10:43:13.083965,2008-10-13 10:28:16.336509,,2008-10-13 10:43:13.083965,2008-10-13 10:28:13.656872,,
63aa39c68a4323b439a4fc298490dadd1a4121b5,6926610db1dfc17aca46a6f67789d7d6c24a7185,CAD,Executed,v3,,,1911acfcfdc29f5349706da6c1494009e7125da0,vertical 5,type 8,1.0,9e2b06736b477b7a924f60de14a7e329d82d6f4f,2010-01-22 13:59:08.566224,2010-01-22 13:59:34.253000,2010-01-22 13:59:11.700840,2010-01-22 13:59:33.959381,,2010-01-22 13:59:10.009492,2010-01-22 13:59:32.614131,2010-01-22 13:59:34.253000
707a8d0503e575c77a57e70f17666d4370042b91,b5ab8f51d35b64af079485e5bbbc335213f3a0ae,CAD,Executed,v3,,,64c370a753b1db282770cdbf2aba5434a3185b3d,vertical 2,type 8,4.0,9e2b06736b477b7a924f60de14a7e329d82d6f4f,2010-01-17 07:09:40.256582,2010-01-17 07:10:09.867000,2010-01-17 07:09:44.453778,2010-01-17 07:10:09.867000,,2010-01-17 07:09:40.879274,2010-01-17 07:10:07.928236,2010-01-17 07:10:09.867000
615ff514ec7203a3cb505e8f1bb8a9c61d4caa1e,660054a4565377c6e43ff7709abf56d8494ba604,CAD,Executed,v3,,,5300313e698b5062bfe820f7efc7571699b4bb4c,vertical 2,type 8,3.8,9e2b06736b477b7a924f60de14a7e329d82d6f4f,2009-06-11 09:39:55.441713,2009-06-11 09:41:45.727576,2009-06-11 09:40:44.497338,2009-06-11 09:41:45.727576,,2009-06-11 09:39:57.486942,2009-06-11 09:41:42.746723,
0a6356c557ff63a767363282602321a7029650b7,fa485aff3f9e34d55d25f78856d4a2526a5f8e6f,CAD,Executed,v3,,,5300313e698b5062bfe820f7efc7571699b4bb4c,vertical 2,type 8,20.0,9e2b06736b477b7a924f60de14a7e329d82d6f4f,2009-03-12 08:52:40.105401,2009-03-12 08:53:02.083768,2009-03-12 08:52:46.573465,2009-03-12 08:53:02.083768,,2009-03-12 08:52:42.856806,2009-03-12 08:52:59.319873,
96fd2e4c518507a7cb39dd80cc6abad959a3a846,6cd7d8d37b110668afdca42fc0e1d366b322783e,CAD,Executed,v3,,,f66f2f438fc87dd7deff8e022a67cc5d71aa6968,vertical 2,type 8,180.24,9e2b06736b477b7a924f60de14a7e329d82d6f4f,2010-01-23 06:20:06.192547,2010-01-23 06:20:39.790000,2010-01-23 06:20:12.921442,2010-01-23 06:20:39.790000,,2010-01-23 06:20:09.402304,2010-01-23 06:20:37.330304,2010-01-23 06:20:39.790000
021da0b0d4185ab8b6a215493b2379250d3b003a,fa485aff3f9e34d55d25f78856d4a2526a5f8e6f,CAD,Executed,v3,,,f66f2f438fc87dd7deff8e022a67cc5d71aa6968,vertical 2,type 8,1.0,9e2b06736b477b7a924f60de14a7e329d82d6f4f,2009-11-09 09:39:23.791748,2009-11-09 09:39:39.717000,2009-11-09 09:39:29.533505,2009-11-09 09:39:39.717000,,2009-11-09 09:39:25.318007,2009-11-09 09:39:37.916806,2009-11-09 09:39:39.717000
2ab9e18b418b0a936e876f0b328dac2309fae42e,e8085010136a26d0ebc200ac0751b1d9d673a764,CAD,Executed,v3,,,64c370a753b1db282770cdbf2aba5434a3185b3d,vertical 2,type 8,23.21,9e2b06736b477b7a924f60de14a7e329d82d6f4f,2009-10-15 16:01:07.425917,2009-10-15 16:01:38.924219,2009-10-15 16:01:13.847304,2009-10-15 16:01:36.870673,,2009-10-15 16:01:08.769976,2009-10-15 16:01:32.804369,2009-10-15 16:01:38.924219
311704b46d22f45a6e76e302af2a231912aeaa91,6cd7d8d37b110668afdca42fc0e1d366b322783e,CAD,Executed,v3,,,64c370a753b1db282770cdbf2aba5434a3185b3d,vertical 2,type 8,10.0,9e2b06736b477b7a924f60de14a7e329d82d6f4f,2009-11-21 18:30:22.661610,2009-11-21 18:31:06.863000,2009-11-21 18:30:28.992472,2009-11-21 18:31:04.641057,,2009-11-21 18:30:23.775701,2009-11-21 18:31:03.171316,2009-11-21 18:31:06.863000
0e95eece5ea074e63d144bdbb2075204db485e45,660054a4565377c6e43ff7709abf56d8494ba604,CAD,Executed,v3,,,64c370a753b1db282770cdbf2aba5434a3185b3d,vertical 2,type 8,30.0,9e2b06736b477b7a924f60de14a7e329d82d6f4f,2009-11-28 05:29:08.432388,2009-11-28 05:29:45.257000,2009-11-28 05:29:16.023417,2009-11-28 05:29:45.105532,,2009-11-28 05:29:09.008845,2009-11-28 05:29:40.862575,2009-11-28 05:29:45.257000
9c6f1f9c356be6deb6adb19e31127d7b6d3f443d,6926610db1dfc17aca46a6f67789d7d6c24a7185,CAD,Executed,v3,,,5300313e698b5062bfe820f7efc7571699b4bb4c,vertical 2,type 8,3.16,9e2b06736b477b7a924f60de14a7e329d82d6f4f,2009-05-03 20:17:09.915835,2009-05-03 20:18:00.609925,2009-05-03 20:17:20.498461,2009-05-03 20:18:00.609925,,2009-05-03 20:17:11.704123,2009-05-03 20:17:57.651443,
122c2d1c421ed639b870c5e574a744bc3ccfa230,660054a4565377c6e43ff7709abf56d8494ba604,CAD,Executed,v3,,,5300313e698b5062bfe820f7efc7571699b4bb4c,vertical 2,type 8,38.0,9e2b06736b477b7a924f60de14a7e329d82d6f4f,2009-05-07 00:49:20.003813,2009-05-07 00:50:15.589607,2009-05-07 00:49:28.898372,2009-05-07 00:50:15.589607,,2009-05-07 00:49:23.220258,2009-05-07 00:50:12.901450,
787dddd88fc41dca5909717d25610514a0479177,3674b4d292131698ba6c946dda67a8fd8b63f12a,CAD,Executed,v3,,,64c370a753b1db282770cdbf2aba5434a3185b3d,vertical 2,type 8,30.0,9e2b06736b477b7a924f60de14a7e329d82d6f4f,2009-11-21 06:42:35.895641,2009-11-21 06:43:23.020000,2009-11-21 06:42:42.986177,2009-11-21 06:43:23.020000,,2009-11-21 06:42:36.445692,2009-11-21 06:43:22.123185,2009-11-21 06:43:23.020000
c6f8045c2594b1bad3190ee0e16d2ace840c0f67,f4203d6b7658cb7252d6afdf95a6b692e93c2f7b,CAD,Executed,v3,,,f66f2f438fc87dd7deff8e022a67cc5d71aa6968,vertical 2,type 8,10.0,9e2b06736b477b7a924f60de14a7e329d82d6f4f,2010-01-20 13:34:20.220513,2010-01-20 13:35:00.313000,2010-01-20 13:34:28.462696,2010-01-20 13:35:00.313000,,2010-01-20 13:34:23.104235,2010-01-20 13:34:58.177020,2010-01-20 13:35:00.313000
cba4d4a5bfb29a3bafaf32bcf780531e920e5a3e,fa485aff3f9e34d55d25f78856d4a2526a5f8e6f,CAD,Executed,v3,,,f66f2f438fc87dd7deff8e022a67cc5d71aa6968,vertical 2,type 8,5.12,9e2b06736b477b7a924f60de14a7e329d82d6f4f,2010-01-29 15:27:53.675331,2010-01-29 15:28:08.470000,2010-01-29 15:28:00.546058,2010-01-29 15:28:08.470000,,2010-01-29 15:27:56.709540,2010-01-29 15:28:06.411281,2010-01-29 15:28:08.470000
ba6c32b21eafc98a86f1d8a1bce521e39e51bb5b,660054a4565377c6e43ff7709abf56d8494ba604,CAD,Executed,v3,,,64c370a753b1db282770cdbf2aba5434a3185b3d,vertical 2,type 8,2.0,9e2b06736b477b7a924f60de14a7e329d82d6f4f,2009-09-12 11:46:45.908369,2009-09-12 11:47:29.692911,2009-09-12 11:46:55.008452,2009-09-12 11:47:29.692911,,2009-09-12 11:46:47.123711,2009-09-12 11:47:27.033352,2009-09-12 11:47:29.692911
9147d408befb8b51e115183e51348c92845bfd5b,b5ab8f51d35b64af079485e5bbbc335213f3a0ae,CAD,Executed,v3,,,f66f2f438fc87dd7deff8e022a67cc5d71aa6968,vertical 2,type 8,13.0,9e2b06736b477b7a924f60de14a7e329d82d6f4f,2010-01-14 03:43:37.780688,2010-01-14 03:44:09.310000,2010-01-14 03:43:45.057161,2010-01-14 03:44:07.070768,,2010-01-14 03:43:38.600883,2010-01-14 03:44:05.309484,2010-01-14 03:44:09.310000
1bfe229d68898544653a6d39e846b448f6b10e80,34a0061ba48d1c2810cd930dd69d42482ca92d85,CAD,failed,v3,canceled,authorizing,134be5823bcfd7214cd8cf7b4f431eeb912e10ab,vertical 2,type 8,423.63,9e2b06736b477b7a924f60de14a7e329d82d6f4f,2009-01-29 10:50:45.833970,2009-01-29 10:51:10.558767,2009-01-29 10:50:52.058981,,2009-01-29 10:51:10.558767,2009-01-29 10:50:47.468197,,
766f578703d84e07ba7af35543ba862a2649b8f3,6cd7d8d37b110668afdca42fc0e1d366b322783e,CAD,Executed,v3,,,d292da2283043c07accb1086a004caaf05472d44,vertical 5,type 8,2.0,9e2b06736b477b7a924f60de14a7e329d82d6f4f,2009-10-22 02:53:03.436016,2009-10-22 02:54:15.791362,2009-10-22 02:53:13.810481,2009-10-22 02:54:15.189464,,2009-10-22 02:53:10.014292,2009-10-22 02:54:13.707447,2009-10-22 02:54:15.791362
b9c5ab2db3cc82f34721e8a19e0079e537dd9590,6926610db1dfc17aca46a6f67789d7d6c24a7185,CAD,Executed,v3,,,d292da2283043c07accb1086a004caaf05472d44,vertical 5,type 8,2.5,9e2b06736b477b7a924f60de14a7e329d82d6f4f,2009-08-20 12:29:45.257066,2009-08-20 12:30:35.863620,2009-08-20 12:29:56.582028,2009-08-20 12:30:35.283818,,2009-08-20 12:29:51.427854,2009-08-20 12:30:33.552726,2009-08-20 12:30:35.863620
cbf2720a10d28904b9beae75a5844b95bf9a7e57,fa485aff3f9e34d55d25f78856d4a2526a5f8e6f,CAD,Executed,v3,,,d292da2283043c07accb1086a004caaf05472d44,vertical 5,type 8,1.0,9e2b06736b477b7a924f60de14a7e329d82d6f4f,2008-12-12 14:32:35.819346,2008-12-12 14:33:05.434731,2008-12-12 14:32:47.000906,2008-12-12 14:33:05.107819,,2008-12-12 14:32:41.901474,2008-12-12 14:33:02.621434,2008-12-12 14:33:05.434731
15401cc055f7ae83dee19944a0eb971e9fd55319,21b955e418f741b067688bc141261d7cd8d59973,CAD,Executed,v3,,,1911acfcfdc29f5349706da6c1494009e7125da0,vertical 5,type 8,1.0,9e2b06736b477b7a924f60de14a7e329d82d6f4f,2010-01-27 23:17:34.120635,2010-01-27 23:17:57.050507,2010-01-27 23:17:38.506775,2010-01-27 23:17:57.050507,,2010-01-27 23:17:36.198410,2010-01-27 23:17:55.240005,2010-01-27 23:17:56.933000
3045690d126c14e3b6f9083e1ea3924051e3dca0,0090e57640ed78b0c16ac4606a6773769545bb17,CAD,Executed,v3,,,1911acfcfdc29f5349706da6c1494009e7125da0,vertical 5,type 8,2.4,9e2b06736b477b7a924f60de14a7e329d82d6f4f,2010-01-22 18:58:43.866644,2010-01-22 18:59:20.560000,2010-01-22 18:58:48.384669,2010-01-22 18:59:20.560000,,2010-01-22 18:58:46.299748,2010-01-22 18:59:19.570559,2010-01-22 18:59:20.560000
f9a75d3e8c3a29d3b5bc0174a9de9d6ef41b7d73,6cd7d8d37b110668afdca42fc0e1d366b322783e,CAD,failed,v3,not_authorized,authorizing,5300313e698b5062bfe820f7efc7571699b4bb4c,vertical 2,type 8,0.66,9e2b06736b477b7a924f60de14a7e329d82d6f4f,2009-01-09 11:40:34.078921,2009-01-09 11:41:45.670594,2009-01-09 11:40:50.915776,,2009-01-09 11:41:45.670594,2009-01-09 11:40:38.408399,,
97f670fabc7ba5e801cc257eb7f6e96fe315e9d8,b7308502f039e303a048625c725d4aea3380c2ac,CAD,Executed,v3,,,5300313e698b5062bfe820f7efc7571699b4bb4c,vertical 2,type 8,7.17,9e2b06736b477b7a924f60de14a7e329d82d6f4f,2009-06-30 06:21:10.328186,2009-06-30 06:22:09.443268,2009-06-30 06:21:17.629033,2009-06-30 06:22:09.443268,,2009-06-30 06:21:11.844539,2009-06-30 06:22:07.318756,
52d34d0a017971f42e09eb3e68b959b64dd2ef2b,660054a4565377c6e43ff7709abf56d8494ba604,CAD,Executed,v3,,,5300313e698b5062bfe820f7efc7571699b4bb4c,vertical 2,type 8,6.9,9e2b06736b477b7a924f60de14a7e329d82d6f4f,2008-10-19 12:39:05.752230,2008-10-19 12:40:08.853384,2008-10-19 12:39:13.095199,2008-10-19 12:40:08.853384,,2008-10-19 12:39:07.314611,2008-10-19 12:40:06.144593,
afef3f3853bc9919e25dc5d64f244d03aa29aff4,b5ab8f51d35b64af079485e5bbbc335213f3a0ae,CAD,Executed,v3,,,64c370a753b1db282770cdbf2aba5434a3185b3d,vertical 2,type 8,224.27,9e2b06736b477b7a924f60de14a7e329d82d6f4f,2009-12-15 18:26:17.733702,2009-12-15 18:27:05.197000,2009-12-15 18:26:25.763870,2009-12-15 18:27:04.830185,,2009-12-15 18:26:20.877378,2009-12-15 18:27:03.026160,2009-12-15 18:27:05.197000
d7b05ed20008996c52fdbf002f2e0c9a0bca676a,0c13594466c8f4c9996801c4cc3f822975978c2d,USD,Executed,v3,,,6b9aa19c38a47a7d809eb3203685aaf80e25e9d6,vertical 2,type 3,100.0,f69ad584c025f9b756ce1e8c70de3a33aef50b32,2009-09-04 09:20:10.822944,2009-09-04 09:24:30.425941,2009-09-04 09:20:15.444165,2009-09-04 09:20:41.288354,,2009-09-04 09:20:13.649154,2009-09-04 09:20:40.056687,2009-09-04 09:24:30.425941
bdb760ca380771701410949bae6e3a322e66bcde,660054a4565377c6e43ff7709abf56d8494ba604,CAD,Executed,v3,,,f66f2f438fc87dd7deff8e022a67cc5d71aa6968,vertical 2,type 8,0.9,9e2b06736b477b7a924f60de14a7e329d82d6f4f,2009-11-11 03:01:28.068520,2009-11-11 03:02:17.137000,2009-11-11 03:01:33.331949,2009-11-11 03:02:17.137000,,2009-11-11 03:01:28.920892,2009-11-11 03:02:15.373808,2009-11-11 03:02:17.137000
3cf50e60386dcb669e5849766371602657fe0668,f4203d6b7658cb7252d6afdf95a6b692e93c2f7b,CAD,Executed,v3,,,f66f2f438fc87dd7deff8e022a67cc5d71aa6968,vertical 2,type 8,9.35,9e2b06736b477b7a924f60de14a7e329d82d6f4f,2009-11-13 00:26:23.786733,2009-11-13 00:26:50.170000,2009-11-13 00:26:27.906701,2009-11-13 00:26:50.170000,,2009-11-13 00:26:24.581740,2009-11-13 00:26:49.078184,2009-11-13 00:26:50.170000
051c966b91035509110c174ba255c44bd7bd609a,4d762ce64874cd49be593313e92a1e61cf74417e,CAD,Executed,v3,,,64c370a753b1db282770cdbf2aba5434a3185b3d,vertical 2,type 8,6.7,9e2b06736b477b7a924f60de14a7e329d82d6f4f,2009-10-26 03:48:10.946786,2009-10-26 03:48:48.690119,2009-10-26 03:48:19.766141,2009-10-26 03:48:48.690119,,2009-10-26 03:48:12.996095,2009-10-26 03:48:48.658731,2009-10-26 03:48:48.690119
813177317db4078cce9150f9ec7d0ace29ffbd00,6926610db1dfc17aca46a6f67789d7d6c24a7185,CAD,Executed,v3,,,64c370a753b1db282770cdbf2aba5434a3185b3d,vertical 2,type 8,10.0,9e2b06736b477b7a924f60de14a7e329d82d6f4f,2010-01-03 07:46:25.529322,2010-01-03 07:47:04.378106,2010-01-03 07:46:32.797869,2010-01-03 07:47:04.378106,,2010-01-03 07:46:29.260218,2010-01-03 07:47:02.852686,2010-01-03 07:47:04.120000
4b142a00a02f22877af9fb3c510aba07e19dcde3,3674b4d292131698ba6c946dda67a8fd8b63f12a,CAD,Executed,v3,,,64c370a753b1db282770cdbf2aba5434a3185b3d,vertical 2,type 8,1.97,9e2b06736b477b7a924f60de14a7e329d82d6f4f,2010-01-19 10:51:50.185421,2010-01-19 10:52:27.650000,2010-01-19 10:51:57.754366,2010-01-19 10:52:27.650000,,2010-01-19 10:51:50.669848,2010-01-19 10:52:25.923410,2010-01-19 10:52:27.650000
b3fcd92058a293d46f32d4be224c958d81051c76,8216651c8989eb69415e6fd793175c69351debc5,USD,Executed,v3,,,6b9aa19c38a47a7d809eb3203685aaf80e25e9d6,vertical 2,type 1,5.0,f69ad584c025f9b756ce1e8c70de3a33aef50b32,2010-01-31 00:30:14.818664,2010-01-31 00:31:40.000000,2010-01-31 00:30:24.785677,2010-01-31 00:31:40.000000,,2010-01-31 00:30:18.292782,2010-01-31 00:31:37.523257,2010-01-31 00:31:40.000000
34340830f0e0cfba22a2e5bc40dbf6084c86a7a4,0090e57640ed78b0c16ac4606a6773769545bb17,CAD,Executed,v3,,,d292da2283043c07accb1086a004caaf05472d44,vertical 5,type 8,1.0,9e2b06736b477b7a924f60de14a7e329d82d6f4f,2008-11-29 11:27:51.863317,2008-11-29 11:28:39.211671,2008-11-29 11:28:02.293783,2008-11-29 11:28:39.211671,,2008-11-29 11:27:55.243759,2008-11-29 11:28:37.527356,2008-11-29 11:28:39.211671
165a70ee5c47600bb138fc12fc778065d8a90eaa,0c13594466c8f4c9996801c4cc3f822975978c2d,USD,Executed,v3,,,6b9aa19c38a47a7d809eb3203685aaf80e25e9d6,vertical 2,type 3,0.1,f69ad584c025f9b756ce1e8c70de3a33aef50b32,2009-08-21 12:21:35.097489,2009-08-21 12:22:11.932977,2009-08-21 12:21:39.934566,2009-08-21 12:22:07.537738,,2009-08-21 12:21:38.022408,2009-08-21 12:22:06.444003,2009-08-21 12:22:11.932977
fe3eced34c6767a2de13396409b09a78af4cf90e,603364a15bf8abd4b8a2f7d46e6934c397ced244,USD,failed,v3,not_authorized,initiated,6b9aa19c38a47a7d809eb3203685aaf80e25e9d6,vertical 2,type 1,7.54,f69ad584c025f9b756ce1e8c70de3a33aef50b32,2009-11-26 13:26:18.780512,2009-11-26 13:26:37.238722,2009-11-26 13:26:25.161304,,2009-11-26 13:26:37.238722,2009-11-26 13:26:21.894040,,
155040758c14cba345994e32dc837c346f0dd191,34a0061ba48d1c2810cd930dd69d42482ca92d85,CAD,Executed,v3,,,02abfe216906d699a48d39d56b71327b294027cb,vertical 2,type 8,16.31,9e2b06736b477b7a924f60de14a7e329d82d6f4f,2008-07-01 11:36:51.357267,2008-07-01 11:37:41.455391,2008-07-01 11:36:57.861393,2008-07-01 11:37:41.455391,,2008-07-01 11:36:54.569662,2008-07-01 11:37:38.604056,2008-07-01 11:37:41.455391
d22fa5dc55596c0eed50a7b6bfd957d0121ee136,b7308502f039e303a048625c725d4aea3380c2ac,CAD,failed,v3,insufficient_funds,initiated,01e10adf72398bdf40b668926be2809ccf68b4dd,vertical 2,type 8,8.84,9e2b06736b477b7a924f60de14a7e329d82d6f4f,2009-09-24 12:24:08.952561,2009-09-24 12:25:39.556460,2009-09-24 12:24:25.903303,,2009-09-24 12:25:39.556460,2009-09-24 12:24:10.496767,,
67b19a39536d29908cd0b74a8c5349870f0ac0c1,6cd7d8d37b110668afdca42fc0e1d366b322783e,CAD,Executed,v3,,,01e10adf72398bdf40b668926be2809ccf68b4dd,vertical 2,type 8,5.22,9e2b06736b477b7a924f60de14a7e329d82d6f4f,2009-09-26 11:53:27.371755,2009-09-26 11:53:59.141242,2009-09-26 11:53:31.676580,2009-09-26 11:53:59.141242,,2009-09-26 11:53:27.933064,2009-09-26 11:53:57.409705,
9fceab3d751ef7bb350103dd9be564e457b8fbc5,f4203d6b7658cb7252d6afdf95a6b692e93c2f7b,CAD,failed,v3,expired,authorization_required,1911acfcfdc29f5349706da6c1494009e7125da0,vertical 5,type 8,2.0,9e2b06736b477b7a924f60de14a7e329d82d6f4f,2010-02-09 12:41:58.936789,2010-02-09 12:56:58.980027,,,2010-02-09 12:56:58.980027,,,
c4af7fae27846835c924319202b55d3e9a7fae13,b5ab8f51d35b64af079485e5bbbc335213f3a0ae,CAD,Executed,v3,,,01e10adf72398bdf40b668926be2809ccf68b4dd,vertical 2,type 8,185.14,9e2b06736b477b7a924f60de14a7e329d82d6f4f,2009-05-13 16:02:18.124560,2009-05-13 16:02:55.034179,2009-05-13 16:02:25.651350,2009-05-13 16:02:55.034179,,2009-05-13 16:02:19.695871,2009-05-13 16:02:51.610961,
dfab8b15fe919f13a1908f099af8df484fc76a37,0090e57640ed78b0c16ac4606a6773769545bb17,CAD,Executed,v3,,,5300313e698b5062bfe820f7efc7571699b4bb4c,vertical 2,type 8,2.0,9e2b06736b477b7a924f60de14a7e329d82d6f4f,2008-05-05 06:35:52.303124,2008-05-05 06:36:43.190914,2008-05-05 06:36:01.828424,2008-05-05 06:36:43.190914,,2008-05-05 06:35:52.303124,2008-05-05 06:36:39.030207,
92ed5949c25cfaef957a35e51b1d967a5034454e,e8085010136a26d0ebc200ac0751b1d9d673a764,CAD,Executed,v3,,,64c370a753b1db282770cdbf2aba5434a3185b3d,vertical 2,type 8,5.0,9e2b06736b477b7a924f60de14a7e329d82d6f4f,2009-09-23 08:22:16.978243,2009-09-23 08:22:47.381055,2009-09-23 08:22:24.622719,2009-09-23 08:22:47.381055,,2009-09-23 08:22:17.883078,2009-09-23 08:22:43.933126,2009-09-23 08:22:47.381055
587fbb2921d20d8d4b1040b71d62853c3c58a717,660054a4565377c6e43ff7709abf56d8494ba604,CAD,failed,v3,canceled,authorizing,64c370a753b1db282770cdbf2aba5434a3185b3d,vertical 2,type 8,10.0,9e2b06736b477b7a924f60de14a7e329d82d6f4f,2009-09-26 10:46:01.256992,2009-09-26 10:46:32.993416,,,2009-09-26 10:46:32.993416,2009-09-26 10:46:02.438756,,
1679b3f5572e9bc61b362937797f444718718882,f4203d6b7658cb7252d6afdf95a6b692e93c2f7b,CAD,Executed,v3,,,64c370a753b1db282770cdbf2aba5434a3185b3d,vertical 2,type 8,4.0,9e2b06736b477b7a924f60de14a7e329d82d6f4f,2009-11-21 18:35:36.802790,2009-11-21 18:35:55.997000,2009-11-21 18:35:42.432491,2009-11-21 18:35:55.997000,,2009-11-21 18:35:39.702829,2009-11-21 18:35:55.069040,2009-11-21 18:35:55.997000
79f351f3da0ec7f6ebc1085976c8e07a7fc2ca52,6926610db1dfc17aca46a6f67789d7d6c24a7185,CAD,failed,v3,expired,authorizing,02abfe216906d699a48d39d56b71327b294027cb,vertical 2,type 8,10.0,9e2b06736b477b7a924f60de14a7e329d82d6f4f,2008-06-28 19:41:14.997885,2008-06-28 19:56:15.163347,2008-06-28 19:41:30.166149,,2008-06-28 19:56:15.163347,2008-06-28 19:41:16.871215,,
cf44d6f0dfa854a4fa37cd95ea6670daf1fe5429,b5ab8f51d35b64af079485e5bbbc335213f3a0ae,CAD,Executed,v3,,,f66f2f438fc87dd7deff8e022a67cc5d71aa6968,vertical 2,type 8,10.0,9e2b06736b477b7a924f60de14a7e329d82d6f4f,2009-12-10 08:55:03.745823,2009-12-10 08:55:51.780000,2009-12-10 08:55:17.316453,2009-12-10 08:55:51.569372,,2009-12-10 08:55:06.599862,2009-12-10 08:55:49.898029,2009-12-10 08:55:51.780000
0fb9d4f399c1352cd678fe4b3390eb9b66618c6c,e8085010136a26d0ebc200ac0751b1d9d673a764,CAD,failed,v3,expired,initiated,f66f2f438fc87dd7deff8e022a67cc5d71aa6968,vertical 2,type 8,8.0,9e2b06736b477b7a924f60de14a7e329d82d6f4f,2009-12-12 19:11:06.757026,2009-12-12 19:26:06.974563,2009-12-12 19:11:11.031962,,2009-12-12 19:26:06.974563,2009-12-12 19:11:07.348534,,
b90fe7f27251690dd8e132dc464a6efae6b48336,b5ab8f51d35b64af079485e5bbbc335213f3a0ae,CAD,Executed,v3,,,f66f2f438fc87dd7deff8e022a67cc5d71aa6968,vertical 2,type 8,10.2,9e2b06736b477b7a924f60de14a7e329d82d6f4f,2009-08-01 08:30:16.369495,2009-08-01 08:30:45.413783,2009-08-01 08:30:25.443619,2009-08-01 08:30:45.413783,,2009-08-01 08:30:17.518071,2009-08-01 08:30:43.033436,2009-08-01 08:30:45.413783
d078fc3764bfeed0023f5b47c0853750d92a1916,0c13594466c8f4c9996801c4cc3f822975978c2d,USD,failed,v3,user_canceled_at_provider,initiated,6b9aa19c38a47a7d809eb3203685aaf80e25e9d6,vertical 2,type 3,1.0,f69ad584c025f9b756ce1e8c70de3a33aef50b32,2010-01-22 23:42:52.001181,2010-01-22 23:43:33.609185,2010-01-22 23:43:01.544953,,2010-01-22 23:43:33.609185,2010-01-22 23:42:57.181384,,
50809eb69cbe9eb5cf3c484b793698cd79dc9653,0c13594466c8f4c9996801c4cc3f822975978c2d,USD,Executed,v3,,,6b9aa19c38a47a7d809eb3203685aaf80e25e9d6,vertical 2,type 3,50.0,f69ad584c025f9b756ce1e8c70de3a33aef50b32,2009-10-13 09:42:58.660968,2009-10-13 09:43:56.825427,2009-10-13 09:43:04.857037,2009-10-13 09:43:54.186528,,2009-10-13 09:43:02.927205,2009-10-13 09:43:53.063939,2009-10-13 09:43:56.825427
37a94336b17968f3e787ea1b5207b2c8990562d4,0c13594466c8f4c9996801c4cc3f822975978c2d,USD,Executed,v3,,,6b9aa19c38a47a7d809eb3203685aaf80e25e9d6,vertical 2,type 3,9.5,f69ad584c025f9b756ce1e8c70de3a33aef50b32,2010-01-20 22:10:22.581685,2010-01-20 22:10:55.911832,2010-01-20 22:10:27.972821,2010-01-20 22:10:55.911832,,2010-01-20 22:10:25.967904,2010-01-20 22:10:54.690718,2010-01-20 22:10:55.000000
914346e53de4416bf8820f0be16c1746769fd4a8,6926610db1dfc17aca46a6f67789d7d6c24a7185,CAD,Executed,v3,,,5300313e698b5062bfe820f7efc7571699b4bb4c,vertical 2,type 8,20.0,9e2b06736b477b7a924f60de14a7e329d82d6f4f,2009-10-05 11:59:00.406956,2009-10-05 11:59:37.983830,2009-10-05 11:59:05.377295,2009-10-05 11:59:37.983830,,2009-10-05 11:59:01.896471,2009-10-05 11:59:36.594342,
cb8e955aa92187ec19e27601fd343a3a56693ab0,6cd7d8d37b110668afdca42fc0e1d366b322783e,CAD,Executed,v3,,,5300313e698b5062bfe820f7efc7571699b4bb4c,vertical 2,type 8,2.5,9e2b06736b477b7a924f60de14a7e329d82d6f4f,2008-10-23 13:20:40.613877,2008-10-23 13:21:24.497708,2008-10-23 13:20:45.347842,2008-10-23 13:21:24.497708,,2008-10-23 13:20:42.500825,2008-10-23 13:21:24.495227,
9e9643ebffadb69623949c66996d9c8019c57c2c,0090e57640ed78b0c16ac4606a6773769545bb17,CAD,Executed,v3,,,5300313e698b5062bfe820f7efc7571699b4bb4c,vertical 2,type 8,15.04,9e2b06736b477b7a924f60de14a7e329d82d6f4f,2008-10-15 10:57:38.977277,2008-10-15 10:58:33.003737,2008-10-15 10:57:45.170955,2008-10-15 10:58:33.003737,,2008-10-15 10:57:40.425739,2008-10-15 10:58:28.617115,
a0cb55121ceb20a53d5ea5ec5aceb2a4542e0ae1,b5ab8f51d35b64af079485e5bbbc335213f3a0ae,CAD,failed,v3,expired,authorizing,02abfe216906d699a48d39d56b71327b294027cb,vertical 2,type 8,20.0,9e2b06736b477b7a924f60de14a7e329d82d6f4f,2008-10-18 14:54:39.795604,2008-10-18 15:09:39.867741,2008-10-18 14:54:48.384061,,2008-10-18 15:09:39.867741,2008-10-18 14:54:43.121831,,
940a2333305c3b35565d126cd76bc90918feb4da,34a0061ba48d1c2810cd930dd69d42482ca92d85,CAD,Executed,v3,,,d292da2283043c07accb1086a004caaf05472d44,vertical 5,type 8,2.0,9e2b06736b477b7a924f60de14a7e329d82d6f4f,2009-11-04 14:44:11.830080,2009-11-04 14:44:33.914438,2009-11-04 14:44:17.784346,2009-11-04 14:44:33.914438,,2009-11-04 14:44:14.461735,2009-11-04 14:44:32.591504,2009-11-04 14:44:33.783000
d5009eeb51e236c734de57324c5c4d18fd647d32,6926610db1dfc17aca46a6f67789d7d6c24a7185,CAD,failed,v3,not_authorized,authorizing,02abfe216906d699a48d39d56b71327b294027cb,vertical 2,type 8,20.0,9e2b06736b477b7a924f60de14a7e329d82d6f4f,2008-07-24 12:15:17.075325,2008-07-24 12:19:07.135825,2008-07-24 12:15:25.590782,,2008-07-24 12:19:07.135825,2008-07-24 12:15:20.343219,,
6cc7c06f572192a0910ee323c89c514ab9cf4042,b5ab8f51d35b64af079485e5bbbc335213f3a0ae,CAD,Executed,v3,,,f66f2f438fc87dd7deff8e022a67cc5d71aa6968,vertical 2,type 8,0.94,9e2b06736b477b7a924f60de14a7e329d82d6f4f,2009-10-15 16:06:56.156638,2009-10-15 16:07:27.728396,2009-10-15 16:07:01.667128,2009-10-15 16:07:25.811365,,2009-10-15 16:06:57.182543,2009-10-15 16:07:24.179129,2009-10-15 16:07:27.728396
95ed95990c40a95e7b73456d7d77cc4948395981,21b955e418f741b067688bc141261d7cd8d59973,CAD,failed,v3,expired,initiated,f66f2f438fc87dd7deff8e022a67cc5d71aa6968,vertical 2,type 8,1.05,9e2b06736b477b7a924f60de14a7e329d82d6f4f,2009-12-07 12:15:02.665108,2009-12-07 12:30:02.852245,2009-12-07 12:15:20.655936,,2009-12-07 12:30:02.852245,2009-12-07 12:15:07.105817,,
226a1cc0e2def521a0f176ce4fad44cd671c0fab,b5ab8f51d35b64af079485e5bbbc335213f3a0ae,CAD,failed,v3,expired,authorizing,f66f2f438fc87dd7deff8e022a67cc5d71aa6968,vertical 2,type 8,17.88,9e2b06736b477b7a924f60de14a7e329d82d6f4f,2009-11-06 15:15:36.745004,2009-11-06 15:30:36.931000,,,2009-11-06 15:30:36.931000,2009-11-06 15:15:37.841724,,
dc305e3a90bd7ea1c9678e4ecc50020a23001692,8b408eb9070e2b1dbb590cd7ffe0f467b490a66a,USD,failed,v3,provider_expired,initiated,6b9aa19c38a47a7d809eb3203685aaf80e25e9d6,vertical 2,type 1,0.2,f69ad584c025f9b756ce1e8c70de3a33aef50b32,2009-07-22 20:43:12.699539,2009-07-22 21:23:06.355669,2009-07-22 20:43:30.817330,,2009-07-22 21:23:06.355669,2009-07-22 20:43:16.475631,,
5e42c4acca1a99f3986fbcc9bd7fa177eb4ab878,660054a4565377c6e43ff7709abf56d8494ba604,CAD,Executed,v3,,,5300313e698b5062bfe820f7efc7571699b4bb4c,vertical 2,type 8,1.21,9e2b06736b477b7a924f60de14a7e329d82d6f4f,2009-10-01 16:59:13.250278,2009-10-01 16:59:51.668201,2009-10-01 16:59:24.360707,2009-10-01 16:59:51.668201,,2009-10-01 16:59:16.314536,2009-10-01 16:59:48.927849,
58eae96e60ced9eee3d45450fab1ef063240cf18,b5ab8f51d35b64af079485e5bbbc335213f3a0ae,CAD,Executed,v3,,,5300313e698b5062bfe820f7efc7571699b4bb4c,vertical 2,type 8,5.07,9e2b06736b477b7a924f60de14a7e329d82d6f4f,2008-12-06 00:06:30.176788,2008-12-06 00:07:07.717769,2008-12-06 00:06:38.950478,2008-12-06 00:07:07.717769,,2008-12-06 00:06:35.188532,2008-12-06 00:07:04.663438,
fb0e7f3e4b815751e3ec9d5f8b183d4d46dfb296,0c13594466c8f4c9996801c4cc3f822975978c2d,USD,Executed,v3,,,6b9aa19c38a47a7d809eb3203685aaf80e25e9d6,vertical 2,type 3,10.0,f69ad584c025f9b756ce1e8c70de3a33aef50b32,2009-12-31 23:08:35.608441,2009-12-31 23:08:59.984714,2009-12-31 23:08:40.769266,2009-12-31 23:08:59.984714,,2009-12-31 23:08:38.292827,2009-12-31 23:08:58.820188,2009-12-31 23:08:59.000000
678761d3f986da8db995638ea4947e03c746bbf8,0c13594466c8f4c9996801c4cc3f822975978c2d,USD,failed,v3,expired,authorization_required,6b9aa19c38a47a7d809eb3203685aaf80e25e9d6,vertical 2,,2.0,f69ad584c025f9b756ce1e8c70de3a33aef50b32,2009-12-26 23:16:07.772094,2009-12-26 23:31:07.798258,,,2009-12-26 23:31:07.798258,,,
b7403cd070bae44a0f7b3de55e86e261a16043b7,0c13594466c8f4c9996801c4cc3f822975978c2d,USD,Executed,v3,,,6b9aa19c38a47a7d809eb3203685aaf80e25e9d6,vertical 2,type 3,0.4,f69ad584c025f9b756ce1e8c70de3a33aef50b32,2010-01-23 21:07:30.531703,2010-01-23 21:08:02.921025,2010-01-23 21:07:36.791811,2010-01-23 21:08:02.921025,,2010-01-23 21:07:33.720028,2010-01-23 21:08:01.778352,2010-01-23 21:08:02.000000
1cf9d486b4f48dd41576a2e63cd5c9490bc4fd82,34a0061ba48d1c2810cd930dd69d42482ca92d85,CAD,Executed,v3,,,d292da2283043c07accb1086a004caaf05472d44,vertical 5,type 8,1.5,9e2b06736b477b7a924f60de14a7e329d82d6f4f,2009-11-01 12:02:49.919729,2009-11-01 12:03:15.691491,2009-11-01 12:02:56.672117,2009-11-01 12:03:14.550587,,2009-11-01 12:02:53.500830,2009-11-01 12:03:13.252625,2009-11-01 12:03:15.691491
a6d9b1a93f8ef28736a9adfd45e77c3f109bdf61,fa485aff3f9e34d55d25f78856d4a2526a5f8e6f,CAD,Executed,v3,,,02abfe216906d699a48d39d56b71327b294027cb,vertical 2,type 8,8.8,9e2b06736b477b7a924f60de14a7e329d82d6f4f,2009-02-06 16:18:19.970795,2009-02-06 16:18:55.949056,2009-02-06 16:18:30.478930,2009-02-06 16:18:55.240091,,2009-02-06 16:18:25.168748,2009-02-06 16:18:52.868859,2009-02-06 16:18:55.949056
7334776af4ad00bc3c4cd61d6e796de697454325,0090e57640ed78b0c16ac4606a6773769545bb17,CAD,failed,v3,expired,authorizing,02abfe216906d699a48d39d56b71327b294027cb,vertical 2,type 8,20.0,9e2b06736b477b7a924f60de14a7e329d82d6f4f,2008-09-27 17:36:42.649710,2008-09-27 17:51:42.665686,2008-09-27 17:36:49.800869,,2008-09-27 17:51:42.665686,2008-09-27 17:36:44.843654,,
8ee1ba964b0c8f30ee7391ed14d1283b6d6ed320,b5ab8f51d35b64af079485e5bbbc335213f3a0ae,CAD,Executed,v3,,,02abfe216906d699a48d39d56b71327b294027cb,vertical 2,type 8,20.0,9e2b06736b477b7a924f60de14a7e329d82d6f4f,2008-06-27 14:02:11.968537,2008-06-27 14:03:52.989672,2008-06-27 14:02:20.187327,2008-06-27 14:03:52.989672,,2008-06-27 14:02:13.786510,2008-06-27 14:03:49.735686,2008-06-27 14:03:52.989672
88e0de5d1e5a8b8ee3fcaf93d0f9e18d3275d713,6926610db1dfc17aca46a6f67789d7d6c24a7185,CAD,Executed,v3,,,02abfe216906d699a48d39d56b71327b294027cb,vertical 2,type 8,21.0,9e2b06736b477b7a924f60de14a7e329d82d6f4f,2008-11-02 13:50:07.740816,2008-11-02 13:51:07.495757,2008-11-02 13:50:17.486503,2008-11-02 13:51:07.495757,,2008-11-02 13:50:10.076909,2008-11-02 13:51:06.739877,2008-11-02 13:51:07.495757
433cf4fa9f6a0a9321730c58be6903517e588ad9,e8085010136a26d0ebc200ac0751b1d9d673a764,CAD,Executed,v3,,,1911acfcfdc29f5349706da6c1494009e7125da0,vertical 5,type 8,2.0,9e2b06736b477b7a924f60de14a7e329d82d6f4f,2010-01-21 07:59:59.032071,2010-01-21 08:01:11.559236,2010-01-21 08:00:02.417163,2010-01-21 08:01:11.559236,,2010-01-21 08:00:00.793195,2010-01-21 08:01:08.567692,2010-01-21 08:01:11.540000
15c1cdac2ecfac90944df82dbf1ce10cb231e3c2,6926610db1dfc17aca46a6f67789d7d6c24a7185,CAD,Executed,v3,,,02abfe216906d699a48d39d56b71327b294027cb,vertical 2,type 8,30.0,9e2b06736b477b7a924f60de14a7e329d82d6f4f,2008-06-25 16:01:04.645114,2008-06-25 16:07:15.435025,2008-06-25 16:01:19.218215,2008-06-25 16:07:14.594079,,2008-06-25 16:01:09.115496,2008-06-25 16:07:14.126488,2008-06-25 16:07:15.435025
98d7bb98865d5f8a1cf03530964eb9d5558029ca,34a0061ba48d1c2810cd930dd69d42482ca92d85,CAD,New,v1,,,01e10adf72398bdf40b668926be2809ccf68b4dd,vertical 2,type 8,4.43,9e2b06736b477b7a924f60de14a7e329d82d6f4f,2008-01-26 06:45:58.386671,2008-01-26 06:46:07.028805,,,,,,
d48389e954854536f4328e9a24e5ec12d653c47a,6cd7d8d37b110668afdca42fc0e1d366b322783e,CAD,failed,v3,expired,authorizing,01e10adf72398bdf40b668926be2809ccf68b4dd,vertical 2,type 8,24.08,9e2b06736b477b7a924f60de14a7e329d82d6f4f,2008-05-05 16:51:40.172092,2008-05-05 17:06:40.376768,2008-05-05 16:51:45.373751,,2008-05-05 17:06:40.376768,2008-05-05 16:51:42.193279,,
9898fc9251387c8ae45c13fb0e12c4d7327a678d,f4203d6b7658cb7252d6afdf95a6b692e93c2f7b,CAD,Executed,v3,,,5300313e698b5062bfe820f7efc7571699b4bb4c,vertical 2,type 8,6.39,9e2b06736b477b7a924f60de14a7e329d82d6f4f,2009-04-26 06:02:24.670155,2009-04-26 06:03:03.061249,2009-04-26 06:02:30.854908,2009-04-26 06:03:03.061249,,2009-04-26 06:02:27.059491,2009-04-26 06:03:00.268567,
b3d679515e7887add869033c7960ff0c51f709cb,6cd7d8d37b110668afdca42fc0e1d366b322783e,CAD,failed,v3,canceled,authorizing,64c370a753b1db282770cdbf2aba5434a3185b3d,vertical 2,type 8,7.0,9e2b06736b477b7a924f60de14a7e329d82d6f4f,2010-02-07 08:55:06.048548,2010-02-07 08:55:22.171446,,,2010-02-07 08:55:22.171446,2010-02-07 08:55:08.855267,,
ed8192e6dacf80e4388d8879561a943bd1c9429d,e8085010136a26d0ebc200ac0751b1d9d673a764,CAD,Executed,v3,,,64c370a753b1db282770cdbf2aba5434a3185b3d,vertical 2,type 8,0.47,9e2b06736b477b7a924f60de14a7e329d82d6f4f,2009-07-25 10:56:47.745925,2009-07-25 10:57:22.206039,2009-07-25 10:56:53.646627,2009-07-25 10:57:20.233742,,2009-07-25 10:56:48.708023,2009-07-25 10:57:17.056452,2009-07-25 10:57:22.206039
97e3c09ee60eff8b230054a20129289b4892eb12,0090e57640ed78b0c16ac4606a6773769545bb17,CAD,Executed,v3,,,64c370a753b1db282770cdbf2aba5434a3185b3d,vertical 2,type 8,9.5,9e2b06736b477b7a924f60de14a7e329d82d6f4f,2010-01-07 16:11:11.249190,2010-01-07 16:11:59.713000,2010-01-07 16:11:16.648510,2010-01-07 16:11:59.713000,,2010-01-07 16:11:12.021925,2010-01-07 16:11:59.057444,2010-01-07 16:11:59.713000
03b632347bc696fef8e6ab4642381fa7b96ee88a,660054a4565377c6e43ff7709abf56d8494ba604,CAD,Executed,v3,,,5300313e698b5062bfe820f7efc7571699b4bb4c,vertical 2,type 8,2.5,9e2b06736b477b7a924f60de14a7e329d82d6f4f,2009-08-01 08:31:59.237971,2009-08-01 08:32:49.434083,2009-08-01 08:32:05.448263,2009-08-01 08:32:49.434083,,2009-08-01 08:32:01.408298,2009-08-01 08:32:45.334923,
f2b4133950ab2e3c44c1cd382d91ddbc5dd3f544,4d762ce64874cd49be593313e92a1e61cf74417e,CAD,Executed,v3,,,64c370a753b1db282770cdbf2aba5434a3185b3d,vertical 2,type 8,1.4,9e2b06736b477b7a924f60de14a7e329d82d6f4f,2009-10-14 20:19:16.270013,2009-10-14 20:19:52.080335,2009-10-14 20:19:25.149451,2009-10-14 20:19:51.274285,,2009-10-14 20:19:17.387092,2009-10-14 20:19:51.270922,2009-10-14 20:19:52.080335
8667e489e9e99b4e1c259d4bbd1d46f24698635f,660054a4565377c6e43ff7709abf56d8494ba604,CAD,Executed,v3,,,5300313e698b5062bfe820f7efc7571699b4bb4c,vertical 2,type 8,2.5,9e2b06736b477b7a924f60de14a7e329d82d6f4f,2008-11-05 10:18:21.731543,2008-11-05 10:19:00.316035,2008-11-05 10:18:26.622217,2008-11-05 10:19:00.316035,,2008-11-05 10:18:23.358443,2008-11-05 10:18:57.557916,
aa44d65490137fbf64a208135add39a86058d1e0,e8085010136a26d0ebc200ac0751b1d9d673a764,CAD,Executed,v3,,,f66f2f438fc87dd7deff8e022a67cc5d71aa6968,vertical 2,type 8,10.0,9e2b06736b477b7a924f60de14a7e329d82d6f4f,2009-11-01 12:00:17.098409,2009-11-01 12:00:49.861461,2009-11-01 12:00:22.361022,2009-11-01 12:00:49.813665,,2009-11-01 12:00:17.875542,2009-11-01 12:00:45.553854,2009-11-01 12:00:49.861461
cbcf1391632b8bb6bc40655b041e5042d5fed461,b7308502f039e303a048625c725d4aea3380c2ac,CAD,Executed,v3,,,f66f2f438fc87dd7deff8e022a67cc5d71aa6968,vertical 2,type 8,3.0,9e2b06736b477b7a924f60de14a7e329d82d6f4f,2009-12-23 08:08:26.403073,2009-12-23 08:08:46.130000,2009-12-23 08:08:33.376580,2009-12-23 08:08:46.130000,,2009-12-23 08:08:29.953974,2009-12-23 08:08:44.671692,2009-12-23 08:08:46.130000
d765af709da3f8f5f8483fe05827a858cb4222e9,3674b4d292131698ba6c946dda67a8fd8b63f12a,CAD,Executed,v3,,,64c370a753b1db282770cdbf2aba5434a3185b3d,vertical 2,type 8,30.0,9e2b06736b477b7a924f60de14a7e329d82d6f4f,2009-11-18 00:11:52.416793,2009-11-18 00:12:37.163867,2009-11-18 00:12:03.053248,2009-11-18 00:12:37.163867,,2009-11-18 00:11:57.146269,2009-11-18 00:12:35.755897,2009-11-18 00:12:36.820000
ad738bacd57d2c759539022d68c76fd7db881796,6cd7d8d37b110668afdca42fc0e1d366b322783e,CAD,Executed,v3,,,64c370a753b1db282770cdbf2aba5434a3185b3d,vertical 2,type 8,9.26,9e2b06736b477b7a924f60de14a7e329d82d6f4f,2009-11-28 13:09:05.615421,2009-11-28 13:09:54.053000,2009-11-28 13:09:17.238359,2009-11-28 13:09:54.053000,,2009-11-28 13:09:12.096698,2009-11-28 13:09:50.390877,2009-11-28 13:09:54.053000
e84e7d36a274c2dc3914695b99f970dc299e1b3b,b5ab8f51d35b64af079485e5bbbc335213f3a0ae,CAD,failed,v3,expired,initiated,134be5823bcfd7214cd8cf7b4f431eeb912e10ab,vertical 2,type 8,36.0,9e2b06736b477b7a924f60de14a7e329d82d6f4f,2009-11-13 19:13:09.225367,2009-11-13 19:28:09.452929,2009-11-13 19:13:23.276910,,2009-11-13 19:28:09.452929,2009-11-13 19:13:16.223807,,
c8777e05a94be5d1e1ea287c83dc634970b6ba00,fa485aff3f9e34d55d25f78856d4a2526a5f8e6f,CAD,Executed,v3,,,5300313e698b5062bfe820f7efc7571699b4bb4c,vertical 2,type 8,6.0,9e2b06736b477b7a924f60de14a7e329d82d6f4f,2008-07-24 11:10:16.322793,2008-07-24 11:10:48.055470,2008-07-24 11:10:31.546085,2008-07-24 11:10:48.055470,,2008-07-24 11:10:18.173151,2008-07-24 11:10:45.626964,
3c9c1f02a3d495fdd95acb9a6e3062bf71ecb1e9,e8085010136a26d0ebc200ac0751b1d9d673a764,CAD,Executed,v3,,,f66f2f438fc87dd7deff8e022a67cc5d71aa6968,vertical 2,type 8,0.5,9e2b06736b477b7a924f60de14a7e329d82d6f4f,2010-02-04 07:10:15.726618,2010-02-04 07:10:43.537000,2010-02-04 07:10:23.616571,2010-02-04 07:10:43.537000,,2010-02-04 07:10:19.409197,2010-02-04 07:10:40.180197,2010-02-04 07:10:43.537000
cab63b1c7258dcf4afbafea5cd05dacd150e2b6e,34a0061ba48d1c2810cd930dd69d42482ca92d85,CAD,Executed,v3,,,f66f2f438fc87dd7deff8e022a67cc5d71aa6968,vertical 2,type 8,15.39,9e2b06736b477b7a924f60de14a7e329d82d6f4f,2010-01-19 23:07:26.529666,2010-01-19 23:07:52.987000,2010-01-19 23:07:34.593834,2010-01-19 23:07:52.556493,,2010-01-19 23:07:29.882913,2010-01-19 23:07:51.316492,2010-01-19 23:07:52.987000
2e2f1dc4167c2fcec480086c0971ac02ba674ad4,b5ab8f51d35b64af079485e5bbbc335213f3a0ae,CAD,Executed,v3,,,134be5823bcfd7214cd8cf7b4f431eeb912e10ab,vertical 2,type 8,17.18,9e2b06736b477b7a924f60de14a7e329d82d6f4f,2009-12-03 11:45:38.175148,2009-12-03 11:46:29.512815,2009-12-03 11:45:43.970367,2009-12-03 11:46:29.512815,,2009-12-03 11:45:40.365556,2009-12-03 11:46:27.691274,
3b650515b0429358477df9a62074a2bcac852e85,6926610db1dfc17aca46a6f67789d7d6c24a7185,CAD,Executed,v3,,,02abfe216906d699a48d39d56b71327b294027cb,vertical 2,type 8,98.0,9e2b06736b477b7a924f60de14a7e329d82d6f4f,2008-11-14 13:52:31.145008,2008-11-14 13:53:14.802917,2008-11-14 13:52:40.040647,2008-11-14 13:53:14.459637,,2008-11-14 13:52:33.504762,2008-11-14 13:53:13.615469,2008-11-14 13:53:14.802917
35237ac1cd2a9390d1057e1389fea2b008468729,6926610db1dfc17aca46a6f67789d7d6c24a7185,CAD,Executed,v3,,,64c370a753b1db282770cdbf2aba5434a3185b3d,vertical 2,type 8,3.0,9e2b06736b477b7a924f60de14a7e329d82d6f4f,2009-12-29 11:53:38.369386,2009-12-29 11:54:47.641404,2009-12-29 11:53:50.258984,2009-12-29 11:54:47.641404,,2009-12-29 11:53:39.089496,2009-12-29 11:54:46.009250,2009-12-29 11:54:47.403000
e7cbf54e1ffd34e04d76da946f999663731e6d32,e67095adf654ddc631bcfd3f7aa3c7e43424ce0f,CAD,Executed,v3,,,64c370a753b1db282770cdbf2aba5434a3185b3d,vertical 2,type 8,10.0,9e2b06736b477b7a924f60de14a7e329d82d6f4f,2009-09-19 13:50:39.820117,2009-09-19 13:51:07.393793,2009-09-19 13:50:48.511543,2009-09-19 13:51:07.393793,,2009-09-19 13:50:40.940285,2009-09-19 13:51:05.556823,2009-09-19 13:51:07.393793
f47dca9c05b89d93fcfbeee59e916d7bda8e6ab7,660054a4565377c6e43ff7709abf56d8494ba604,CAD,Executed,v3,,,5300313e698b5062bfe820f7efc7571699b4bb4c,vertical 2,type 8,5.0,9e2b06736b477b7a924f60de14a7e329d82d6f4f,2009-01-14 15:01:23.582627,2009-01-14 15:02:06.596947,2009-01-14 15:01:30.870668,2009-01-14 15:02:06.596947,,2009-01-14 15:01:26.613246,2009-01-14 15:02:01.498062,
909106244c09386cca1f468eadf971e42ec45515,b5ab8f51d35b64af079485e5bbbc335213f3a0ae,CAD,Executed,v3,,,01e10adf72398bdf40b668926be2809ccf68b4dd,vertical 2,type 8,20.0,9e2b06736b477b7a924f60de14a7e329d82d6f4f,2008-05-24 18:40:38.234204,2008-05-24 18:41:22.827901,2008-05-24 18:40:45.802219,2008-05-24 18:41:22.827901,,2008-05-24 18:40:38.934818,2008-05-24 18:41:19.938746,
bf47ed0554ef2e88cd88389ad5ec9738f00225b7,fa485aff3f9e34d55d25f78856d4a2526a5f8e6f,CAD,Executed,v3,,,01e10adf72398bdf40b668926be2809ccf68b4dd,vertical 2,type 8,2.32,9e2b06736b477b7a924f60de14a7e329d82d6f4f,2009-07-13 07:00:53.356726,2009-07-13 07:01:09.032961,2009-07-13 07:00:57.208618,2009-07-13 07:01:09.032961,,2009-07-13 07:00:53.921530,2009-07-13 07:01:06.252612,
38e2b83aa1b2ba548e9f607de75fd75bcda20e86,fa485aff3f9e34d55d25f78856d4a2526a5f8e6f,CAD,Executed,v3,,,1911acfcfdc29f5349706da6c1494009e7125da0,vertical 5,type 8,1.0,9e2b06736b477b7a924f60de14a7e329d82d6f4f,2010-02-05 11:36:29.162561,2010-02-05 11:36:49.923000,2010-02-05 11:36:34.386606,2010-02-05 11:36:49.923000,,2010-02-05 11:36:32.584851,2010-02-05 11:36:47.577470,2010-02-05 11:36:49.923000
45206cebaa77787f31729673ff990151cc732f44,34a0061ba48d1c2810cd930dd69d42482ca92d85,CAD,Executed,v3,,,01e10adf72398bdf40b668926be2809ccf68b4dd,vertical 2,type 8,0.44,9e2b06736b477b7a924f60de14a7e329d82d6f4f,2008-10-28 18:38:05.466191,2008-10-28 18:39:05.402020,2008-10-28 18:38:12.468557,2008-10-28 18:39:05.402020,,2008-10-28 18:38:05.954228,2008-10-28 18:39:02.855639,
ce308c2c3813d07bc729f5577cbfba3121739fe7,e8085010136a26d0ebc200ac0751b1d9d673a764,CAD,Executed,v3,,,64c370a753b1db282770cdbf2aba5434a3185b3d,vertical 2,type 8,8.57,9e2b06736b477b7a924f60de14a7e329d82d6f4f,2009-09-17 23:19:16.356779,2009-09-17 23:19:58.229177,2009-09-17 23:19:29.631337,2009-09-17 23:19:57.234348,,2009-09-17 23:19:17.468073,2009-09-17 23:19:54.255403,2009-09-17 23:19:58.229177
cb8ae68080f97e4eb31d773e7664b2b4d7f0bbe7,b5ab8f51d35b64af079485e5bbbc335213f3a0ae,CAD,Executed,v3,,,64c370a753b1db282770cdbf2aba5434a3185b3d,vertical 2,type 8,20.0,9e2b06736b477b7a924f60de14a7e329d82d6f4f,2009-12-20 08:49:09.973642,2009-12-20 08:49:31.477000,2009-12-20 08:49:17.373315,2009-12-20 08:49:30.365312,,2009-12-20 08:49:13.663588,2009-12-20 08:49:28.594562,2009-12-20 08:49:31.477000
db684944e17c887a5fd1bdff612c517a90c1b7a1,660054a4565377c6e43ff7709abf56d8494ba604,CAD,Executed,v3,,,02abfe216906d699a48d39d56b71327b294027cb,vertical 2,type 8,21.0,9e2b06736b477b7a924f60de14a7e329d82d6f4f,2008-12-21 12:38:58.842018,2008-12-21 12:39:58.354496,2008-12-21 12:39:09.909944,2008-12-21 12:39:57.316158,,2008-12-21 12:39:02.918355,2008-12-21 12:39:54.258699,2008-12-21 12:39:58.354496
dfa422c05fbe5f82b094c9a3d53a25e5f120222f,6926610db1dfc17aca46a6f67789d7d6c24a7185,CAD,Executed,v3,,,f66f2f438fc87dd7deff8e022a67cc5d71aa6968,vertical 2,type 8,3.51,9e2b06736b477b7a924f60de14a7e329d82d6f4f,2010-01-08 15:53:34.620104,2010-01-08 15:54:12.879579,2010-01-08 15:53:44.677229,2010-01-08 15:54:12.879579,,2010-01-08 15:53:37.542271,2010-01-08 15:54:11.322022,2010-01-08 15:54:12.530000
6b93de3a68a839b8d8129931fa40b649436ed214,6926610db1dfc17aca46a6f67789d7d6c24a7185,CAD,Executed,v3,,,5300313e698b5062bfe820f7efc7571699b4bb4c,vertical 2,type 8,4.76,9e2b06736b477b7a924f60de14a7e329d82d6f4f,2009-06-30 14:37:19.701627,2009-06-30 14:38:13.533413,2009-06-30 14:37:25.230251,2009-06-30 14:38:13.533413,,2009-06-30 14:37:21.317927,2009-06-30 14:38:11.818081,
c63cd46370dd37498a2c47ecbbcbfc95da4ecc34,0c13594466c8f4c9996801c4cc3f822975978c2d,USD,Executed,v3,,,6b9aa19c38a47a7d809eb3203685aaf80e25e9d6,vertical 2,type 3,2.0,f69ad584c025f9b756ce1e8c70de3a33aef50b32,2010-01-10 21:08:21.111849,2010-01-10 21:08:54.363011,2010-01-10 21:08:26.268195,2010-01-10 21:08:54.363011,,2010-01-10 21:08:24.176601,2010-01-10 21:08:53.047981,2010-01-10 21:08:54.000000
84ae2197b102191b82341bd0fb4f646a488c4530,0c13594466c8f4c9996801c4cc3f822975978c2d,USD,initiated,v3,,,6b9aa19c38a47a7d809eb3203685aaf80e25e9d6,vertical 2,type 3,2.6,f69ad584c025f9b756ce1e8c70de3a33aef50b32,2010-01-23 21:58:55.845985,2010-01-23 21:59:03.043864,2010-01-23 21:59:03.043864,,,2010-01-23 21:59:00.355634,,
2b041d405462caec53f1404f4fe6a9191fe94c09,0c13594466c8f4c9996801c4cc3f822975978c2d,USD,Executed,v3,,,6b9aa19c38a47a7d809eb3203685aaf80e25e9d6,vertical 2,type 3,1.0,f69ad584c025f9b756ce1e8c70de3a33aef50b32,2010-01-23 19:26:04.597298,2010-01-23 19:26:28.140932,2010-01-23 19:26:10.757285,2010-01-23 19:26:28.140932,,2010-01-23 19:26:08.579818,2010-01-23 19:26:27.075659,2010-01-23 19:26:28.000000
434f451e41421d0e02bb11917cd00ca29e09a1bc,6cd7d8d37b110668afdca42fc0e1d366b322783e,CAD,failed,v3,expired,initiated,64c370a753b1db282770cdbf2aba5434a3185b3d,vertical 2,type 8,46.76,9e2b06736b477b7a924f60de14a7e329d82d6f4f,2009-09-24 22:23:44.720105,2009-09-24 22:38:44.798359,2009-09-24 22:23:48.826837,,2009-09-24 22:38:44.798359,2009-09-24 22:23:45.438104,,
2782373abd39c1242ac7a28cb19c7e32fafe47c7,b5ab8f51d35b64af079485e5bbbc335213f3a0ae,CAD,Executed,v3,,,f66f2f438fc87dd7deff8e022a67cc5d71aa6968,vertical 2,type 8,4.98,9e2b06736b477b7a924f60de14a7e329d82d6f4f,2009-10-30 09:57:06.417535,2009-10-30 09:57:34.068552,2009-10-30 09:57:11.338704,2009-10-30 09:57:33.938578,,2009-10-30 09:57:07.639834,2009-10-30 09:57:30.878399,2009-10-30 09:57:34.068552
801716dd0f94f3e12b2bc923db649d9b3c83de39,0090e57640ed78b0c16ac4606a6773769545bb17,CAD,Executed,v3,,,64c370a753b1db282770cdbf2aba5434a3185b3d,vertical 2,type 8,1.89,9e2b06736b477b7a924f60de14a7e329d82d6f4f,2009-10-20 18:32:49.755355,2009-10-20 18:33:33.422842,2009-10-20 18:32:56.692566,2009-10-20 18:33:33.422842,,2009-10-20 18:32:50.595732,2009-10-20 18:33:32.060100,2009-10-20 18:33:33.422842
60aaffaf7fe6b3c39feaada7929a32d2f0986b4c,eb1c4738ae6ac9c907a46a541af2d02d6be2f05b,CAD,failed,v3,expired,authorizing,5300313e698b5062bfe820f7efc7571699b4bb4c,vertical 2,type 8,2.0,9e2b06736b477b7a924f60de14a7e329d82d6f4f,2009-01-11 13:17:26.706491,2009-01-11 13:32:26.799082,2009-01-11 13:17:33.780227,,2009-01-11 13:32:26.799082,2009-01-11 13:17:29.037030,,
2e13d9ba11cf01ac5aaff85e0270de36178873b2,b5ab8f51d35b64af079485e5bbbc335213f3a0ae,CAD,Executed,v3,,,f66f2f438fc87dd7deff8e022a67cc5d71aa6968,vertical 2,type 8,34.8,9e2b06736b477b7a924f60de14a7e329d82d6f4f,2010-01-08 09:30:19.212568,2010-01-08 09:30:41.147158,2010-01-08 09:30:27.559003,2010-01-08 09:30:41.147158,,2010-01-08 09:30:22.487657,2010-01-08 09:30:39.314279,2010-01-08 09:30:41.083000
e27914db4711fe60795a8799d5de8bb62577577b,0090e57640ed78b0c16ac4606a6773769545bb17,CAD,failed,v3,expired,initiated,64c370a753b1db282770cdbf2aba5434a3185b3d,vertical 2,type 8,18.06,9e2b06736b477b7a924f60de14a7e329d82d6f4f,2009-10-31 07:02:40.296055,2009-10-31 07:17:40.312242,2009-10-31 07:02:44.525353,,2009-10-31 07:17:40.312242,2009-10-31 07:02:40.621532,,
7521a3a123074e6abc542d529e33c10f227f5ba9,b5ab8f51d35b64af079485e5bbbc335213f3a0ae,CAD,Executed,v3,,,64c370a753b1db282770cdbf2aba5434a3185b3d,vertical 2,type 8,12.5,9e2b06736b477b7a924f60de14a7e329d82d6f4f,2009-12-02 13:30:16.736980,2009-12-02 13:30:49.873919,2009-12-02 13:30:24.750302,2009-12-02 13:30:49.873919,,2009-12-02 13:30:20.237929,2009-12-02 13:30:48.036565,2009-12-02 13:30:49.680000
8b1a610cea8d05feb4ea70482ca5e047a4078b9c,9108cac4c29bf1bc00d78fbe3824e8b7d4f147de,USD,Executed,v3,,,4bb19acaac03d1a7c05f861962da52c56cf580bc,vertical 2,type 3,0.0,a68db3fc75fd72a12bb2ad1442ff9927bd04139d,2008-04-02 11:30:28.017879,2008-04-02 12:43:09.749823,2008-04-02 11:30:46.406474,2008-04-02 12:43:09.749823,,2008-04-02 11:30:28.017879,2008-04-02 11:31:12.587840,
625d95897171c390d4d7ae0a4449acb73c52b1ab,6926610db1dfc17aca46a6f67789d7d6c24a7185,CAD,Executed,v3,,,64c370a753b1db282770cdbf2aba5434a3185b3d,vertical 2,type 8,5.0,9e2b06736b477b7a924f60de14a7e329d82d6f4f,2009-10-22 10:20:28.567004,2009-10-22 10:21:02.741921,2009-10-22 10:20:34.172655,2009-10-22 10:21:02.717975,,2009-10-22 10:20:29.575100,2009-10-22 10:21:00.928588,2009-10-22 10:21:02.741921
7e1c01917868e2f38f5d2a99aceb2d170d62f7b9,b7308502f039e303a048625c725d4aea3380c2ac,CAD,Executed,v1,,,c662c16eda20102b8bf391b6ed1f8d3ce4018da1,,type 8,0.0,9e2b06736b477b7a924f60de14a7e329d82d6f4f,2006-07-18 14:51:07.741591,2006-07-18 14:52:14.050967,,2006-07-18 14:52:14.050967,,,,
29c671ffc150b23e1490e0107b0b710f4d12b5eb,b5ab8f51d35b64af079485e5bbbc335213f3a0ae,CAD,Executed,v3,,,f66f2f438fc87dd7deff8e022a67cc5d71aa6968,vertical 2,type 8,4.0,9e2b06736b477b7a924f60de14a7e329d82d6f4f,2009-09-14 14:15:50.847045,2009-09-14 14:16:15.727682,2009-09-14 14:15:55.013743,2009-09-14 14:16:15.153268,,2009-09-14 14:15:51.760714,2009-09-14 14:16:13.646182,2009-09-14 14:16:15.727682
6433c248d14e1a7b3319e0588df6ccf3513e23ea,660054a4565377c6e43ff7709abf56d8494ba604,CAD,Executed,v3,,,f66f2f438fc87dd7deff8e022a67cc5d71aa6968,vertical 2,type 8,6.0,9e2b06736b477b7a924f60de14a7e329d82d6f4f,2010-01-17 09:11:17.126775,2010-01-17 09:12:16.010000,2010-01-17 09:11:37.814018,2010-01-17 09:12:16.010000,,2010-01-17 09:11:22.188867,2010-01-17 09:12:13.807555,2010-01-17 09:12:16.010000
12d3acef00d7a50a5a2158b2dbffc4701c68ef32,b7308502f039e303a048625c725d4aea3380c2ac,CAD,Executed,v3,,,5300313e698b5062bfe820f7efc7571699b4bb4c,vertical 2,type 8,2.0,9e2b06736b477b7a924f60de14a7e329d82d6f4f,2009-05-21 15:51:53.331281,2009-05-21 15:52:32.224052,2009-05-21 15:52:11.662296,2009-05-21 15:52:32.224052,,2009-05-21 15:51:57.405389,2009-05-21 15:52:29.980034,
52192f734fbf7534b07b8eff05e619579a8d803e,f4203d6b7658cb7252d6afdf95a6b692e93c2f7b,CAD,Executed,v3,,,d31fab6a6a6045defebf2e83a31a99d5704de6b0,vertical 4,type 8,5.8,9e2b06736b477b7a924f60de14a7e329d82d6f4f,2010-02-08 21:23:02.488965,2010-02-08 21:24:13.660000,2010-02-08 21:23:12.239744,2010-02-08 21:24:13.660000,,2010-02-08 21:23:05.578462,2010-02-08 21:24:12.222803,2010-02-08 21:24:13.660000
72722384b9bfa951888228be9575dcd70fd06444,0090e57640ed78b0c16ac4606a6773769545bb17,CAD,failed,v3,provider_rejected,authorized,d31fab6a6a6045defebf2e83a31a99d5704de6b0,vertical 4,type 8,60.7,9e2b06736b477b7a924f60de14a7e329d82d6f4f,2010-01-01 21:22:17.231107,2010-01-01 21:22:55.057487,2010-01-01 21:22:23.239544,,2010-01-01 21:22:55.057487,2010-01-01 21:22:18.312071,2010-01-01 21:22:52.398295,
4d4a93e14388ba985b3cead373330c4e677091ac,b5ab8f51d35b64af079485e5bbbc335213f3a0ae,CAD,Executed,v3,,,f66f2f438fc87dd7deff8e022a67cc5d71aa6968,vertical 2,type 8,10.0,9e2b06736b477b7a924f60de14a7e329d82d6f4f,2009-09-28 17:40:30.375756,2009-09-28 17:41:03.476027,2009-09-28 17:40:37.680374,2009-09-28 17:41:02.619704,,2009-09-28 17:40:32.555759,2009-09-28 17:41:01.059058,2009-09-28 17:41:03.476027
cce0f21daf3ea6f86887aa2fa4ea5a42c8cdeb18,b5ab8f51d35b64af079485e5bbbc335213f3a0ae,CAD,Executed,v3,,,f66f2f438fc87dd7deff8e022a67cc5d71aa6968,vertical 2,type 8,10.0,9e2b06736b477b7a924f60de14a7e329d82d6f4f,2010-01-14 09:06:19.504710,2010-01-14 09:07:15.277000,2010-01-14 09:06:52.724646,2010-01-14 09:07:13.704248,,2010-01-14 09:06:22.207663,2010-01-14 09:07:12.097335,2010-01-14 09:07:15.277000
1b8d77ab8632994726dbc43add92ecdeae281cc7,f4203d6b7658cb7252d6afdf95a6b692e93c2f7b,CAD,Executed,v3,,,f66f2f438fc87dd7deff8e022a67cc5d71aa6968,vertical 2,type 8,8.65,9e2b06736b477b7a924f60de14a7e329d82d6f4f,2010-01-30 07:35:07.847053,2010-01-30 07:35:25.490000,2010-01-30 07:35:11.505358,2010-01-30 07:35:25.490000,,2010-01-30 07:35:08.390442,2010-01-30 07:35:23.848638,2010-01-30 07:35:25.490000
e6f3a91f3cfb475d774a67574f212b5de9120ac7,0090e57640ed78b0c16ac4606a6773769545bb17,CAD,Executed,v3,,,d31fab6a6a6045defebf2e83a31a99d5704de6b0,vertical 4,type 8,3.61,9e2b06736b477b7a924f60de14a7e329d82d6f4f,2009-12-24 18:02:24.633909,2009-12-24 18:03:16.457000,2009-12-24 18:02:32.231680,2009-12-24 18:03:16.457000,,2009-12-24 18:02:26.516398,2009-12-24 18:03:15.433818,2009-12-24 18:03:16.457000
4f83e7282565da37ed2cd6455ab41f139cc51caf,e67095adf654ddc631bcfd3f7aa3c7e43424ce0f,CAD,Executed,v3,,,64c370a753b1db282770cdbf2aba5434a3185b3d,vertical 2,type 8,0.11,9e2b06736b477b7a924f60de14a7e329d82d6f4f,2009-12-15 15:52:53.296716,2009-12-15 15:54:50.560000,2009-12-15 15:53:08.032399,2009-12-15 15:54:50.450246,,2009-12-15 15:52:56.736504,2009-12-15 15:54:49.148335,2009-12-15 15:54:50.560000
421ffc5de2ce1241c728896a346466fcd9cae34d,eb1c4738ae6ac9c907a46a541af2d02d6be2f05b,CAD,failed,v3,canceled,authorizing,64c370a753b1db282770cdbf2aba5434a3185b3d,vertical 2,type 8,1.26,9e2b06736b477b7a924f60de14a7e329d82d6f4f,2009-10-14 07:15:56.392907,2009-10-14 07:16:06.795949,,,2009-10-14 07:16:06.795949,2009-10-14 07:15:57.502445,,
0fe1ccecba7ab63b2e96912675ecca52615f174e,6926610db1dfc17aca46a6f67789d7d6c24a7185,CAD,Executed,v3,,,64c370a753b1db282770cdbf2aba5434a3185b3d,vertical 2,type 8,3.31,9e2b06736b477b7a924f60de14a7e329d82d6f4f,2010-01-31 17:48:22.832135,2010-01-31 17:48:51.232481,2010-01-31 17:48:26.591036,2010-01-31 17:48:51.232481,,2010-01-31 17:48:23.452185,2010-01-31 17:48:49.774569,2010-01-31 17:48:50.987000
b080624dcfe3991d16adc12fdf2f2893eb0c4700,e8085010136a26d0ebc200ac0751b1d9d673a764,CAD,failed,v3,expired,initiated,64c370a753b1db282770cdbf2aba5434a3185b3d,vertical 2,type 8,34.15,9e2b06736b477b7a924f60de14a7e329d82d6f4f,2009-10-29 14:42:05.407584,2009-10-29 14:57:05.446639,2009-10-29 14:42:10.985568,,2009-10-29 14:57:05.446639,2009-10-29 14:42:06.705968,,
5f1aa0f971a05a83a24bd359d2e7731716d387d2,b7308502f039e303a048625c725d4aea3380c2ac,CAD,Executed,v3,,,64c370a753b1db282770cdbf2aba5434a3185b3d,vertical 2,type 8,31.52,9e2b06736b477b7a924f60de14a7e329d82d6f4f,2010-01-02 05:03:36.332395,2010-01-02 05:04:57.543000,2010-01-02 05:04:41.188564,2010-01-02 05:04:57.543000,,2010-01-02 05:03:39.767232,2010-01-02 05:04:56.037131,2010-01-02 05:04:57.543000
fa1bd29c8cdc9bbff8db9ae7f7c817912a343e2a,b5ab8f51d35b64af079485e5bbbc335213f3a0ae,CAD,Executed,v3,,,f66f2f438fc87dd7deff8e022a67cc5d71aa6968,vertical 2,type 8,16.58,9e2b06736b477b7a924f60de14a7e329d82d6f4f,2009-08-20 14:55:05.325599,2009-08-20 14:55:34.229429,2009-08-20 14:55:10.116639,2009-08-20 14:55:32.164959,,2009-08-20 14:55:06.171088,2009-08-20 14:55:30.320526,2009-08-20 14:55:34.229429
49dd6a481a131ba85127f4adec96881bdb814aa1,b5ab8f51d35b64af079485e5bbbc335213f3a0ae,CAD,Executed,v3,,,f66f2f438fc87dd7deff8e022a67cc5d71aa6968,vertical 2,type 8,7.52,9e2b06736b477b7a924f60de14a7e329d82d6f4f,2009-11-25 13:45:24.545757,2009-11-25 13:45:50.520000,2009-11-25 13:45:30.474035,2009-11-25 13:45:50.419110,,2009-11-25 13:45:27.231556,2009-11-25 13:45:48.703854,2009-11-25 13:45:50.520000
69e218efd4fc44d09f5a4a5c5c4fbfeba63645c7,b5ab8f51d35b64af079485e5bbbc335213f3a0ae,CAD,Executed,v3,,,f66f2f438fc87dd7deff8e022a67cc5d71aa6968,vertical 2,type 8,0.5,9e2b06736b477b7a924f60de14a7e329d82d6f4f,2009-06-16 15:29:12.820882,2009-06-16 15:29:45.226816,2009-06-16 15:29:17.984908,2009-06-16 15:29:45.226816,,2009-06-16 15:29:13.933642,2009-06-16 15:29:42.742762,2009-06-16 15:29:45.226816
bec9f0d64212d72c6365646d96b3ca1346481682,0090e57640ed78b0c16ac4606a6773769545bb17,CAD,Executed,v3,,,d31fab6a6a6045defebf2e83a31a99d5704de6b0,vertical 4,type 8,2.68,9e2b06736b477b7a924f60de14a7e329d82d6f4f,2010-01-24 10:32:49.939834,2010-01-24 10:33:59.600000,2010-01-24 10:32:58.844736,2010-01-24 10:33:59.600000,,2010-01-24 10:32:53.348233,2010-01-24 10:33:58.929316,2010-01-24 10:33:59.600000
d5c4ff6d4793a80c778b7c9ba7d01fe87fb3012d,e8085010136a26d0ebc200ac0751b1d9d673a764,CAD,Executed,v3,,,f66f2f438fc87dd7deff8e022a67cc5d71aa6968,vertical 2,type 8,3.5,9e2b06736b477b7a924f60de14a7e329d82d6f4f,2009-08-01 14:14:04.201920,2009-08-01 14:14:56.543044,2009-08-01 14:14:15.212368,2009-08-01 14:14:56.543044,,2009-08-01 14:14:04.722284,2009-08-01 14:14:52.727294,2009-08-01 14:14:56.543044
cf83393fa9a0f18e39a4c76d2351fd3683b39547,6926610db1dfc17aca46a6f67789d7d6c24a7185,CAD,Executed,v3,,,64c370a753b1db282770cdbf2aba5434a3185b3d,vertical 2,type 8,4.41,9e2b06736b477b7a924f60de14a7e329d82d6f4f,2009-07-28 18:47:32.595471,2009-07-28 18:48:12.158455,2009-07-28 18:47:40.742243,2009-07-28 18:48:12.158455,,2009-07-28 18:47:33.729921,2009-07-28 18:48:10.311500,2009-07-28 18:48:12.158455
502f3e8bd399edaa196477606d15e561495f3ec6,f4203d6b7658cb7252d6afdf95a6b692e93c2f7b,CAD,failed,v3,not_authorized,initiated,f66f2f438fc87dd7deff8e022a67cc5d71aa6968,vertical 2,type 8,9.0,9e2b06736b477b7a924f60de14a7e329d82d6f4f,2009-11-07 15:35:05.993301,2009-11-07 15:35:38.283321,2009-11-07 15:35:11.036938,,2009-11-07 15:35:38.283321,2009-11-07 15:35:06.422436,,
fecd83801b2fb1c6fdb9e812a2ddd974b630ea54,6cd7d8d37b110668afdca42fc0e1d366b322783e,CAD,Executed,v3,,,64c370a753b1db282770cdbf2aba5434a3185b3d,vertical 2,type 8,5.87,9e2b06736b477b7a924f60de14a7e329d82d6f4f,2010-01-15 15:05:36.726827,2010-01-15 15:06:09.627597,2010-01-15 15:05:43.011247,2010-01-15 15:06:09.627597,,2010-01-15 15:05:39.784404,2010-01-15 15:06:08.269882,2010-01-15 15:06:09.577000
3aa13f1aa5b03338654bebf321af853d06f32c00,6cd7d8d37b110668afdca42fc0e1d366b322783e,CAD,Executed,v3,,,134be5823bcfd7214cd8cf7b4f431eeb912e10ab,vertical 2,type 8,83.25,9e2b06736b477b7a924f60de14a7e329d82d6f4f,2009-05-15 09:28:36.309714,2009-05-15 09:29:40.709764,2009-05-15 09:28:51.243536,2009-05-15 09:29:40.709764,,2009-05-15 09:28:37.859439,2009-05-15 09:29:37.846423,
ef3feab39e70cac22de7ffc4fc740185f57e0b4c,6926610db1dfc17aca46a6f67789d7d6c24a7185,CAD,Executed,v3,,,134be5823bcfd7214cd8cf7b4f431eeb912e10ab,vertical 2,type 8,50.0,9e2b06736b477b7a924f60de14a7e329d82d6f4f,2009-01-29 08:33:55.452471,2009-01-29 08:35:26.042949,2009-01-29 08:34:04.277143,2009-01-29 08:35:26.042949,,2009-01-29 08:33:57.815662,2009-01-29 08:35:26.040403,
5edfa612460b6460ed16691762763a7f691ed7ef,fa485aff3f9e34d55d25f78856d4a2526a5f8e6f,CAD,Executed,v3,,,5300313e698b5062bfe820f7efc7571699b4bb4c,vertical 2,type 8,3.66,9e2b06736b477b7a924f60de14a7e329d82d6f4f,2009-08-31 13:55:09.053625,2009-08-31 13:55:45.903798,2009-08-31 13:55:16.668311,2009-08-31 13:55:45.903798,,2009-08-31 13:55:11.184970,2009-08-31 13:55:43.454334,
7f78e9b072f39d4d0270574ab9e0252d51089e08,b5ab8f51d35b64af079485e5bbbc335213f3a0ae,CAD,Executed,v3,,,f66f2f438fc87dd7deff8e022a67cc5d71aa6968,vertical 2,type 8,13.16,9e2b06736b477b7a924f60de14a7e329d82d6f4f,2009-12-31 07:43:24.995846,2009-12-31 07:44:06.623000,2009-12-31 07:43:31.438189,2009-12-31 07:44:06.529864,,2009-12-31 07:43:26.178405,2009-12-31 07:44:04.947038,2009-12-31 07:44:06.623000
efb27dc0e7cdd4f8f54d820eb645e02cfb374a47,6cd7d8d37b110668afdca42fc0e1d366b322783e,CAD,Executed,v3,,,f66f2f438fc87dd7deff8e022a67cc5d71aa6968,vertical 2,type 8,8.5,9e2b06736b477b7a924f60de14a7e329d82d6f4f,2009-08-09 15:36:43.982520,2009-08-09 15:37:56.311828,2009-08-09 15:36:57.688108,2009-08-09 15:37:51.131320,,2009-08-09 15:36:44.686028,2009-08-09 15:37:49.594968,2009-08-09 15:37:56.311828
3353e03fa6005f6c9c560919cdb3ceb887e03b89,b5ab8f51d35b64af079485e5bbbc335213f3a0ae,CAD,Executed,v3,,,f66f2f438fc87dd7deff8e022a67cc5d71aa6968,vertical 2,type 8,13.0,9e2b06736b477b7a924f60de14a7e329d82d6f4f,2009-07-03 16:11:09.140472,2009-07-03 16:11:48.041747,2009-07-03 16:11:15.762206,2009-07-03 16:11:47.155411,,2009-07-03 16:11:09.721372,2009-07-03 16:11:45.065138,2009-07-03 16:11:48.041747
11559b599e2652ec35404579207c0afa65b3d85e,6926610db1dfc17aca46a6f67789d7d6c24a7185,CAD,Executed,v3,,,64c370a753b1db282770cdbf2aba5434a3185b3d,vertical 2,type 8,4.49,9e2b06736b477b7a924f60de14a7e329d82d6f4f,2009-12-22 16:43:22.146734,2009-12-22 16:44:23.100000,2009-12-22 16:43:27.660123,2009-12-22 16:44:21.700576,,2009-12-22 16:43:22.582614,2009-12-22 16:44:20.035475,2009-12-22 16:44:23.100000
df37f482a1a6c05318a0bc5df84f8fff5f54a1e7,660054a4565377c6e43ff7709abf56d8494ba604,CAD,failed,v3,expired,initiated,64c370a753b1db282770cdbf2aba5434a3185b3d,vertical 2,type 8,30.0,9e2b06736b477b7a924f60de14a7e329d82d6f4f,2009-12-26 13:52:16.968786,2009-12-26 14:07:17.194608,2009-12-26 13:52:21.102464,,2009-12-26 14:07:17.194608,2009-12-26 13:52:17.515189,,
d250571dc3657dd52a1c2dde88640de54cf736fc,b5ab8f51d35b64af079485e5bbbc335213f3a0ae,CAD,Executed,v3,,,64c370a753b1db282770cdbf2aba5434a3185b3d,vertical 2,type 8,50.0,9e2b06736b477b7a924f60de14a7e329d82d6f4f,2010-01-23 05:59:51.743362,2010-01-23 06:01:12.977000,2010-01-23 06:00:05.052118,2010-01-23 06:01:12.965834,,2010-01-23 05:59:58.114047,2010-01-23 06:01:11.220794,2010-01-23 06:01:12.977000
918e6feeea78c2188c04756795f97c2e16bca4b9,e8085010136a26d0ebc200ac0751b1d9d673a764,CAD,failed,v3,canceled,authorizing,134be5823bcfd7214cd8cf7b4f431eeb912e10ab,vertical 2,type 8,12.5,9e2b06736b477b7a924f60de14a7e329d82d6f4f,2009-02-05 15:18:26.119782,2009-02-05 15:20:38.581622,2009-02-05 15:19:43.931587,,2009-02-05 15:20:38.581622,2009-02-05 15:18:29.359080,,
fa15a565020927ffc87567f93c8276ce81c9117c,e67095adf654ddc631bcfd3f7aa3c7e43424ce0f,CAD,Executed,v3,,,134be5823bcfd7214cd8cf7b4f431eeb912e10ab,vertical 2,type 8,50.0,9e2b06736b477b7a924f60de14a7e329d82d6f4f,2010-01-01 13:33:12.581114,2010-01-01 13:34:10.666461,2010-01-01 13:33:24.458402,2010-01-01 13:34:10.666461,,2010-01-01 13:33:19.418195,2010-01-01 13:34:08.021379,
860b050b07084845359a2fcfe00f05025b4a87c1,b5ab8f51d35b64af079485e5bbbc335213f3a0ae,CAD,Executed,v3,,,02abfe216906d699a48d39d56b71327b294027cb,vertical 2,type 8,6.8,9e2b06736b477b7a924f60de14a7e329d82d6f4f,2008-12-10 12:14:41.843948,2008-12-10 12:15:57.219106,2008-12-10 12:14:52.211072,2008-12-10 12:15:57.219106,,2008-12-10 12:14:45.155805,2008-12-10 12:15:55.160704,2008-12-10 12:15:57.219106
b3f43497eb0d892bbdc16f7f1807c172b48efbd2,6926610db1dfc17aca46a6f67789d7d6c24a7185,CAD,Executed,v3,,,02abfe216906d699a48d39d56b71327b294027cb,vertical 2,type 8,500.0,9e2b06736b477b7a924f60de14a7e329d82d6f4f,2008-09-20 15:18:59.258950,2008-09-20 15:19:47.502301,2008-09-20 15:19:09.122445,2008-09-20 15:19:46.994644,,2008-09-20 15:19:00.615559,2008-09-20 15:19:46.979961,2008-09-20 15:19:47.502301
3ca19383979d9e04418eec78f1e68c44866ea02f,64a5ec02300204a41e41fb8e16a99eb7766af470,CAD,failed,v3,canceled,authorizing,134be5823bcfd7214cd8cf7b4f431eeb912e10ab,vertical 2,type 8,1.0,9e2b06736b477b7a924f60de14a7e329d82d6f4f,2009-02-11 02:45:26.226735,2009-02-11 02:46:41.017343,2009-02-11 02:46:30.184959,,2009-02-11 02:46:41.017343,2009-02-11 02:45:31.094826,,
8a4888bf36de403d7d65fe91f7331e1f3cc5b471,0090e57640ed78b0c16ac4606a6773769545bb17,CAD,Executed,v3,,,f66f2f438fc87dd7deff8e022a67cc5d71aa6968,vertical 2,type 8,4.0,9e2b06736b477b7a924f60de14a7e329d82d6f4f,2010-01-01 18:20:35.137169,2010-01-01 18:21:25.220000,2010-01-01 18:20:47.629639,2010-01-01 18:21:25.220000,,2010-01-01 18:20:40.604221,2010-01-01 18:21:24.241289,2010-01-01 18:21:25.220000
f48fbaf95e4f2fef54ecb3c99958575dc1987abe,b5ab8f51d35b64af079485e5bbbc335213f3a0ae,CAD,failed,v3,canceled,authorizing,f66f2f438fc87dd7deff8e022a67cc5d71aa6968,vertical 2,type 8,2.86,9e2b06736b477b7a924f60de14a7e329d82d6f4f,2009-08-28 12:49:31.774966,2009-08-28 12:49:42.731770,,,2009-08-28 12:49:42.731770,2009-08-28 12:49:32.522296,,
f8f2f5ab6a98250862236877de3fddf56ad0b5d8,b5ab8f51d35b64af079485e5bbbc335213f3a0ae,CAD,failed,v3,canceled,initiated,d292da2283043c07accb1086a004caaf05472d44,vertical 5,type 8,10.0,9e2b06736b477b7a924f60de14a7e329d82d6f4f,2009-04-05 04:49:55.551694,2009-04-05 04:51:28.753464,2009-04-05 04:50:05.078195,,2009-04-05 04:51:28.753464,2009-04-05 04:49:59.919783,,
9494c22476244df3a54285f759a4bd15ccfc8231,b5ab8f51d35b64af079485e5bbbc335213f3a0ae,CAD,Executed,v3,,,64c370a753b1db282770cdbf2aba5434a3185b3d,vertical 2,type 8,10.0,9e2b06736b477b7a924f60de14a7e329d82d6f4f,2010-01-20 05:42:53.572592,2010-01-20 05:43:27.310000,2010-01-20 05:43:00.986519,2010-01-20 05:43:24.293512,,2010-01-20 05:42:53.975035,2010-01-20 05:43:22.534519,2010-01-20 05:43:27.310000
53bff3e11aea3ea51aba5722e55fd35174969c90,b7308502f039e303a048625c725d4aea3380c2ac,CAD,failed,v3,expired,initiated,64c370a753b1db282770cdbf2aba5434a3185b3d,vertical 2,type 8,46.18,9e2b06736b477b7a924f60de14a7e329d82d6f4f,2009-08-11 11:55:50.267097,2009-08-11 12:10:50.490420,2009-08-11 11:55:58.325377,,2009-08-11 12:10:50.490420,2009-08-11 11:55:50.812523,,
a708985cb23a75a937491951039c94a3a91399a5,e8085010136a26d0ebc200ac0751b1d9d673a764,CAD,Executed,v3,,,64c370a753b1db282770cdbf2aba5434a3185b3d,vertical 2,type 8,7.5,9e2b06736b477b7a924f60de14a7e329d82d6f4f,2009-11-06 13:44:22.947640,2009-11-06 13:45:31.173000,2009-11-06 13:44:30.516820,2009-11-06 13:45:29.559136,,2009-11-06 13:44:23.535137,2009-11-06 13:45:25.679934,2009-11-06 13:45:31.173000
aa65cbb5a7c92bbd460c0b71c1b59fab1a98a4e6,e8085010136a26d0ebc200ac0751b1d9d673a764,CAD,Executed,v3,,,64c370a753b1db282770cdbf2aba5434a3185b3d,vertical 2,type 8,5.0,9e2b06736b477b7a924f60de14a7e329d82d6f4f,2009-11-07 02:36:26.458138,2009-11-07 02:37:08.586874,2009-11-07 02:36:42.701020,2009-11-07 02:37:08.586874,,2009-11-07 02:36:28.583440,2009-11-07 02:37:05.488023,2009-11-07 02:37:08.193000
19c4080ea2f340ebbf09974a384246fa3a766979,b7308502f039e303a048625c725d4aea3380c2ac,CAD,Executed,v1,,,d292da2283043c07accb1086a004caaf05472d44,vertical 5,type 8,2.0,9e2b06736b477b7a924f60de14a7e329d82d6f4f,2007-12-01 19:28:25.697792,2007-12-01 19:28:45.085830,,2007-12-01 19:28:45.085830,,,,
626e6ff376ea8f002b4afc7abfc28cbe99b1e7bd,6926610db1dfc17aca46a6f67789d7d6c24a7185,CAD,Executed,v3,,,5300313e698b5062bfe820f7efc7571699b4bb4c,vertical 2,type 8,0.6,9e2b06736b477b7a924f60de14a7e329d82d6f4f,2009-06-26 08:10:50.265556,2009-06-26 08:11:29.030226,2009-06-26 08:10:56.412860,2009-06-26 08:11:29.030226,,2009-06-26 08:10:51.740102,2009-06-26 08:11:26.283631,
a8b85806d57293be883a504326892fc68b2e6a56,6926610db1dfc17aca46a6f67789d7d6c24a7185,CAD,Executed,v3,,,5300313e698b5062bfe820f7efc7571699b4bb4c,vertical 2,type 8,15.0,9e2b06736b477b7a924f60de14a7e329d82d6f4f,2010-01-02 14:25:28.209413,2010-01-02 14:26:10.091662,2010-01-02 14:25:34.189127,2010-01-02 14:26:10.091662,,2010-01-02 14:25:30.843717,2010-01-02 14:26:08.666101,
24fd9208a034ae387183796ca472afdad51e2cad,660054a4565377c6e43ff7709abf56d8494ba604,CAD,Executed,v3,,,d31fab6a6a6045defebf2e83a31a99d5704de6b0,vertical 4,type 8,7.81,9e2b06736b477b7a924f60de14a7e329d82d6f4f,2009-12-23 20:57:51.180808,2009-12-23 20:58:42.647000,2009-12-23 20:57:57.671536,2009-12-23 20:58:42.647000,,2009-12-23 20:57:53.185377,2009-12-23 20:58:42.081738,2009-12-23 20:58:42.647000
b51d8653a197cee1da4cca10d4411eefcc3920e2,660054a4565377c6e43ff7709abf56d8494ba604,CAD,failed,v3,expired,initiated,d31fab6a6a6045defebf2e83a31a99d5704de6b0,vertical 4,type 8,3.1,9e2b06736b477b7a924f60de14a7e329d82d6f4f,2010-01-27 13:20:51.591587,2010-01-27 13:35:51.620094,2010-01-27 13:21:01.344911,,2010-01-27 13:35:51.620094,2010-01-27 13:20:56.049170,,
bcf0fa8490c03fe1ce95b2faf2326428f4a92de0,e8085010136a26d0ebc200ac0751b1d9d673a764,CAD,Executed,v3,,,d292da2283043c07accb1086a004caaf05472d44,vertical 5,type 8,1.5,9e2b06736b477b7a924f60de14a7e329d82d6f4f,2009-09-07 00:08:07.733140,2009-09-07 00:08:35.835207,2009-09-07 00:08:12.896485,2009-09-07 00:08:35.835207,,2009-09-07 00:08:10.112159,2009-09-07 00:08:32.183167,2009-09-07 00:08:35.835207
dd9ca47bf4472b23228a4ba312129bce5a1376d9,660054a4565377c6e43ff7709abf56d8494ba604,CAD,failed,v3,expired,initiated,d31fab6a6a6045defebf2e83a31a99d5704de6b0,vertical 4,type 8,7.14,9e2b06736b477b7a924f60de14a7e329d82d6f4f,2010-01-02 14:49:31.102249,2010-01-02 15:04:31.136229,2010-01-02 14:49:37.088092,,2010-01-02 15:04:31.136229,2010-01-02 14:49:33.029021,,
844da818ba39eb3e654d7a20e80cd872a5aad729,0090e57640ed78b0c16ac4606a6773769545bb17,CAD,Executed,v3,,,1911acfcfdc29f5349706da6c1494009e7125da0,vertical 5,type 8,10.0,9e2b06736b477b7a924f60de14a7e329d82d6f4f,2010-01-18 15:58:52.469391,2010-01-18 16:00:15.947000,2010-01-18 15:59:01.345041,2010-01-18 16:00:15.947000,,2010-01-18 15:58:58.469498,2010-01-18 16:00:14.930931,2010-01-18 16:00:15.947000
19345bcdc5a9d1073a8697be66997d2a1270ca6e,fa485aff3f9e34d55d25f78856d4a2526a5f8e6f,CAD,Executed,v3,,,01e10adf72398bdf40b668926be2809ccf68b4dd,vertical 2,type 8,32.18,9e2b06736b477b7a924f60de14a7e329d82d6f4f,2008-07-19 09:24:30.413603,2008-07-19 09:25:14.487490,2008-07-19 09:24:41.024050,2008-07-19 09:25:14.487490,,2008-07-19 09:24:35.395638,2008-07-19 09:25:12.008463,
88fecb9d7ffc1fb2855b12f458521b7bbf98be5c,b5ab8f51d35b64af079485e5bbbc335213f3a0ae,CAD,failed,v3,expired,authorizing,02abfe216906d699a48d39d56b71327b294027cb,vertical 2,type 8,20.0,9e2b06736b477b7a924f60de14a7e329d82d6f4f,2008-12-16 23:30:57.971921,2008-12-16 23:45:58.324918,2008-12-16 23:31:22.919011,,2008-12-16 23:45:58.324918,2008-12-16 23:31:01.896840,,
986ab6732c0830e5977266cb1ee192a30cfedc6c,b5ab8f51d35b64af079485e5bbbc335213f3a0ae,CAD,failed,v3,expired,authorizing,02abfe216906d699a48d39d56b71327b294027cb,vertical 2,type 8,1.7,9e2b06736b477b7a924f60de14a7e329d82d6f4f,2008-08-16 16:31:45.661527,2008-08-16 16:46:45.683692,2008-08-16 16:31:53.266686,,2008-08-16 16:46:45.683692,2008-08-16 16:31:47.830661,,
4dc282b675b34ad78f6cd9ff06190f7d7b1196c8,6cd7d8d37b110668afdca42fc0e1d366b322783e,CAD,Executed,v3,,,01e10adf72398bdf40b668926be2809ccf68b4dd,vertical 2,type 8,16.19,9e2b06736b477b7a924f60de14a7e329d82d6f4f,2009-05-08 07:06:42.415168,2009-05-08 07:07:33.492023,2009-05-08 07:06:46.082418,2009-05-08 07:07:33.492023,,2009-05-08 07:06:43.163905,2009-05-08 07:07:30.615144,
8665b7e7cf8a0c79bb93356307e07a154ede4647,fa485aff3f9e34d55d25f78856d4a2526a5f8e6f,CAD,Executed,v3,,,01e10adf72398bdf40b668926be2809ccf68b4dd,vertical 2,type 8,100.75,9e2b06736b477b7a924f60de14a7e329d82d6f4f,2009-09-20 09:26:33.925018,2009-09-20 09:26:46.935876,2009-09-20 09:26:37.086607,2009-09-20 09:26:46.935876,,2009-09-20 09:26:34.437936,2009-09-20 09:26:44.176248,
2daef0da0b8925c73b693853fd11c6d9c6d002bb,660054a4565377c6e43ff7709abf56d8494ba604,CAD,Executed,v3,,,7212cf1b8e27486ec2eea681ab82e6c3f44f2970,vertical 2,type 8,25.0,9e2b06736b477b7a924f60de14a7e329d82d6f4f,2009-10-30 16:38:05.359871,2009-10-30 16:39:33.109580,2009-10-30 16:38:11.053058,2009-10-30 16:39:33.109580,,2009-10-30 16:38:07.236048,2009-10-30 16:39:30.351396,
1745afab266367acb1b23d14f4e3227be37e66cd,c16630b24e79837e63acc50389586106961f7ed2,USD,Executed,v3,,,7a2bce009f441ab34def6cf5f7574854e9fd076f,vertical 5,type 8,2.5,7ec009376b8bf0c03561b3f6ba251ab9d96efd42,2010-01-02 14:08:33.087526,2010-01-05 00:55:13.000000,2010-01-02 14:08:46.051483,2010-01-02 14:09:34.446849,,2010-01-02 14:08:39.824299,2010-01-02 14:09:34.443816,2010-01-05 00:55:13.000000
4777611b36d8ab2612461fb9c584794cfaa54fa9,b5ab8f51d35b64af079485e5bbbc335213f3a0ae,CAD,Executed,v3,,,7212cf1b8e27486ec2eea681ab82e6c3f44f2970,vertical 2,type 8,11.6,9e2b06736b477b7a924f60de14a7e329d82d6f4f,2009-07-29 11:02:44.145714,2009-07-29 11:04:43.732959,2009-07-29 11:03:01.898335,2009-07-29 11:04:43.732959,,2009-07-29 11:02:53.300654,2009-07-29 11:04:41.947967,
70b46d52b03fe548dd5cfb9952c74c39cdc00bc0,e8085010136a26d0ebc200ac0751b1d9d673a764,CAD,Executed,v3,,,7212cf1b8e27486ec2eea681ab82e6c3f44f2970,vertical 2,type 8,10.11,9e2b06736b477b7a924f60de14a7e329d82d6f4f,2010-01-05 21:06:59.950603,2010-01-05 21:09:11.808815,2010-01-05 21:07:09.609096,2010-01-05 21:09:11.808815,,2010-01-05 21:07:04.350159,2010-01-05 21:09:05.897900,
7ffc67b3b99a1bbc908add7a8982ab2684d2152b,6cd7d8d37b110668afdca42fc0e1d366b322783e,CAD,Executed,v3,,,7212cf1b8e27486ec2eea681ab82e6c3f44f2970,vertical 2,type 8,10.4,9e2b06736b477b7a924f60de14a7e329d82d6f4f,2009-08-15 11:42:07.427039,2009-08-15 11:45:58.335332,2009-08-15 11:42:21.188072,2009-08-15 11:45:58.335332,,2009-08-15 11:42:11.701670,2009-08-15 11:45:56.216942,
de79cd517508b20c06d2a11495f480888e5444bf,6926610db1dfc17aca46a6f67789d7d6c24a7185,CAD,failed,v3,expired,initiated,64c370a753b1db282770cdbf2aba5434a3185b3d,vertical 2,type 8,8.0,9e2b06736b477b7a924f60de14a7e329d82d6f4f,2010-01-16 19:52:46.884740,2010-01-16 20:07:46.948931,2010-01-16 19:52:50.928919,,2010-01-16 20:07:46.948931,2010-01-16 19:52:47.843797,,
7ec7a9106eb98a7fd58f878b9f00a4a0d8ba931c,fa485aff3f9e34d55d25f78856d4a2526a5f8e6f,CAD,Executed,v3,,,f66f2f438fc87dd7deff8e022a67cc5d71aa6968,vertical 2,type 8,3.0,9e2b06736b477b7a924f60de14a7e329d82d6f4f,2010-01-02 18:46:15.397441,2010-01-02 18:46:28.040000,2010-01-02 18:46:18.668547,2010-01-02 18:46:28.040000,,2010-01-02 18:46:16.085420,2010-01-02 18:46:26.013863,2010-01-02 18:46:28.040000
754dece2fa3b296953fe943361f23af13273076e,fa485aff3f9e34d55d25f78856d4a2526a5f8e6f,CAD,failed,v3,expired,initiated,7212cf1b8e27486ec2eea681ab82e6c3f44f2970,vertical 2,type 8,10.4,9e2b06736b477b7a924f60de14a7e329d82d6f4f,2009-08-01 13:43:39.952732,2009-08-01 13:58:49.027146,2009-08-01 13:43:49.120689,,2009-08-01 13:58:49.027146,2009-08-01 13:43:43.285236,,
13d17b70ee6edd599d7505cd8db466e0cd5d3975,c16630b24e79837e63acc50389586106961f7ed2,USD,Executed,v3,,,7a2bce009f441ab34def6cf5f7574854e9fd076f,vertical 5,type 8,5.0,7ec009376b8bf0c03561b3f6ba251ab9d96efd42,2009-04-11 14:16:10.399881,2009-04-13 11:10:59.924410,2009-04-11 14:16:26.090185,2009-04-11 14:17:11.973059,,2009-04-11 14:16:17.999327,2009-04-11 14:17:11.970664,2009-04-13 11:10:59.924410
ab75020a4750c8787c5878c3af1fc8c025da858e,c16630b24e79837e63acc50389586106961f7ed2,USD,Executed,v3,,,7a2bce009f441ab34def6cf5f7574854e9fd076f,vertical 5,type 8,5.0,7ec009376b8bf0c03561b3f6ba251ab9d96efd42,2009-02-02 09:35:50.761419,2009-02-04 10:09:51.512727,2009-02-02 09:36:13.556396,2009-02-02 09:37:34.339651,,2009-02-02 09:36:00.743703,2009-02-02 09:37:33.286522,2009-02-04 10:09:51.512727
65c523d236d41c2b0a1497c767f5424c0dfe2a09,3674b4d292131698ba6c946dda67a8fd8b63f12a,CAD,failed,v3,not_authorized,initiated,64c370a753b1db282770cdbf2aba5434a3185b3d,vertical 2,type 8,171.37,9e2b06736b477b7a924f60de14a7e329d82d6f4f,2009-09-08 14:49:47.343924,2009-09-08 14:50:14.892606,2009-09-08 14:49:57.724572,,2009-09-08 14:50:14.892606,2009-09-08 14:49:48.308968,,
b90989f6d7ba1c71e00c1d77cc2a4993df991e59,c6e647f7497bcd595c4e4cff311261cb006e88e5,USD,Executed,v3,,,7a2bce009f441ab34def6cf5f7574854e9fd076f,vertical 5,type 8,1.0,7ec009376b8bf0c03561b3f6ba251ab9d96efd42,2009-02-03 10:26:57.139928,2009-02-03 10:29:19.839974,2009-02-03 10:27:10.784698,2009-02-03 10:29:16.175699,,2009-02-03 10:27:04.517050,2009-02-03 10:29:13.990979,2009-02-03 10:29:19.839974
a6a73098d8a2a44dd172811052060ca5be979a09,c16630b24e79837e63acc50389586106961f7ed2,USD,initiated,v3,,,7a2bce009f441ab34def6cf5f7574854e9fd076f,vertical 5,type 8,4.0,7ec009376b8bf0c03561b3f6ba251ab9d96efd42,2009-12-11 23:04:10.122547,2009-12-11 23:04:52.854727,2009-12-11 23:04:52.854727,,,2009-12-11 23:04:29.531958,,
e578380d06bcac0391eea33186bcbd15ec8b0bef,fa485aff3f9e34d55d25f78856d4a2526a5f8e6f,CAD,Executed,v3,,,5300313e698b5062bfe820f7efc7571699b4bb4c,vertical 2,type 8,0.4,9e2b06736b477b7a924f60de14a7e329d82d6f4f,2008-11-06 23:01:03.273665,2008-11-06 23:01:26.446049,2008-11-06 23:01:10.046910,2008-11-06 23:01:26.446049,,2008-11-06 23:01:06.470692,2008-11-06 23:01:23.435114,
9c23db951832ca3d45a23340018c8ad791b758d6,660054a4565377c6e43ff7709abf56d8494ba604,CAD,failed,v3,not_authorized,initiated,5300313e698b5062bfe820f7efc7571699b4bb4c,vertical 2,type 8,1.0,9e2b06736b477b7a924f60de14a7e329d82d6f4f,2009-09-09 16:17:17.620006,2009-09-09 16:17:37.505672,2009-09-09 16:17:24.197511,,2009-09-09 16:17:37.505672,2009-09-09 16:17:19.064600,,
e4abc70943a70a6161ad6f57b10f853010312754,fa485aff3f9e34d55d25f78856d4a2526a5f8e6f,CAD,failed,v3,expired,authorizing,01e10adf72398bdf40b668926be2809ccf68b4dd,vertical 2,type 8,16.25,9e2b06736b477b7a924f60de14a7e329d82d6f4f,2009-01-09 10:42:18.589516,2009-01-09 10:57:18.788771,2009-01-09 10:42:26.877715,,2009-01-09 10:57:18.788771,2009-01-09 10:42:19.905484,,
f18e528a2d2d65fb5a4eed029875b8d3a5c96ccf,eb1c4738ae6ac9c907a46a541af2d02d6be2f05b,CAD,Executed,v3,,,1911acfcfdc29f5349706da6c1494009e7125da0,vertical 5,type 8,2.0,9e2b06736b477b7a924f60de14a7e329d82d6f4f,2010-02-05 22:03:49.706430,2010-02-05 22:04:23.804808,2010-02-05 22:03:53.404789,2010-02-05 22:04:23.804808,,2010-02-05 22:03:51.638926,2010-02-05 22:04:22.267824,2010-02-05 22:04:23.470000
1c66fbf3406103a6786a949ff49f4a6f0b82e469,6926610db1dfc17aca46a6f67789d7d6c24a7185,CAD,Executed,v3,,,f66f2f438fc87dd7deff8e022a67cc5d71aa6968,vertical 2,type 8,5.0,9e2b06736b477b7a924f60de14a7e329d82d6f4f,2010-01-16 05:06:20.457891,2010-01-16 05:07:04.074174,2010-01-16 05:06:25.931285,2010-01-16 05:07:04.074174,,2010-01-16 05:06:21.110626,2010-01-16 05:07:02.454150,2010-01-16 05:07:03.717000
06c43e4db2b9c4ec0ea0d605828bfd1a43394b37,34a0061ba48d1c2810cd930dd69d42482ca92d85,CAD,Executed,v3,,,f66f2f438fc87dd7deff8e022a67cc5d71aa6968,vertical 2,type 8,10.62,9e2b06736b477b7a924f60de14a7e329d82d6f4f,2009-11-13 21:18:46.348892,2009-11-13 21:19:13.697000,2009-11-13 21:18:59.863975,2009-11-13 21:19:13.565477,,2009-11-13 21:18:53.079429,2009-11-13 21:19:12.131483,2009-11-13 21:19:13.697000
3a70cdc45c04126be2fb2c2d50a800e52df66f29,6cd7d8d37b110668afdca42fc0e1d366b322783e,CAD,failed,v3,expired,initiated,f66f2f438fc87dd7deff8e022a67cc5d71aa6968,vertical 2,type 8,10.0,9e2b06736b477b7a924f60de14a7e329d82d6f4f,2010-01-02 22:47:58.229658,2010-01-02 23:02:58.373829,2010-01-02 22:48:11.188317,,2010-01-02 23:02:58.373829,2010-01-02 22:48:01.394262,,
d868c21f3741fe2936c178bea696fa9a7cdfbe7b,b5ab8f51d35b64af079485e5bbbc335213f3a0ae,CAD,Executed,v3,,,f66f2f438fc87dd7deff8e022a67cc5d71aa6968,vertical 2,type 8,12.51,9e2b06736b477b7a924f60de14a7e329d82d6f4f,2009-12-31 12:38:25.678580,2009-12-31 12:39:21.530000,2009-12-31 12:38:34.464543,2009-12-31 12:39:21.227276,,2009-12-31 12:38:26.508255,2009-12-31 12:39:19.590544,2009-12-31 12:39:21.530000
6ee9cb77a4c3df65a8f83e1cfed726661f9f4d43,4d762ce64874cd49be593313e92a1e61cf74417e,CAD,Executed,v3,,,f66f2f438fc87dd7deff8e022a67cc5d71aa6968,vertical 2,type 8,5.91,9e2b06736b477b7a924f60de14a7e329d82d6f4f,2010-01-30 08:24:05.111645,2010-01-30 08:24:43.450680,2010-01-30 08:24:16.518076,2010-01-30 08:24:43.450680,,2010-01-30 08:24:09.060717,2010-01-30 08:24:43.449224,2010-01-30 08:24:43.393000
c15dceaee38833bffa2fb28036036f5ff8e09576,0090e57640ed78b0c16ac4606a6773769545bb17,CAD,Executed,v3,,,64c370a753b1db282770cdbf2aba5434a3185b3d,vertical 2,type 8,2.2,9e2b06736b477b7a924f60de14a7e329d82d6f4f,2009-12-12 02:27:42.667759,2009-12-12 02:28:13.347000,2009-12-12 02:27:50.638728,2009-12-12 02:28:13.347000,,2009-12-12 02:27:46.039254,2009-12-12 02:28:12.513178,2009-12-12 02:28:13.347000
626148a3074ce4af3c7b8f47f3803203c0f54b2a,6cd7d8d37b110668afdca42fc0e1d366b322783e,CAD,Executed,v3,,,64c370a753b1db282770cdbf2aba5434a3185b3d,vertical 2,type 8,5.0,9e2b06736b477b7a924f60de14a7e329d82d6f4f,2009-10-19 13:39:11.671981,2009-10-19 13:40:10.452465,2009-10-19 13:39:20.100765,2009-10-19 13:40:07.815071,,2009-10-19 13:39:13.161675,2009-10-19 13:40:06.153607,2009-10-19 13:40:10.452465
660754454d44292d97c970369fc98a4c00b1feb9,660054a4565377c6e43ff7709abf56d8494ba604,CAD,failed,v3,user_canceled_at_provider,initiated,64c370a753b1db282770cdbf2aba5434a3185b3d,vertical 2,type 8,110.05,9e2b06736b477b7a924f60de14a7e329d82d6f4f,2009-12-16 13:59:36.074094,2009-12-16 14:06:55.553500,2009-12-16 13:59:47.092180,,2009-12-16 14:06:55.553500,2009-12-16 13:59:36.659168,,
862f1807b16a9e5d7e4e2579f0bfe1ed3decbe45,e8085010136a26d0ebc200ac0751b1d9d673a764,CAD,Executed,v3,,,5300313e698b5062bfe820f7efc7571699b4bb4c,vertical 2,type 8,0.6,9e2b06736b477b7a924f60de14a7e329d82d6f4f,2009-10-08 07:06:52.943448,2009-10-08 07:07:22.121461,2009-10-08 07:06:59.191558,2009-10-08 07:07:22.121461,,2009-10-08 07:06:55.306632,2009-10-08 07:07:19.218002,
1c35efeb35723fc3cf00b53b934edff675205023,e8085010136a26d0ebc200ac0751b1d9d673a764,CAD,Executed,v3,,,134be5823bcfd7214cd8cf7b4f431eeb912e10ab,vertical 2,type 8,60.0,9e2b06736b477b7a924f60de14a7e329d82d6f4f,2009-05-01 08:43:55.339550,2009-05-01 08:44:39.009925,2009-05-01 08:44:01.307796,2009-05-01 08:44:39.009925,,2009-05-01 08:43:57.246010,2009-05-01 08:44:36.363170,
72462eacedce34d8f736b3ee05bab8efa1d3047c,6cd7d8d37b110668afdca42fc0e1d366b322783e,CAD,Executed,v3,,,134be5823bcfd7214cd8cf7b4f431eeb912e10ab,vertical 2,type 8,32.91,9e2b06736b477b7a924f60de14a7e329d82d6f4f,2010-02-06 13:39:46.624748,2010-02-06 13:40:52.390087,2010-02-06 13:39:52.143359,2010-02-06 13:40:52.390087,,2010-02-06 13:39:48.618439,2010-02-06 13:40:49.981802,
b7201045ec3456951d15181ab0ef6d0c900a4e1d,b7308502f039e303a048625c725d4aea3380c2ac,CAD,Executed,v3,,,02abfe216906d699a48d39d56b71327b294027cb,vertical 2,type 8,5.5,9e2b06736b477b7a924f60de14a7e329d82d6f4f,2008-10-26 09:47:19.117898,2008-10-26 09:47:58.301048,2008-10-26 09:47:31.640273,2008-10-26 09:47:58.301048,,2008-10-26 09:47:21.795201,2008-10-26 09:47:56.064024,2008-10-26 09:47:58.301048
69bd310ae623f07e8b6c3a5f1321f9e1d87e86fb,e8085010136a26d0ebc200ac0751b1d9d673a764,CAD,Executed,v3,,,1911acfcfdc29f5349706da6c1494009e7125da0,vertical 5,type 8,8.0,9e2b06736b477b7a924f60de14a7e329d82d6f4f,2010-01-19 18:29:05.512688,2010-01-19 18:30:48.160000,2010-01-19 18:29:09.047055,2010-01-19 18:30:48.160000,,2010-01-19 18:29:07.471374,2010-01-19 18:30:45.098205,2010-01-19 18:30:48.160000
773907c16d5443bc91adf672ad23a3aac1e1fa2e,3674b4d292131698ba6c946dda67a8fd8b63f12a,CAD,Executed,v3,,,f66f2f438fc87dd7deff8e022a67cc5d71aa6968,vertical 2,type 8,9.46,9e2b06736b477b7a924f60de14a7e329d82d6f4f,2009-12-26 12:08:31.390977,2009-12-26 12:09:06.344100,2009-12-26 12:08:36.749026,2009-12-26 12:09:06.344100,,2009-12-26 12:08:32.165462,2009-12-26 12:09:03.992675,2009-12-26 12:09:05.777000
75e2e0ce28f0a5dfcc4cb2d4aa3f1dde6465883b,b5ab8f51d35b64af079485e5bbbc335213f3a0ae,CAD,Executed,v3,,,f66f2f438fc87dd7deff8e022a67cc5d71aa6968,vertical 2,type 8,4.6,9e2b06736b477b7a924f60de14a7e329d82d6f4f,2010-01-30 13:44:03.495532,2010-01-30 13:44:31.550000,2010-01-30 13:44:08.151351,2010-01-30 13:44:31.480650,,2010-01-30 13:44:03.963293,2010-01-30 13:44:29.978987,2010-01-30 13:44:31.550000
d2b568c49f7671608791ff8144f0fd1c987ec570,6cd7d8d37b110668afdca42fc0e1d366b322783e,CAD,failed,v3,not_authorized,initiated,f66f2f438fc87dd7deff8e022a67cc5d71aa6968,vertical 2,type 8,9.39,9e2b06736b477b7a924f60de14a7e329d82d6f4f,2009-07-16 19:48:27.006100,2009-07-16 19:48:46.907397,2009-07-16 19:48:32.773555,,2009-07-16 19:48:46.907397,2009-07-16 19:48:27.979122,,
2d161dcb64401a72f49ed9883573924cad6b803f,0090e57640ed78b0c16ac4606a6773769545bb17,CAD,Executed,v3,,,f66f2f438fc87dd7deff8e022a67cc5d71aa6968,vertical 2,type 8,2.21,9e2b06736b477b7a924f60de14a7e329d82d6f4f,2009-10-29 21:28:30.477138,2009-10-29 21:29:19.277619,2009-10-29 21:28:35.992417,2009-10-29 21:29:19.277619,,2009-10-29 21:28:31.612116,2009-10-29 21:29:17.953591,2009-10-29 21:29:19.277619
616e06117d6eda891b44f887fdff343f6a49a108,0090e57640ed78b0c16ac4606a6773769545bb17,CAD,failed,v3,expired,initiated,64c370a753b1db282770cdbf2aba5434a3185b3d,vertical 2,type 8,8.0,9e2b06736b477b7a924f60de14a7e329d82d6f4f,2010-01-29 23:37:36.299598,2010-01-29 23:52:36.465745,2010-01-29 23:37:47.244217,,2010-01-29 23:52:36.465745,2010-01-29 23:37:36.730524,,
df390a488ff5d5c78bdb9a181c0a6818b65fac4e,4d762ce64874cd49be593313e92a1e61cf74417e,CAD,Executed,v3,,,64c370a753b1db282770cdbf2aba5434a3185b3d,vertical 2,type 8,3.62,9e2b06736b477b7a924f60de14a7e329d82d6f4f,2010-01-06 05:56:25.659891,2010-01-06 05:56:54.233000,2010-01-06 05:56:33.867840,2010-01-06 05:56:54.233000,,2010-01-06 05:56:28.601902,2010-01-06 05:56:54.233000,2010-01-06 05:56:54.233000
62c538cabd1645cf9288b074b54afa136fb6e869,b5ab8f51d35b64af079485e5bbbc335213f3a0ae,CAD,failed,v3,expired,initiated,f66f2f438fc87dd7deff8e022a67cc5d71aa6968,vertical 2,type 8,20.0,9e2b06736b477b7a924f60de14a7e329d82d6f4f,2009-07-09 12:21:19.677784,2009-07-09 12:36:19.740200,2009-07-09 12:21:28.785923,,2009-07-09 12:36:19.740200,2009-07-09 12:21:20.583591,,
546d80f48061a30c07881805290d8193efdefdf1,c6e647f7497bcd595c4e4cff311261cb006e88e5,USD,Executed,v3,,,7a2bce009f441ab34def6cf5f7574854e9fd076f,vertical 5,type 8,1.0,7ec009376b8bf0c03561b3f6ba251ab9d96efd42,2009-05-03 11:21:18.877114,2009-05-03 11:22:03.630273,2009-05-03 11:21:27.193015,2009-05-03 11:21:47.078441,,2009-05-03 11:21:22.716127,2009-05-03 11:21:44.919846,2009-05-03 11:22:03.630273
82f3ee34a3a296691d10a59a5569b3cd96f6021f,c6e647f7497bcd595c4e4cff311261cb006e88e5,USD,Executed,v3,,,7a2bce009f441ab34def6cf5f7574854e9fd076f,vertical 5,type 8,1.0,7ec009376b8bf0c03561b3f6ba251ab9d96efd42,2008-11-12 21:08:18.154116,2008-11-12 21:08:59.937655,2008-11-12 21:08:23.809606,2008-11-12 21:08:53.317628,,2008-11-12 21:08:21.103088,2008-11-12 21:08:51.110300,2008-11-12 21:08:59.937655
685c059a500fc262847bd34f47dbb1dfbd5046fc,6926610db1dfc17aca46a6f67789d7d6c24a7185,CAD,Executed,v3,,,64c370a753b1db282770cdbf2aba5434a3185b3d,vertical 2,type 8,20.0,9e2b06736b477b7a924f60de14a7e329d82d6f4f,2009-10-08 04:05:25.134258,2009-10-08 04:06:07.145884,2009-10-08 04:05:29.785985,2009-10-08 04:06:07.145884,,2009-10-08 04:05:25.547269,2009-10-08 04:06:05.601164,2009-10-08 04:06:07.145884
5a45aeb6c57ff7661aca7315f0633b8f7491bc65,0090e57640ed78b0c16ac4606a6773769545bb17,CAD,Executed,v3,,,64c370a753b1db282770cdbf2aba5434a3185b3d,vertical 2,type 8,33.0,9e2b06736b477b7a924f60de14a7e329d82d6f4f,2009-11-15 10:07:01.756610,2009-11-15 10:08:27.220000,2009-11-15 10:07:10.664287,2009-11-15 10:08:27.220000,,2009-11-15 10:07:02.566388,2009-11-15 10:08:26.420503,2009-11-15 10:08:27.220000
708f2f9cab299d21205e436f9f81b2eb058d2b0c,e8085010136a26d0ebc200ac0751b1d9d673a764,CAD,Executed,v3,,,64c370a753b1db282770cdbf2aba5434a3185b3d,vertical 2,type 8,2.0,9e2b06736b477b7a924f60de14a7e329d82d6f4f,2009-12-19 21:48:20.182313,2009-12-19 21:48:58.560000,2009-12-19 21:48:31.767286,2009-12-19 21:48:56.529757,,2009-12-19 21:48:20.753647,2009-12-19 21:48:52.288692,2009-12-19 21:48:58.560000
4cea8c4b6a2a03048394393c873167be253f1cfa,4c39c7d075ce943f66f01365a73f84c93ba3bc4f,USD,initiated,v3,,,7a2bce009f441ab34def6cf5f7574854e9fd076f,vertical 5,type 8,3.0,7ec009376b8bf0c03561b3f6ba251ab9d96efd42,2008-12-27 19:03:41.131731,2008-12-27 19:03:58.776053,2008-12-27 19:03:58.776053,,,2008-12-27 19:03:50.056670,,
f9db8bf62153e49a34b03bc9e3f753650feaa2ea,b5ab8f51d35b64af079485e5bbbc335213f3a0ae,CAD,failed,v3,expired,initiated,f66f2f438fc87dd7deff8e022a67cc5d71aa6968,vertical 2,type 8,5.0,9e2b06736b477b7a924f60de14a7e329d82d6f4f,2010-02-01 12:56:18.218823,2010-02-01 13:11:18.277156,2010-02-01 12:56:21.992061,,2010-02-01 13:11:18.277156,2010-02-01 12:56:18.911337,,
230bacd86a5a9c4c90890094727026e68f58c9bd,4c39c7d075ce943f66f01365a73f84c93ba3bc4f,USD,failed,v3,provider_error,initiated,7a2bce009f441ab34def6cf5f7574854e9fd076f,vertical 5,type 8,2.5,7ec009376b8bf0c03561b3f6ba251ab9d96efd42,2009-11-04 00:19:22.585147,2009-11-04 00:20:17.120970,2009-11-04 00:19:29.287416,,2009-11-04 00:20:17.120970,2009-11-04 00:19:25.461498,,
fba321785031737d180f0731febed5112e162abd,c6e647f7497bcd595c4e4cff311261cb006e88e5,USD,failed,v3,insufficient_funds,initiated,7a2bce009f441ab34def6cf5f7574854e9fd076f,vertical 5,type 8,2.5,7ec009376b8bf0c03561b3f6ba251ab9d96efd42,2009-12-29 01:56:32.670027,2009-12-29 01:57:03.992462,2009-12-29 01:56:42.736517,,2009-12-29 01:57:03.992462,2009-12-29 01:56:37.061527,,
7c6f11b4694757c3ada07e23732a7856c5bb5380,c6e647f7497bcd595c4e4cff311261cb006e88e5,USD,Executed,v3,,,7a2bce009f441ab34def6cf5f7574854e9fd076f,vertical 5,type 8,1.0,7ec009376b8bf0c03561b3f6ba251ab9d96efd42,2008-12-14 03:20:09.551682,2008-12-14 03:20:56.617670,2008-12-14 03:20:15.926263,2008-12-14 03:20:47.879357,,2008-12-14 03:20:12.718991,2008-12-14 03:20:45.996538,2008-12-14 03:20:56.617670
8a92f86c8e69119a1a4a0a8900d9d149bd715f08,c6e647f7497bcd595c4e4cff311261cb006e88e5,USD,Executed,v3,,,7a2bce009f441ab34def6cf5f7574854e9fd076f,vertical 5,type 8,5.0,7ec009376b8bf0c03561b3f6ba251ab9d96efd42,2008-10-04 00:21:32.191277,2008-10-04 00:22:03.538445,2008-10-04 00:21:38.692433,2008-10-04 00:22:01.031229,,2008-10-04 00:21:34.654716,2008-10-04 00:21:58.878588,2008-10-04 00:22:03.538445
6b50c2d2057b4bef09c35e425253e8992bce9767,c6e647f7497bcd595c4e4cff311261cb006e88e5,USD,failed,v3,user_canceled_at_provider,initiated,7a2bce009f441ab34def6cf5f7574854e9fd076f,vertical 5,type 8,5.0,7ec009376b8bf0c03561b3f6ba251ab9d96efd42,2009-06-02 11:46:34.429737,2009-06-02 11:47:10.355082,2009-06-02 11:46:39.805739,,2009-06-02 11:47:10.355082,2009-06-02 11:46:36.775089,,
42273fab1d15c6f61c6c86be031992209d80a799,c6e647f7497bcd595c4e4cff311261cb006e88e5,USD,Executed,v3,,,7a2bce009f441ab34def6cf5f7574854e9fd076f,vertical 5,type 8,4.0,7ec009376b8bf0c03561b3f6ba251ab9d96efd42,2008-09-12 12:27:08.574617,2008-09-12 12:27:55.365994,2008-09-12 12:27:27.395388,2008-09-12 12:27:44.465223,,2008-09-12 12:27:21.193165,2008-09-12 12:27:42.310756,2008-09-12 12:27:55.365994
7ee206b0d412e91eabfc9513d901cab12e822bcb,b5ab8f51d35b64af079485e5bbbc335213f3a0ae,CAD,failed,v3,not_authorized,authorizing,c26cb1ce3e5bb27ae85ff389be8684293b2442e8,vertical 4,type 8,104370.0,9e2b06736b477b7a924f60de14a7e329d82d6f4f,2008-08-24 23:31:06.698690,2008-08-24 23:31:32.792923,2008-08-24 23:31:15.142223,,2008-08-24 23:31:32.792923,2008-08-24 23:31:07.656607,,
5d5438d5e1dd5b1bf783d16e45e988954c27b104,b5ab8f51d35b64af079485e5bbbc335213f3a0ae,CAD,failed,v3,expired,initiated,f66f2f438fc87dd7deff8e022a67cc5d71aa6968,vertical 2,type 8,2.5,9e2b06736b477b7a924f60de14a7e329d82d6f4f,2009-07-20 12:01:14.889273,2009-07-20 12:16:15.058081,2009-07-20 12:01:22.850290,,2009-07-20 12:16:15.058081,2009-07-20 12:01:16.261414,,
fc0a88daf420cc2194e5e8877a16c26e8fb90ea7,e9b3eef71fa711e7f8be41affba46f0a1727713d,USD,Executed,v3,,,6e00ad8c3ecee4ef5ba5f8ddf15527a0493951a9,vertical 2,type 3,1.0,1ef393c389ad6e2b2d4d865f843dcf351b1d19f5,2008-02-16 13:20:50.169839,2008-02-16 13:21:17.799457,2008-02-16 13:20:50.828876,2008-02-16 13:21:17.799457,,2008-02-16 13:20:50.169839,2008-02-16 13:21:09.213365,
792a1fe9cc7444218adb0196441226f3b97ea150,1d79fd1218635c3651d2b8bd49e3a7c680bb7e77,USD,failed,v3,internal_server_error,authorization_required,6e00ad8c3ecee4ef5ba5f8ddf15527a0493951a9,vertical 2,type 6,5.0,9e2b06736b477b7a924f60de14a7e329d82d6f4f,2008-02-19 13:21:55.324718,2008-02-19 13:21:56.485044,,,2008-02-19 13:21:56.485044,,,
5f177cd821cb17ccd26e4c5233aff03192bd1ef6,c6e647f7497bcd595c4e4cff311261cb006e88e5,USD,initiated,v3,,,7a2bce009f441ab34def6cf5f7574854e9fd076f,vertical 5,type 8,4.0,7ec009376b8bf0c03561b3f6ba251ab9d96efd42,2010-01-17 09:05:46.649936,2010-01-17 09:05:57.943367,2010-01-17 09:05:57.943367,,,2010-01-17 09:05:51.734114,,
164cec818e7bde5f380ccf12d46495e8c3c3479b,c6e647f7497bcd595c4e4cff311261cb006e88e5,USD,Executed,v3,,,7a2bce009f441ab34def6cf5f7574854e9fd076f,vertical 5,type 8,4.0,7ec009376b8bf0c03561b3f6ba251ab9d96efd42,2009-05-23 09:04:44.777481,2009-05-23 09:05:38.382158,2009-05-23 09:04:56.118996,2009-05-23 09:05:35.686430,,2009-05-23 09:04:50.910777,2009-05-23 09:05:33.318853,2009-05-23 09:05:38.382158
59f0e417a2d96ef761c9673530a51a4e664b7a77,e9b3eef71fa711e7f8be41affba46f0a1727713d,USD,Executed,v3,,,6e00ad8c3ecee4ef5ba5f8ddf15527a0493951a9,vertical 2,type 3,11.0,1ef393c389ad6e2b2d4d865f843dcf351b1d19f5,2008-02-23 06:55:11.498369,2008-02-23 07:07:17.876484,2008-02-23 06:55:12.189155,2008-02-23 07:07:17.876484,,2008-02-23 06:55:11.498369,2008-02-23 06:55:25.590323,
37caed6410c7faffdccd08fa39d1baef7d28b246,eb1c4738ae6ac9c907a46a541af2d02d6be2f05b,CAD,failed,v3,expired,authorizing,6e00ad8c3ecee4ef5ba5f8ddf15527a0493951a9,vertical 2,type 8,70.0,9e2b06736b477b7a924f60de14a7e329d82d6f4f,2008-01-19 18:19:16.272289,2008-01-19 18:34:16.458956,2008-01-19 18:19:18.092126,,2008-01-19 18:34:16.458956,2008-01-19 18:19:16.272289,,
d91f1e1c89a75796eb5d8362bd63526673ef100b,0c13594466c8f4c9996801c4cc3f822975978c2d,USD,Executed,v3,,,6e00ad8c3ecee4ef5ba5f8ddf15527a0493951a9,vertical 2,type 3,30.0,f69ad584c025f9b756ce1e8c70de3a33aef50b32,2008-02-23 10:05:31.692925,2008-02-23 10:14:40.672667,2008-02-23 10:05:32.281804,2008-02-23 10:14:40.672667,,2008-02-23 10:05:31.692925,2008-02-23 10:05:48.246908,
666503346f20c1fbfb7348df17db231a7405e3e0,6926610db1dfc17aca46a6f67789d7d6c24a7185,CAD,Executed,v3,,,5300313e698b5062bfe820f7efc7571699b4bb4c,vertical 2,type 8,12.0,9e2b06736b477b7a924f60de14a7e329d82d6f4f,2009-03-04 08:58:01.265630,2009-03-04 08:59:40.332527,2009-03-04 08:58:10.834025,2009-03-04 08:59:40.332527,,2009-03-04 08:58:02.840588,2009-03-04 08:59:40.318814,
182c75dba2d79a5c2152b95be6fc8319bd4e9855,b5ab8f51d35b64af079485e5bbbc335213f3a0ae,CAD,failed,v3,canceled,initiated,134be5823bcfd7214cd8cf7b4f431eeb912e10ab,vertical 2,type 8,1.0,9e2b06736b477b7a924f60de14a7e329d82d6f4f,2009-09-03 22:10:15.607664,2009-09-03 22:11:00.987153,2009-09-03 22:10:28.128319,,2009-09-03 22:11:00.987153,2009-09-03 22:10:18.079883,,
1f8d24a61b90bea1ae330f00cad4a4ec7d75ffbe,6cd7d8d37b110668afdca42fc0e1d366b322783e,CAD,Executed,v3,,,f66f2f438fc87dd7deff8e022a67cc5d71aa6968,vertical 2,type 8,10.0,9e2b06736b477b7a924f60de14a7e329d82d6f4f,2009-09-09 17:02:40.472441,2009-09-09 17:03:21.960762,2009-09-09 17:02:46.725622,2009-09-09 17:03:21.714749,,2009-09-09 17:02:41.952061,2009-09-09 17:03:19.860862,2009-09-09 17:03:21.960762
ddee5a81046daf63aac58363fdad9b7bcecc5f09,fa485aff3f9e34d55d25f78856d4a2526a5f8e6f,CAD,Executed,v3,,,f66f2f438fc87dd7deff8e022a67cc5d71aa6968,vertical 2,type 8,40.0,9e2b06736b477b7a924f60de14a7e329d82d6f4f,2009-12-19 21:50:04.431683,2009-12-19 21:54:37.263000,2009-12-19 21:50:24.134064,2009-12-19 21:54:37.263000,,2009-12-19 21:50:15.098133,2009-12-19 21:54:34.724040,2009-12-19 21:54:37.263000
23a2f6dc64c87bab3101f7d58aa756d20e55696f,6926610db1dfc17aca46a6f67789d7d6c24a7185,CAD,Executed,v3,,,64c370a753b1db282770cdbf2aba5434a3185b3d,vertical 2,type 8,3.0,9e2b06736b477b7a924f60de14a7e329d82d6f4f,2009-09-26 08:18:14.739445,2009-09-26 08:18:56.923624,2009-09-26 08:18:19.072188,2009-09-26 08:18:55.931605,,2009-09-26 08:18:15.342728,2009-09-26 08:18:54.250213,2009-09-26 08:18:56.923624
7f3694884945abd9088adecf300f40a9071f8d43,660054a4565377c6e43ff7709abf56d8494ba604,CAD,Executed,v3,,,5300313e698b5062bfe820f7efc7571699b4bb4c,vertical 2,type 8,16.03,9e2b06736b477b7a924f60de14a7e329d82d6f4f,2008-11-02 10:55:00.738411,2008-11-02 10:55:46.659168,2008-11-02 10:55:08.284648,2008-11-02 10:55:46.659168,,2008-11-02 10:55:03.441284,2008-11-02 10:55:43.409188,
1b431581050339ba2229423a8d2f6c25373acd73,6926610db1dfc17aca46a6f67789d7d6c24a7185,CAD,Executed,v3,,,5300313e698b5062bfe820f7efc7571699b4bb4c,vertical 2,type 8,35.0,9e2b06736b477b7a924f60de14a7e329d82d6f4f,2009-01-21 13:14:38.688530,2009-01-21 13:15:34.626569,2009-01-21 13:14:44.757840,2009-01-21 13:15:34.626569,,2009-01-21 13:14:40.667291,2009-01-21 13:15:34.623985,
c920e1e26616e60487664dd9be94566bc0b02e8c,0090e57640ed78b0c16ac4606a6773769545bb17,CAD,Executed,v3,,,134be5823bcfd7214cd8cf7b4f431eeb912e10ab,vertical 2,type 8,15.0,9e2b06736b477b7a924f60de14a7e329d82d6f4f,2009-02-25 09:12:52.683561,2009-02-25 09:13:51.192283,2009-02-25 09:12:58.912741,2009-02-25 09:13:51.192283,,2009-02-25 09:12:54.432170,2009-02-25 09:13:45.922917,
ae5fe7669c0a64b6ba465d4a2def14aca12ec46e,0090e57640ed78b0c16ac4606a6773769545bb17,CAD,Executed,v3,,,134be5823bcfd7214cd8cf7b4f431eeb912e10ab,vertical 2,type 8,200.0,9e2b06736b477b7a924f60de14a7e329d82d6f4f,2009-12-15 13:36:18.883655,2009-12-15 13:37:23.428330,2009-12-15 13:36:26.753107,2009-12-15 13:37:23.428330,,2009-12-15 13:36:22.303576,2009-12-15 13:37:20.873908,
04ee8da34258a9ae0580adf7df9c5740f9d8ddf3,b5ab8f51d35b64af079485e5bbbc335213f3a0ae,CAD,Executed,v3,,,64c370a753b1db282770cdbf2aba5434a3185b3d,vertical 2,type 8,45.0,9e2b06736b477b7a924f60de14a7e329d82d6f4f,2009-10-23 12:16:52.070698,2009-10-23 12:17:27.540914,2009-10-23 12:17:03.012397,2009-10-23 12:17:27.540914,,2009-10-23 12:16:52.501870,2009-10-23 12:17:26.186656,2009-10-23 12:17:27.540914
52bec03519defe101722ea5b8cfc8fb7af79a39e,b5ab8f51d35b64af079485e5bbbc335213f3a0ae,CAD,Executed,v3,,,64c370a753b1db282770cdbf2aba5434a3185b3d,vertical 2,type 8,27.96,9e2b06736b477b7a924f60de14a7e329d82d6f4f,2009-08-22 14:17:52.411235,2009-08-22 14:18:25.702321,2009-08-22 14:17:58.626936,2009-08-22 14:18:25.702321,,2009-08-22 14:17:53.953470,2009-08-22 14:18:23.773365,2009-08-22 14:18:25.702321
0093b9cf26829d1ce89fd9863968ee9959edfaa6,6926610db1dfc17aca46a6f67789d7d6c24a7185,CAD,Executed,v3,,,f66f2f438fc87dd7deff8e022a67cc5d71aa6968,vertical 2,type 8,70.0,9e2b06736b477b7a924f60de14a7e329d82d6f4f,2009-05-21 08:47:26.998751,2009-05-21 08:48:00.396097,2009-05-21 08:47:33.508428,2009-05-21 08:48:00.396097,,2009-05-21 08:47:27.587330,2009-05-21 08:47:58.944877,2009-05-21 08:48:00.396097
dfc65d90577571f7844d7d7d139be43dbda7aaf4,b5ab8f51d35b64af079485e5bbbc335213f3a0ae,CAD,Executed,v3,,,f66f2f438fc87dd7deff8e022a67cc5d71aa6968,vertical 2,type 8,50.05,9e2b06736b477b7a924f60de14a7e329d82d6f4f,2009-10-07 09:59:16.837675,2009-10-07 09:59:46.694353,2009-10-07 09:59:20.340522,2009-10-07 09:59:46.602001,,2009-10-07 09:59:17.305507,2009-10-07 09:59:44.620139,2009-10-07 09:59:46.694353
44af42fb66523021672744f5c7bbc22eac6d0b15,e8085010136a26d0ebc200ac0751b1d9d673a764,CAD,failed,v3,expired,initiated,f66f2f438fc87dd7deff8e022a67cc5d71aa6968,vertical 2,type 8,10.3,9e2b06736b477b7a924f60de14a7e329d82d6f4f,2009-11-10 16:31:26.618632,2009-11-10 16:46:26.843872,2009-11-10 16:31:32.724897,,2009-11-10 16:46:26.843872,2009-11-10 16:31:27.631122,,
7f870f8d1af4d98766771b4d03aa90310b49c63e,b5ab8f51d35b64af079485e5bbbc335213f3a0ae,CAD,failed,v3,expired,initiated,f66f2f438fc87dd7deff8e022a67cc5d71aa6968,vertical 2,type 8,22.93,9e2b06736b477b7a924f60de14a7e329d82d6f4f,2009-07-01 18:01:16.629326,2009-07-01 18:16:16.652133,2009-07-01 18:01:29.329339,,2009-07-01 18:16:16.652133,2009-07-01 18:01:17.418655,,
aa41a84d9ed90fc3e7e1c47e2a4bfbbe373fe643,3674b4d292131698ba6c946dda67a8fd8b63f12a,CAD,Executed,v3,,,f66f2f438fc87dd7deff8e022a67cc5d71aa6968,vertical 2,type 8,4.9,9e2b06736b477b7a924f60de14a7e329d82d6f4f,2009-10-08 05:12:17.052851,2009-10-08 05:12:46.326750,2009-10-08 05:12:26.274498,2009-10-08 05:12:46.326750,,2009-10-08 05:12:18.464738,2009-10-08 05:12:44.903117,2009-10-08 05:12:46.326750
99a276707c45be6de214b009f99e1422c23470d2,f4203d6b7658cb7252d6afdf95a6b692e93c2f7b,CAD,Executed,v3,,,1911acfcfdc29f5349706da6c1494009e7125da0,vertical 5,type 8,3.0,9e2b06736b477b7a924f60de14a7e329d82d6f4f,2010-02-08 12:03:37.601792,2010-02-08 12:04:19.093000,2010-02-08 12:03:40.420251,2010-02-08 12:04:19.093000,,2010-02-08 12:03:39.028912,2010-02-08 12:04:17.638113,2010-02-08 12:04:19.093000
ac074b7b927b608c828ed0d47981e68b0fcfefee,fa485aff3f9e34d55d25f78856d4a2526a5f8e6f,CAD,Executed,v3,,,01e10adf72398bdf40b668926be2809ccf68b4dd,vertical 2,type 8,4.89,9e2b06736b477b7a924f60de14a7e329d82d6f4f,2009-03-04 09:45:09.447961,2009-03-04 09:45:25.352823,2009-03-04 09:45:13.140986,2009-03-04 09:45:25.352823,,2009-03-04 09:45:10.410578,2009-03-04 09:45:22.865199,
176ca96c24764f6cf2eac67d5c0e95770e1f7576,6cd7d8d37b110668afdca42fc0e1d366b322783e,CAD,Executed,v3,,,01e10adf72398bdf40b668926be2809ccf68b4dd,vertical 2,type 8,9.93,9e2b06736b477b7a924f60de14a7e329d82d6f4f,2009-03-05 20:33:09.860654,2009-03-05 20:34:12.309149,2009-03-05 20:33:15.110550,2009-03-05 20:34:12.309149,,2009-03-05 20:33:12.841770,2009-03-05 20:34:11.187305,
4e5a53578a5dcdf4d0d6094f493292b9538598af,6926610db1dfc17aca46a6f67789d7d6c24a7185,CAD,Executed,v3,,,5300313e698b5062bfe820f7efc7571699b4bb4c,vertical 2,type 8,2.38,9e2b06736b477b7a924f60de14a7e329d82d6f4f,2009-12-22 23:39:06.027755,2009-12-22 23:39:59.815585,2009-12-22 23:39:18.236468,2009-12-22 23:39:59.815585,,2009-12-22 23:39:14.311615,2009-12-22 23:39:58.159490,
a3b91ea29b7b77cbafac09af05a28fe0d91da4eb,b7308502f039e303a048625c725d4aea3380c2ac,CAD,Executed,v3,,,1911acfcfdc29f5349706da6c1494009e7125da0,vertical 5,type 8,5.0,9e2b06736b477b7a924f60de14a7e329d82d6f4f,2010-01-27 17:48:41.464144,2010-01-27 17:49:05.507000,2010-01-27 17:48:44.383006,2010-01-27 17:49:05.507000,,2010-01-27 17:48:42.963196,2010-01-27 17:49:04.075925,2010-01-27 17:49:05.507000
4325c87e9b3a5728aff965b891f5ef15ccbd0f10,660054a4565377c6e43ff7709abf56d8494ba604,CAD,Executed,v3,,,134be5823bcfd7214cd8cf7b4f431eeb912e10ab,vertical 2,type 8,250.0,9e2b06736b477b7a924f60de14a7e329d82d6f4f,2009-04-09 20:32:28.037580,2009-04-09 20:34:27.308110,2009-04-09 20:32:40.012768,2009-04-09 20:34:27.308110,,2009-04-09 20:32:31.600604,2009-04-09 20:34:21.664136,
d6daf7b247090ac64b8b615ca63f5aba8f02d082,b5ab8f51d35b64af079485e5bbbc335213f3a0ae,CAD,Executed,v3,,,134be5823bcfd7214cd8cf7b4f431eeb912e10ab,vertical 2,type 8,71.75,9e2b06736b477b7a924f60de14a7e329d82d6f4f,2009-09-08 17:39:30.741719,2009-09-08 17:40:36.911648,2009-09-08 17:39:35.313746,2009-09-08 17:40:36.911648,,2009-09-08 17:39:32.022498,2009-09-08 17:40:32.815668,
c466ba740aea2ee53f46e99da2e24e718e733f84,3674b4d292131698ba6c946dda67a8fd8b63f12a,CAD,Executed,v3,,,f66f2f438fc87dd7deff8e022a67cc5d71aa6968,vertical 2,type 8,20.0,9e2b06736b477b7a924f60de14a7e329d82d6f4f,2009-07-15 14:19:54.083306,2009-07-15 14:20:30.468421,2009-07-15 14:20:10.099872,2009-07-15 14:20:30.468421,,2009-07-15 14:19:55.561838,2009-07-15 14:20:28.363090,2009-07-15 14:20:30.468421
c3b5730b4ed2e3c697b718c9718f0985ca3c256e,b5ab8f51d35b64af079485e5bbbc335213f3a0ae,CAD,Executed,v3,,,64c370a753b1db282770cdbf2aba5434a3185b3d,vertical 2,type 8,2.5,9e2b06736b477b7a924f60de14a7e329d82d6f4f,2010-01-06 04:28:23.495372,2010-01-06 04:28:49.963996,2010-01-06 04:28:30.569532,2010-01-06 04:28:49.963996,,2010-01-06 04:28:26.974691,2010-01-06 04:28:48.536014,2010-01-06 04:28:49.813000
1a6066df07427c16e7c428c337380b6e86ec291f,6926610db1dfc17aca46a6f67789d7d6c24a7185,CAD,Executed,v3,,,64c370a753b1db282770cdbf2aba5434a3185b3d,vertical 2,type 8,150.0,9e2b06736b477b7a924f60de14a7e329d82d6f4f,2009-11-02 08:50:35.194208,2009-11-02 08:51:21.178833,2009-11-02 08:50:39.985888,2009-11-02 08:51:18.520327,,2009-11-02 08:50:35.683465,2009-11-02 08:51:17.014365,2009-11-02 08:51:21.178833
2d6532855fc3ca5ea927ac3b97d12a970812188a,c6e647f7497bcd595c4e4cff311261cb006e88e5,USD,Executed,v3,,,7a2bce009f441ab34def6cf5f7574854e9fd076f,vertical 5,type 8,1.0,7ec009376b8bf0c03561b3f6ba251ab9d96efd42,2009-06-08 15:12:23.570644,2009-06-08 15:12:47.535741,2009-06-08 15:12:30.961568,2009-06-08 15:12:44.782925,,2009-06-08 15:12:27.455707,2009-06-08 15:12:42.440693,2009-06-08 15:12:47.535741
9d80014efdd9d974894b27b982a2ad474be5b37f,3674b4d292131698ba6c946dda67a8fd8b63f12a,CAD,Executed,v3,,,64c370a753b1db282770cdbf2aba5434a3185b3d,vertical 2,type 8,3.0,9e2b06736b477b7a924f60de14a7e329d82d6f4f,2009-11-08 15:28:24.629317,2009-11-08 15:29:11.133000,2009-11-08 15:28:29.601116,2009-11-08 15:29:11.133000,,2009-11-08 15:28:25.296822,2009-11-08 15:29:10.144814,2009-11-08 15:29:11.133000
a19e5c855151077f84cfd1449e7de4a5da21c4d4,3674b4d292131698ba6c946dda67a8fd8b63f12a,CAD,Executed,v3,,,64c370a753b1db282770cdbf2aba5434a3185b3d,vertical 2,type 8,8.5,9e2b06736b477b7a924f60de14a7e329d82d6f4f,2009-08-19 15:53:02.620677,2009-08-19 15:53:32.959348,2009-08-19 15:53:09.888367,2009-08-19 15:53:32.959348,,2009-08-19 15:53:03.679790,2009-08-19 15:53:31.857817,2009-08-19 15:53:32.959348
ced8ea4e8b122073d7a8c744ef78c52212c47d3d,fa485aff3f9e34d55d25f78856d4a2526a5f8e6f,CAD,Executed,v3,,,64c370a753b1db282770cdbf2aba5434a3185b3d,vertical 2,type 8,25.0,9e2b06736b477b7a924f60de14a7e329d82d6f4f,2009-12-17 18:43:53.011242,2009-12-17 18:44:11.847000,2009-12-17 18:44:02.005910,2009-12-17 18:44:11.847000,,2009-12-17 18:43:58.875870,2009-12-17 18:44:09.399097,2009-12-17 18:44:11.847000
906275c473653a0ef929ec0729256ddd2e80824a,b5ab8f51d35b64af079485e5bbbc335213f3a0ae,CAD,failed,v3,canceled,authorizing,f66f2f438fc87dd7deff8e022a67cc5d71aa6968,vertical 2,type 8,20.0,9e2b06736b477b7a924f60de14a7e329d82d6f4f,2009-09-25 08:38:23.248019,2009-09-25 08:38:34.414694,,,2009-09-25 08:38:34.414694,2009-09-25 08:38:24.160646,,
744f58a30c7d443376dfdf6d46ef59402cb26924,0090e57640ed78b0c16ac4606a6773769545bb17,CAD,Executed,v3,,,64c370a753b1db282770cdbf2aba5434a3185b3d,vertical 2,type 8,17.74,9e2b06736b477b7a924f60de14a7e329d82d6f4f,2009-11-04 08:54:19.289347,2009-11-04 08:55:10.561458,2009-11-04 08:54:25.038831,2009-11-04 08:55:10.561458,,2009-11-04 08:54:20.479522,2009-11-04 08:55:09.054372,2009-11-04 08:55:10.561458
6c0855518ee184019af5355b12175da308350abf,6cd7d8d37b110668afdca42fc0e1d366b322783e,CAD,failed,v3,canceled,authorizing,f66f2f438fc87dd7deff8e022a67cc5d71aa6968,vertical 2,type 8,67.02,9e2b06736b477b7a924f60de14a7e329d82d6f4f,2010-01-24 10:10:48.912511,2010-01-24 10:11:39.925511,,,2010-01-24 10:11:39.925511,2010-01-24 10:10:51.844743,,
143ad25fa85159818baf12dadc70acf6916f843a,4d762ce64874cd49be593313e92a1e61cf74417e,CAD,failed,v3,expired,initiated,64c370a753b1db282770cdbf2aba5434a3185b3d,vertical 2,type 8,3.01,9e2b06736b477b7a924f60de14a7e329d82d6f4f,2009-12-21 08:14:22.947988,2009-12-21 08:29:22.967110,2009-12-21 08:14:38.254637,,2009-12-21 08:29:22.967110,2009-12-21 08:14:23.402562,,
1a0f0d2375e8ceb7a43828121e9288060230703e,e8085010136a26d0ebc200ac0751b1d9d673a764,CAD,failed,v3,expired,initiated,f66f2f438fc87dd7deff8e022a67cc5d71aa6968,vertical 2,type 8,65.58,9e2b06736b477b7a924f60de14a7e329d82d6f4f,2009-12-17 07:06:28.697251,2009-12-17 07:21:28.876247,2009-12-17 07:06:32.978533,,2009-12-17 07:21:28.876247,2009-12-17 07:06:29.434288,,
a4aa79e2c0f597f61018b684a1d32c4c6ab53240,c6e647f7497bcd595c4e4cff311261cb006e88e5,USD,Executed,v3,,,7a2bce009f441ab34def6cf5f7574854e9fd076f,vertical 5,type 8,1.3,7ec009376b8bf0c03561b3f6ba251ab9d96efd42,2008-05-15 19:20:24.919381,2008-05-15 19:21:12.285819,2008-05-15 19:20:44.415562,2008-05-15 19:21:00.664434,,2008-05-15 19:20:39.891272,2008-05-15 19:20:58.349301,2008-05-15 19:21:12.285819
23bdb80699efa2adc56fd892c3d9425397242cf5,f013de7e1aee607a6c2f86a5c09b2017a5813be0,USD,failed,v3,provider_rejected,authorized,6e00ad8c3ecee4ef5ba5f8ddf15527a0493951a9,vertical 2,type 6,1.4,1ef393c389ad6e2b2d4d865f843dcf351b1d19f5,2008-02-03 11:21:12.214380,2008-02-03 11:22:07.513885,2008-02-03 11:21:12.810131,,2008-02-03 11:22:07.513885,2008-02-03 11:21:12.214380,2008-02-03 11:21:35.250560,
c54f966bc14c3fffd69c0c7a3dfa01ed6d09aa01,4c39c7d075ce943f66f01365a73f84c93ba3bc4f,USD,initiated,v3,,,7a2bce009f441ab34def6cf5f7574854e9fd076f,vertical 5,type 8,1.0,7ec009376b8bf0c03561b3f6ba251ab9d96efd42,2008-08-03 13:32:04.893768,2008-08-03 13:32:16.682474,2008-08-03 13:32:16.682474,,,2008-08-03 13:32:11.358182,,
d81c24514477921006032a124f1c64ffc9a623f0,3e3b704ede474cd3cb38721a374cbfe582825415,USD,failed,v3,internal_server_error,authorization_required,6e00ad8c3ecee4ef5ba5f8ddf15527a0493951a9,vertical 2,type 2,10.0,f69ad584c025f9b756ce1e8c70de3a33aef50b32,2008-01-30 18:24:45.367334,2008-01-30 18:24:45.654374,,,2008-01-30 18:24:45.654374,,,
aa8e7aa9c72410a4b4232b6e9139f56dc4491f3f,6926610db1dfc17aca46a6f67789d7d6c24a7185,CAD,Executed,v3,,,64c370a753b1db282770cdbf2aba5434a3185b3d,vertical 2,type 8,14.15,9e2b06736b477b7a924f60de14a7e329d82d6f4f,2010-01-18 05:11:26.292171,2010-01-18 05:12:00.820893,2010-01-18 05:11:31.632898,2010-01-18 05:12:00.820893,,2010-01-18 05:11:26.712356,2010-01-18 05:11:59.265582,2010-01-18 05:12:00.457000
db6f4b3237c68ab80dbbc1d3a71ca2dff59ab289,e8085010136a26d0ebc200ac0751b1d9d673a764,CAD,Executed,v3,,,64c370a753b1db282770cdbf2aba5434a3185b3d,vertical 2,type 8,2.5,9e2b06736b477b7a924f60de14a7e329d82d6f4f,2009-08-30 13:25:57.011616,2009-08-30 13:28:10.599521,2009-08-30 13:26:14.282802,2009-08-30 13:28:09.573859,,2009-08-30 13:25:58.536459,2009-08-30 13:28:06.638551,2009-08-30 13:28:10.599521
1483a4265a790c8c7ae0c92370cc02af16f16e5c,c6e647f7497bcd595c4e4cff311261cb006e88e5,USD,Executed,v3,,,7a2bce009f441ab34def6cf5f7574854e9fd076f,vertical 5,type 8,5.0,7ec009376b8bf0c03561b3f6ba251ab9d96efd42,2009-06-20 12:23:52.371363,2009-06-22 07:56:06.049075,2009-06-20 12:24:01.054050,2009-06-22 07:56:06.049075,,2009-06-20 12:23:57.058278,2009-06-20 12:24:26.143503,2009-06-22 07:56:06.049075
528622fd25cb5739cdc693bd931fc09d32a16136,c6e647f7497bcd595c4e4cff311261cb006e88e5,USD,Executed,v3,,,7a2bce009f441ab34def6cf5f7574854e9fd076f,vertical 5,type 8,2.5,7ec009376b8bf0c03561b3f6ba251ab9d96efd42,2009-09-20 09:00:21.041429,2009-09-22 00:50:46.840287,2009-09-20 09:00:30.928394,2009-09-22 00:50:46.840287,,2009-09-20 09:00:27.008611,2009-09-20 09:01:14.318949,2009-09-22 00:50:46.840287
58b442de7cde65eef4d7ff1ba99c7b33cff556ee,c6e647f7497bcd595c4e4cff311261cb006e88e5,USD,Executed,v3,,,7a2bce009f441ab34def6cf5f7574854e9fd076f,vertical 5,type 8,5.0,7ec009376b8bf0c03561b3f6ba251ab9d96efd42,2009-08-05 13:05:29.924386,2009-08-06 07:47:03.444075,2009-08-05 13:05:51.117414,2009-08-06 07:47:03.444075,,2009-08-05 13:05:45.635132,2009-08-05 13:08:55.236848,2009-08-06 07:47:03.444075
ff472c89077d9bdc0b1b7fd3a380ae5188d4e271,c6e647f7497bcd595c4e4cff311261cb006e88e5,USD,Executed,v3,,,7a2bce009f441ab34def6cf5f7574854e9fd076f,vertical 5,type 8,5.0,7ec009376b8bf0c03561b3f6ba251ab9d96efd42,2009-05-01 16:27:03.564014,2009-05-01 16:27:47.413630,2009-05-01 16:27:11.298745,2009-05-01 16:27:37.007351,,2009-05-01 16:27:07.105077,2009-05-01 16:27:34.653102,2009-05-01 16:27:47.413630
090d4445e0ed11b7bea685ca416bd99ce291758b,fa485aff3f9e34d55d25f78856d4a2526a5f8e6f,CAD,Executed,v3,,,f66f2f438fc87dd7deff8e022a67cc5d71aa6968,vertical 2,type 8,14.91,9e2b06736b477b7a924f60de14a7e329d82d6f4f,2009-11-07 06:20:26.448244,2009-11-07 06:20:46.500000,2009-11-07 06:20:34.396390,2009-11-07 06:20:46.500000,,2009-11-07 06:20:27.313948,2009-11-07 06:20:44.649221,2009-11-07 06:20:46.500000
aeaa79c947d7c5bfd1be2c0b2608fc82a63fe97b,614f918e6feee31a627e487db0e58c331fc9d4b7,CAD,Executed,v3,,,6e00ad8c3ecee4ef5ba5f8ddf15527a0493951a9,vertical 2,type 8,1.0,9e2b06736b477b7a924f60de14a7e329d82d6f4f,2008-02-06 15:50:39.911073,2008-02-06 15:51:16.742396,2008-02-06 15:50:40.226529,2008-02-06 15:51:16.742396,,2008-02-06 15:50:39.911073,2008-02-06 15:50:52.563757,
bf8c7ddbb9aeafcf32b20365763548d294ae89c7,1d79fd1218635c3651d2b8bd49e3a7c680bb7e77,USD,failed,v3,internal_server_error,authorization_required,6e00ad8c3ecee4ef5ba5f8ddf15527a0493951a9,vertical 2,type 6,1.5,9e2b06736b477b7a924f60de14a7e329d82d6f4f,2008-02-25 16:03:28.552232,2008-02-25 16:03:29.901757,,,2008-02-25 16:03:29.901757,,,
b589974de15c85097c75272eecdbc91ca7b0daad,e8085010136a26d0ebc200ac0751b1d9d673a764,CAD,Executed,v3,,,f66f2f438fc87dd7deff8e022a67cc5d71aa6968,vertical 2,type 8,50.0,9e2b06736b477b7a924f60de14a7e329d82d6f4f,2009-08-02 08:39:07.823391,2009-08-02 08:39:46.078347,2009-08-02 08:39:12.831447,2009-08-02 08:39:46.078347,,2009-08-02 08:39:08.298038,2009-08-02 08:39:42.778855,2009-08-02 08:39:46.078347
fca9444119d95c6b50a25726b92cdb176f390706,34a0061ba48d1c2810cd930dd69d42482ca92d85,CAD,Executed,v3,,,f66f2f438fc87dd7deff8e022a67cc5d71aa6968,vertical 2,type 8,1.5,9e2b06736b477b7a924f60de14a7e329d82d6f4f,2010-01-07 00:43:10.578421,2010-01-07 00:43:49.327000,2010-01-07 00:43:16.347900,2010-01-07 00:43:47.094965,,2010-01-07 00:43:11.425738,2010-01-07 00:43:45.739438,2010-01-07 00:43:49.327000
4a0b0317a740156e6f63880fe65562edfa81349f,e8085010136a26d0ebc200ac0751b1d9d673a764,CAD,Executed,v3,,,f66f2f438fc87dd7deff8e022a67cc5d71aa6968,vertical 2,type 8,15.94,9e2b06736b477b7a924f60de14a7e329d82d6f4f,2009-12-31 10:46:33.106886,2009-12-31 10:47:41.507000,2009-12-31 10:46:45.467650,2009-12-31 10:47:41.507000,,2009-12-31 10:46:36.272328,2009-12-31 10:47:38.254024,2009-12-31 10:47:41.507000
35c114e95db10ce7b6bdcf5bf3382f903731c9ee,e8085010136a26d0ebc200ac0751b1d9d673a764,CAD,failed,v3,user_canceled_at_provider,initiated,f66f2f438fc87dd7deff8e022a67cc5d71aa6968,vertical 2,type 8,10.0,9e2b06736b477b7a924f60de14a7e329d82d6f4f,2010-02-03 19:01:14.992645,2010-02-03 19:01:47.141773,2010-02-03 19:01:23.549382,,2010-02-03 19:01:47.141773,2010-02-03 19:01:15.578276,,
e79c6e266efeba022bc66b8c8ffd23c97b5142ee,e9b3eef71fa711e7f8be41affba46f0a1727713d,USD,Executed,v3,,,6e00ad8c3ecee4ef5ba5f8ddf15527a0493951a9,vertical 2,type 3,39.1,1ef393c389ad6e2b2d4d865f843dcf351b1d19f5,2008-02-20 20:19:38.778709,2008-02-20 20:20:00.289313,2008-02-20 20:19:39.971256,2008-02-20 20:20:00.289313,,2008-02-20 20:19:38.778709,2008-02-20 20:19:58.105002,
7c256c453e46ebb362d27e2b02044f4e63a3721b,b5ab8f51d35b64af079485e5bbbc335213f3a0ae,CAD,Executed,v3,,,d292da2283043c07accb1086a004caaf05472d44,vertical 5,type 8,11.5,9e2b06736b477b7a924f60de14a7e329d82d6f4f,2010-02-10 17:20:17.151026,2010-02-10 17:20:31.777000,2010-02-10 17:20:22.409897,2010-02-10 17:20:31.777000,,2010-02-10 17:20:19.766224,2010-02-10 17:20:30.539532,2010-02-10 17:20:31.777000
b07eb71f3d78f40a299d4c7df5a464eaa146556f,b5ab8f51d35b64af079485e5bbbc335213f3a0ae,CAD,Executed,v3,,,f66f2f438fc87dd7deff8e022a67cc5d71aa6968,vertical 2,type 8,2.47,9e2b06736b477b7a924f60de14a7e329d82d6f4f,2009-10-15 05:31:51.526237,2009-10-15 05:32:21.433520,2009-10-15 05:31:57.631412,2009-10-15 05:32:21.433520,,2009-10-15 05:31:52.366224,2009-10-15 05:32:19.864838,2009-10-15 05:32:21.433520
4f3d9d1f2945e84f853123d0b56d0f14a5afadc3,b5ab8f51d35b64af079485e5bbbc335213f3a0ae,CAD,Executed,v3,,,f66f2f438fc87dd7deff8e022a67cc5d71aa6968,vertical 2,type 8,12.0,9e2b06736b477b7a924f60de14a7e329d82d6f4f,2010-01-03 07:21:21.729305,2010-01-03 07:21:54.240000,2010-01-03 07:21:28.745477,2010-01-03 07:21:52.158611,,2010-01-03 07:21:22.534057,2010-01-03 07:21:50.559118,2010-01-03 07:21:54.240000
ba356c02efde968c4d3ca263187458a78cb29376,0090e57640ed78b0c16ac4606a6773769545bb17,CAD,Executed,v3,,,f66f2f438fc87dd7deff8e022a67cc5d71aa6968,vertical 2,type 8,1.88,9e2b06736b477b7a924f60de14a7e329d82d6f4f,2009-11-11 08:33:43.486603,2009-11-11 08:34:37.913000,2009-11-11 08:33:49.914764,2009-11-11 08:34:37.913000,,2009-11-11 08:33:44.769607,2009-11-11 08:34:37.089382,2009-11-11 08:34:37.913000
160f6591454f0c2faa65403ec80be8ab08bce79f,b5ab8f51d35b64af079485e5bbbc335213f3a0ae,CAD,Executed,v3,,,02abfe216906d699a48d39d56b71327b294027cb,vertical 2,type 8,300.0,9e2b06736b477b7a924f60de14a7e329d82d6f4f,2008-11-02 15:47:39.349799,2008-11-02 15:49:04.176029,2008-11-02 15:47:44.193698,2008-11-02 15:49:04.176029,,2008-11-02 15:47:41.158734,2008-11-02 15:49:01.419769,2008-11-02 15:49:04.176029
3927824651d20c57ccfb1a0796d40afc27cae852,e8085010136a26d0ebc200ac0751b1d9d673a764,CAD,Executed,v3,,,02abfe216906d699a48d39d56b71327b294027cb,vertical 2,type 8,20.8,9e2b06736b477b7a924f60de14a7e329d82d6f4f,2008-12-14 14:06:32.657515,2008-12-14 14:07:21.940966,2008-12-14 14:06:39.259217,2008-12-14 14:07:21.503975,,2008-12-14 14:06:34.545368,2008-12-14 14:07:18.799621,2008-12-14 14:07:21.940966
926a16551c54548bea0b64f8ce38a5b18f5b8275,0090e57640ed78b0c16ac4606a6773769545bb17,CAD,failed,v3,expired,authorizing,02abfe216906d699a48d39d56b71327b294027cb,vertical 2,type 8,10.0,9e2b06736b477b7a924f60de14a7e329d82d6f4f,2008-07-01 11:09:45.280857,2008-07-01 11:24:45.319225,2008-07-01 11:09:57.601359,,2008-07-01 11:24:45.319225,2008-07-01 11:09:47.659598,,
7a1a84a0530fcc5fc2c335b667e9c5231c9cd025,e8085010136a26d0ebc200ac0751b1d9d673a764,CAD,failed,v3,expired,authorizing,02abfe216906d699a48d39d56b71327b294027cb,vertical 2,type 8,4.3,9e2b06736b477b7a924f60de14a7e329d82d6f4f,2009-01-18 14:27:00.079650,2009-01-18 14:42:00.091891,2009-01-18 14:27:06.253606,,2009-01-18 14:42:00.091891,2009-01-18 14:27:02.193221,,
5285da45da46b916610d2ad98cc2bb887a29b7f0,660054a4565377c6e43ff7709abf56d8494ba604,CAD,Executed,v3,,,01e10adf72398bdf40b668926be2809ccf68b4dd,vertical 2,type 8,9.23,9e2b06736b477b7a924f60de14a7e329d82d6f4f,2008-05-31 20:36:11.337218,2008-05-31 20:36:39.139054,2008-05-31 20:36:16.978342,2008-05-31 20:36:39.139054,,2008-05-31 20:36:12.056685,2008-05-31 20:36:35.983296,
87e3ab8bafdde11fff2c5492eec7078d90969454,34a0061ba48d1c2810cd930dd69d42482ca92d85,CAD,failed,v3,expired,authorizing,01e10adf72398bdf40b668926be2809ccf68b4dd,vertical 2,type 8,5.08,9e2b06736b477b7a924f60de14a7e329d82d6f4f,2008-04-07 11:24:41.910089,2008-04-07 11:39:42.020170,,,2008-04-07 11:39:42.020170,2008-04-07 11:24:41.910089,,
a79d4834b5e4df79409d47878cce5bc04fee568d,c6e647f7497bcd595c4e4cff311261cb006e88e5,USD,Executed,v3,,,7a2bce009f441ab34def6cf5f7574854e9fd076f,vertical 5,type 8,5.0,7ec009376b8bf0c03561b3f6ba251ab9d96efd42,2009-04-09 17:53:54.653391,2009-04-09 17:54:29.207421,2009-04-09 17:54:04.593321,2009-04-09 17:54:19.891056,,2009-04-09 17:53:57.835068,2009-04-09 17:54:17.717790,2009-04-09 17:54:29.207421
e5b0bc494cf7680e708ca031ae7a6bff1c1bf30c,660054a4565377c6e43ff7709abf56d8494ba604,CAD,Executed,v3,,,01e10adf72398bdf40b668926be2809ccf68b4dd,vertical 2,type 8,26.34,9e2b06736b477b7a924f60de14a7e329d82d6f4f,2009-09-10 20:08:12.038477,2009-09-10 20:08:55.955140,2009-09-10 20:08:17.885853,2009-09-10 20:08:55.955140,,2009-09-10 20:08:13.802397,2009-09-10 20:08:53.403752,
a3a2b15b2bf2b5e0f96e4f0256351a0511de0907,fa485aff3f9e34d55d25f78856d4a2526a5f8e6f,CAD,Executed,v3,,,01e10adf72398bdf40b668926be2809ccf68b4dd,vertical 2,type 8,229.65,9e2b06736b477b7a924f60de14a7e329d82d6f4f,2008-10-03 12:41:22.043874,2008-10-03 12:41:51.956989,2008-10-03 12:41:33.173624,2008-10-03 12:41:51.956989,,2008-10-03 12:41:23.232611,2008-10-03 12:41:49.522330,
ef1bfba6291147e1a9097b0246eb53c51f7faf6e,c6e647f7497bcd595c4e4cff311261cb006e88e5,USD,Executed,v3,,,7a2bce009f441ab34def6cf5f7574854e9fd076f,vertical 5,type 8,10.0,7ec009376b8bf0c03561b3f6ba251ab9d96efd42,2009-05-16 01:38:59.563311,2009-05-16 01:39:58.576317,2009-05-16 01:39:09.166999,2009-05-16 01:39:56.737752,,2009-05-16 01:39:04.978359,2009-05-16 01:39:54.475823,2009-05-16 01:39:58.576317
5c9dd6b707fc45a4e7806c05948172b77e0073c0,4d762ce64874cd49be593313e92a1e61cf74417e,CAD,Executed,v3,,,f66f2f438fc87dd7deff8e022a67cc5d71aa6968,vertical 2,type 8,5.11,9e2b06736b477b7a924f60de14a7e329d82d6f4f,2010-01-02 06:44:25.279873,2010-01-02 06:45:02.872796,2010-01-02 06:44:32.897310,2010-01-02 06:45:02.837000,,2010-01-02 06:44:28.308046,2010-01-02 06:45:02.872796,2010-01-02 06:45:02.837000
2ad51ac32c56a12ed300dd64cf4a1e6167885b3a,c6e647f7497bcd595c4e4cff311261cb006e88e5,USD,Executed,v3,,,7a2bce009f441ab34def6cf5f7574854e9fd076f,vertical 5,type 8,10.0,7ec009376b8bf0c03561b3f6ba251ab9d96efd42,2009-05-09 19:37:49.477468,2009-05-09 19:38:58.894589,2009-05-09 19:37:58.411118,2009-05-09 19:38:57.450184,,2009-05-09 19:37:54.108511,2009-05-09 19:38:55.296891,2009-05-09 19:38:58.894589
2694c3c2e5b8005d4aee6aa04027a53df92402ed,c6e647f7497bcd595c4e4cff311261cb006e88e5,USD,Executed,v3,,,7a2bce009f441ab34def6cf5f7574854e9fd076f,vertical 5,type 8,2.0,7ec009376b8bf0c03561b3f6ba251ab9d96efd42,2010-02-08 17:02:25.193752,2010-02-09 00:56:31.000000,2010-02-08 17:02:39.302423,2010-02-09 00:56:31.000000,,2010-02-08 17:02:33.538936,2010-02-08 17:03:09.451128,2010-02-09 00:56:31.000000
c239f5638dbaaa0e311ba437b9e91fe063389f95,e67095adf654ddc631bcfd3f7aa3c7e43424ce0f,CAD,Executed,v3,,,f66f2f438fc87dd7deff8e022a67cc5d71aa6968,vertical 2,type 8,57.11,9e2b06736b477b7a924f60de14a7e329d82d6f4f,2009-11-20 09:30:06.982475,2009-11-20 09:30:40.623000,2009-11-20 09:30:16.643497,2009-11-20 09:30:40.347051,,2009-11-20 09:30:12.930189,2009-11-20 09:30:39.096654,2009-11-20 09:30:40.623000
7d033b7f610c2149d24ea52f402c75233e8d3015,fa485aff3f9e34d55d25f78856d4a2526a5f8e6f,CAD,Executed,v3,,,5300313e698b5062bfe820f7efc7571699b4bb4c,vertical 2,type 8,1.28,9e2b06736b477b7a924f60de14a7e329d82d6f4f,2009-04-20 17:10:55.219552,2009-04-20 17:11:15.461539,2009-04-20 17:11:00.634258,2009-04-20 17:11:15.461539,,2009-04-20 17:10:57.144775,2009-04-20 17:11:13.162187,
d2f76105ba2c2d7b4eefd14dde1526f990ec436a,fa485aff3f9e34d55d25f78856d4a2526a5f8e6f,CAD,Executed,v3,,,5300313e698b5062bfe820f7efc7571699b4bb4c,vertical 2,type 8,1.29,9e2b06736b477b7a924f60de14a7e329d82d6f4f,2009-04-10 21:49:59.110360,2009-04-10 21:50:35.201911,2009-04-10 21:50:14.463617,2009-04-10 21:50:35.201911,,2009-04-10 21:50:01.140257,2009-04-10 21:50:32.644492,
9865a9533abb5e287f0bfb3da4fa691f688bce3b,0090e57640ed78b0c16ac4606a6773769545bb17,CAD,Executed,v3,,,02abfe216906d699a48d39d56b71327b294027cb,vertical 2,type 8,22.0,9e2b06736b477b7a924f60de14a7e329d82d6f4f,2008-11-30 12:10:19.610206,2008-11-30 12:12:04.887196,2008-11-30 12:10:27.500776,2008-11-30 12:12:04.887196,,2008-11-30 12:10:21.623357,2008-11-30 12:12:03.503591,2008-11-30 12:12:04.887196
2925089e9e3cef82260ba4bbafce06311ba26c87,660054a4565377c6e43ff7709abf56d8494ba604,CAD,Executed,v3,,,64c370a753b1db282770cdbf2aba5434a3185b3d,vertical 2,type 8,2.0,9e2b06736b477b7a924f60de14a7e329d82d6f4f,2009-11-28 07:12:17.139636,2009-11-28 07:12:47.153000,2009-11-28 07:12:24.652711,2009-11-28 07:12:47.153000,,2009-11-28 07:12:20.216813,2009-11-28 07:12:43.034386,2009-11-28 07:12:47.153000
c4a804ded21d8ee641836ca8b879bc0210776328,b5ab8f51d35b64af079485e5bbbc335213f3a0ae,CAD,Executed,v3,,,64c370a753b1db282770cdbf2aba5434a3185b3d,vertical 2,type 8,50.0,9e2b06736b477b7a924f60de14a7e329d82d6f4f,2010-01-16 10:20:07.964515,2010-01-16 10:20:38.943000,2010-01-16 10:20:14.532923,2010-01-16 10:20:38.943000,,2010-01-16 10:20:08.466251,2010-01-16 10:20:37.821956,2010-01-16 10:20:38.943000
2ba72b092871a803bbe18cf40b3a33a3b7f3d069,6926610db1dfc17aca46a6f67789d7d6c24a7185,CAD,Executed,v3,,,64c370a753b1db282770cdbf2aba5434a3185b3d,vertical 2,type 8,10.0,9e2b06736b477b7a924f60de14a7e329d82d6f4f,2009-09-16 20:14:17.139430,2009-09-16 20:15:33.008599,2009-09-16 20:14:29.044120,2009-09-16 20:15:33.008599,,2009-09-16 20:14:18.197296,2009-09-16 20:15:31.023999,2009-09-16 20:15:33.008599
011b68f26bcf28bc569db14c5c7a812a30c9da1a,e8085010136a26d0ebc200ac0751b1d9d673a764,CAD,failed,v3,expired,initiated,64c370a753b1db282770cdbf2aba5434a3185b3d,vertical 2,type 8,4.48,9e2b06736b477b7a924f60de14a7e329d82d6f4f,2009-09-04 09:12:48.948748,2009-09-04 09:27:49.065530,2009-09-04 09:13:05.153219,,2009-09-04 09:27:49.065530,2009-09-04 09:12:49.794317,,
bb686b7caa9f78e1bc6896b40fa49f06395f1a6e,f4203d6b7658cb7252d6afdf95a6b692e93c2f7b,CAD,Executed,v3,,,64c370a753b1db282770cdbf2aba5434a3185b3d,vertical 2,type 8,120.0,9e2b06736b477b7a924f60de14a7e329d82d6f4f,2010-01-04 00:25:46.411788,2010-01-04 00:26:12.717000,2010-01-04 00:25:56.018894,2010-01-04 00:26:12.717000,,2010-01-04 00:25:48.991864,2010-01-04 00:26:10.233304,2010-01-04 00:26:12.717000
80f41fd5e1c2ce0407193a2b1d01703eeb264aa0,e8085010136a26d0ebc200ac0751b1d9d673a764,CAD,Executed,v3,,,134be5823bcfd7214cd8cf7b4f431eeb912e10ab,vertical 2,type 8,400.0,9e2b06736b477b7a924f60de14a7e329d82d6f4f,2009-11-10 09:48:32.095064,2009-11-10 09:49:22.329415,2009-11-10 09:48:40.563875,2009-11-10 09:49:22.329415,,2009-11-10 09:48:35.262074,2009-11-10 09:49:19.455945,
d03b64ea34551a28740b670e000449fd42f9e173,b5ab8f51d35b64af079485e5bbbc335213f3a0ae,CAD,Executed,v3,,,01e10adf72398bdf40b668926be2809ccf68b4dd,vertical 2,type 8,8.85,9e2b06736b477b7a924f60de14a7e329d82d6f4f,2009-07-24 17:40:53.896656,2009-07-24 17:41:38.438404,2009-07-24 17:41:01.377891,2009-07-24 17:41:38.438404,,2009-07-24 17:40:55.251994,2009-07-24 17:41:36.541248,
61cf3bbaa96b43dfa5d331455ccfde573133719d,b5ab8f51d35b64af079485e5bbbc335213f3a0ae,CAD,Executed,v3,,,f66f2f438fc87dd7deff8e022a67cc5d71aa6968,vertical 2,type 8,2.46,9e2b06736b477b7a924f60de14a7e329d82d6f4f,2010-01-22 10:49:16.515688,2010-01-22 10:49:41.750000,2010-01-22 10:49:21.192324,2010-01-22 10:49:40.728401,,2010-01-22 10:49:17.375603,2010-01-22 10:49:37.612692,2010-01-22 10:49:41.750000
e142351690136d3f2ae49187d7ea1c34da8d92c2,660054a4565377c6e43ff7709abf56d8494ba604,CAD,Executed,v3,,,f66f2f438fc87dd7deff8e022a67cc5d71aa6968,vertical 2,type 8,3.0,9e2b06736b477b7a924f60de14a7e329d82d6f4f,2009-09-20 22:49:39.309513,2009-09-20 22:50:49.210871,2009-09-20 22:49:51.750539,2009-09-20 22:50:49.210871,,2009-09-20 22:49:40.030003,2009-09-20 22:50:47.296084,2009-09-20 22:50:49.210871
45a5f4fc928e74f05066f2e00dd9dcd1bfde797a,e67095adf654ddc631bcfd3f7aa3c7e43424ce0f,CAD,Executed,v3,,,f66f2f438fc87dd7deff8e022a67cc5d71aa6968,vertical 2,type 8,3.0,9e2b06736b477b7a924f60de14a7e329d82d6f4f,2009-10-05 08:30:40.898046,2009-10-05 08:31:04.292974,2009-10-05 08:30:48.120795,2009-10-05 08:31:02.738572,,2009-10-05 08:30:41.957785,2009-10-05 08:31:01.212462,2009-10-05 08:31:04.292974
2a51c4d9a8e2f2f1e03bc254fb002526d1c28323,c16630b24e79837e63acc50389586106961f7ed2,USD,Executed,v3,,,7a2bce009f441ab34def6cf5f7574854e9fd076f,vertical 5,type 8,1.0,7ec009376b8bf0c03561b3f6ba251ab9d96efd42,2008-08-02 18:29:36.547375,2008-08-03 08:05:00.512400,2008-08-02 18:30:00.355739,2008-08-02 18:31:01.657470,,2008-08-02 18:29:40.769578,2008-08-02 18:31:01.030582,2008-08-03 08:05:00.512400
3c2515fe521c6f8ed19ccb3d5d06bdc2795d9fe7,c16630b24e79837e63acc50389586106961f7ed2,USD,Executed,v3,,,7a2bce009f441ab34def6cf5f7574854e9fd076f,vertical 5,type 8,1.0,7ec009376b8bf0c03561b3f6ba251ab9d96efd42,2009-02-28 23:22:44.348994,2009-02-28 10:08:55.517944,2009-02-28 23:22:58.339874,2009-02-28 23:23:35.935106,,2009-02-28 23:22:49.200086,2009-02-28 23:23:35.918897,2009-02-28 10:08:55.517944
9a79309c82c4b5f26a2ecc9bde9dd379178e55a5,0090e57640ed78b0c16ac4606a6773769545bb17,CAD,Executed,v3,,,64c370a753b1db282770cdbf2aba5434a3185b3d,vertical 2,type 8,29.0,9e2b06736b477b7a924f60de14a7e329d82d6f4f,2009-12-27 06:03:12.226648,2009-12-27 06:03:58.653000,2009-12-27 06:03:17.137761,2009-12-27 06:03:58.653000,,2009-12-27 06:03:12.574652,2009-12-27 06:03:57.972417,2009-12-27 06:03:58.653000
bc7e4b4b851133187c60ac8b2739f93d6dc2d8af,6cd7d8d37b110668afdca42fc0e1d366b322783e,CAD,Executed,v3,,,134be5823bcfd7214cd8cf7b4f431eeb912e10ab,vertical 2,type 8,275.13,9e2b06736b477b7a924f60de14a7e329d82d6f4f,2008-09-25 10:41:35.574685,2008-09-25 10:47:04.301297,2008-09-25 10:42:18.761881,2008-09-25 10:47:04.301297,,2008-09-25 10:41:36.603258,2008-09-25 10:47:04.299993,
e52e92be5acb2f511f8e9e1921421edc7f62c712,6cd7d8d37b110668afdca42fc0e1d366b322783e,CAD,Executed,v3,,,d31fab6a6a6045defebf2e83a31a99d5704de6b0,vertical 4,type 8,2.0,9e2b06736b477b7a924f60de14a7e329d82d6f4f,2010-01-06 21:55:47.313121,2010-01-06 21:56:59.627088,2010-01-06 21:55:58.337960,2010-01-06 21:56:59.627088,,2010-01-06 21:55:54.237374,2010-01-06 21:56:58.169680,2010-01-06 21:56:59.473000
53511d3dd6fe93e558f634e9db7cdbd106633491,6cd7d8d37b110668afdca42fc0e1d366b322783e,CAD,Executed,v3,,,d31fab6a6a6045defebf2e83a31a99d5704de6b0,vertical 4,type 8,3.26,9e2b06736b477b7a924f60de14a7e329d82d6f4f,2010-01-07 08:08:21.869725,2010-01-07 08:09:29.843000,2010-01-07 08:08:31.141864,2010-01-07 08:09:28.940323,,2010-01-07 08:08:26.190852,2010-01-07 08:09:27.408974,2010-01-07 08:09:29.843000
23229b5ea1fa5568995759f8a3e8d14073d28541,b5ab8f51d35b64af079485e5bbbc335213f3a0ae,CAD,Executed,v3,,,f66f2f438fc87dd7deff8e022a67cc5d71aa6968,vertical 2,type 8,20.0,9e2b06736b477b7a924f60de14a7e329d82d6f4f,2009-08-14 00:07:56.189621,2009-08-14 00:08:29.323536,2009-08-14 00:08:09.296022,2009-08-14 00:08:29.323536,,2009-08-14 00:07:56.517308,2009-08-14 00:08:27.255575,2009-08-14 00:08:29.323536
c4e3200d4e54f18d7911e9fa84c3672002e21634,660054a4565377c6e43ff7709abf56d8494ba604,CAD,Executed,v3,,,64c370a753b1db282770cdbf2aba5434a3185b3d,vertical 2,type 8,6.6,9e2b06736b477b7a924f60de14a7e329d82d6f4f,2009-12-25 08:07:16.495341,2009-12-25 08:07:48.123000,2009-12-25 08:07:24.248632,2009-12-25 08:07:48.123000,,2009-12-25 08:07:20.183006,2009-12-25 08:07:46.865156,2009-12-25 08:07:48.123000
f0819d97403b48fd743e01ecf5bf39867f8a5571,b5ab8f51d35b64af079485e5bbbc335213f3a0ae,CAD,Executed,v3,,,64c370a753b1db282770cdbf2aba5434a3185b3d,vertical 2,type 8,10.0,9e2b06736b477b7a924f60de14a7e329d82d6f4f,2009-12-07 10:00:04.674620,2009-12-07 10:00:33.563000,2009-12-07 10:00:08.513239,2009-12-07 10:00:33.231013,,2009-12-07 10:00:05.131697,2009-12-07 10:00:31.691075,2009-12-07 10:00:33.563000
04b5d47f4cc5731156fe29118cdef836486ce2e9,c16630b24e79837e63acc50389586106961f7ed2,USD,initiated,v3,,,7a2bce009f441ab34def6cf5f7574854e9fd076f,vertical 5,type 8,4.0,7ec009376b8bf0c03561b3f6ba251ab9d96efd42,2008-10-04 00:22:56.079297,2008-10-04 00:23:17.764712,2008-10-04 00:23:17.764712,,,2008-10-04 00:23:01.245312,,
caa890d917718b0b8d5cabfdeccdc21dfb2f17f4,c6e647f7497bcd595c4e4cff311261cb006e88e5,USD,Executed,v3,,,7a2bce009f441ab34def6cf5f7574854e9fd076f,vertical 5,type 8,2.5,7ec009376b8bf0c03561b3f6ba251ab9d96efd42,2009-06-06 03:12:08.487381,2009-06-06 03:14:33.763725,2009-06-06 03:12:17.771174,2009-06-06 03:14:30.649336,,2009-06-06 03:12:12.955037,2009-06-06 03:12:39.740569,2009-06-06 03:14:33.763725
4e7083ce684ea2810768213425bbc57cc76678a6,c6e647f7497bcd595c4e4cff311261cb006e88e5,USD,Executed,v3,,,7a2bce009f441ab34def6cf5f7574854e9fd076f,vertical 5,type 8,2.0,7ec009376b8bf0c03561b3f6ba251ab9d96efd42,2008-10-21 05:35:12.141977,2008-10-21 05:36:03.508567,2008-10-21 05:35:19.667404,2008-10-21 05:35:56.070178,,2008-10-21 05:35:16.724315,2008-10-21 05:35:52.919823,2008-10-21 05:36:03.508567
e3b82c8594996153f12362b5e2d350079d61f0f9,c6e647f7497bcd595c4e4cff311261cb006e88e5,USD,Executed,v3,,,7a2bce009f441ab34def6cf5f7574854e9fd076f,vertical 5,type 8,2.0,7ec009376b8bf0c03561b3f6ba251ab9d96efd42,2009-01-20 15:49:50.758825,2009-01-20 15:50:25.304938,2009-01-20 15:49:57.115893,2009-01-20 15:50:17.305490,,2009-01-20 15:49:54.071988,2009-01-20 15:50:14.965422,2009-01-20 15:50:25.304938
852864982d7c1312b1178f8d9db0d9ee8cfaf364,c16630b24e79837e63acc50389586106961f7ed2,USD,initiated,v3,,,7a2bce009f441ab34def6cf5f7574854e9fd076f,vertical 5,type 8,1.0,7ec009376b8bf0c03561b3f6ba251ab9d96efd42,2010-01-23 21:03:03.139136,2010-01-23 21:03:16.946868,2010-01-23 21:03:16.946868,,,2010-01-23 21:03:08.273519,,
14d8f49f10653da6ce0ff71ca8462836e4ebed7c,c16630b24e79837e63acc50389586106961f7ed2,USD,Executed,v3,,,7a2bce009f441ab34def6cf5f7574854e9fd076f,vertical 5,type 8,1.0,7ec009376b8bf0c03561b3f6ba251ab9d96efd42,2009-08-08 14:03:21.675548,2009-08-08 15:08:44.427993,2009-08-08 14:03:37.180738,2009-08-08 14:04:20.994997,,2009-08-08 14:03:27.402955,2009-08-08 14:04:20.977946,2009-08-08 15:08:44.427993
388185a50a098507f61ef7c5999b2fc62e8d63c2,c16630b24e79837e63acc50389586106961f7ed2,USD,Executed,v3,,,7a2bce009f441ab34def6cf5f7574854e9fd076f,vertical 5,type 8,1.0,7ec009376b8bf0c03561b3f6ba251ab9d96efd42,2009-06-22 19:07:41.920253,2009-06-23 07:45:17.736956,2009-06-22 19:07:57.659881,2009-06-22 19:08:45.937849,,2009-06-22 19:07:48.803353,2009-06-22 19:08:45.811074,2009-06-23 07:45:17.736956
e26cf05d279d74a15537759c3e9db32816f3f274,b5ab8f51d35b64af079485e5bbbc335213f3a0ae,CAD,failed,v3,expired,initiated,d31fab6a6a6045defebf2e83a31a99d5704de6b0,vertical 4,type 8,3.69,9e2b06736b477b7a924f60de14a7e329d82d6f4f,2010-02-05 09:36:33.476415,2010-02-05 09:51:33.661701,2010-02-05 09:36:41.911773,,2010-02-05 09:51:33.661701,2010-02-05 09:36:36.647605,,
153bb80b563de8428f23a47ffafb656ef0a230b1,6926610db1dfc17aca46a6f67789d7d6c24a7185,CAD,failed,v3,expired,initiated,7212cf1b8e27486ec2eea681ab82e6c3f44f2970,vertical 2,type 8,1.2,9e2b06736b477b7a924f60de14a7e329d82d6f4f,2009-12-25 04:20:09.455017,2009-12-25 04:35:09.486585,2009-12-25 04:20:21.268884,,2009-12-25 04:35:09.486585,2009-12-25 04:20:12.443290,,
cf403ee21781d87d74b1b3e561a9f0d12ab6a71f,614f918e6feee31a627e487db0e58c331fc9d4b7,CAD,Executed,v3,,,02abfe216906d699a48d39d56b71327b294027cb,vertical 2,type 8,30.0,9e2b06736b477b7a924f60de14a7e329d82d6f4f,2008-07-09 16:32:55.343596,2008-07-09 16:36:11.221601,2008-07-09 16:33:52.605315,2008-07-09 16:36:11.221601,,2008-07-09 16:32:56.992282,2008-07-09 16:36:08.965906,2008-07-09 16:36:11.221601
8b72ae06e9e25fc40353193bc0ef884ff55a6dbc,34a0061ba48d1c2810cd930dd69d42482ca92d85,CAD,failed,v3,expired,authorizing,02abfe216906d699a48d39d56b71327b294027cb,vertical 2,type 8,10.0,9e2b06736b477b7a924f60de14a7e329d82d6f4f,2008-08-28 12:17:32.792743,2008-08-28 12:32:32.844040,2008-08-28 12:17:42.478913,,2008-08-28 12:32:32.844040,2008-08-28 12:17:35.978805,,
6db8896dd9c52b4b31afc37f779d53be5f53f067,e8085010136a26d0ebc200ac0751b1d9d673a764,CAD,Executed,v3,,,f66f2f438fc87dd7deff8e022a67cc5d71aa6968,vertical 2,type 8,4.84,9e2b06736b477b7a924f60de14a7e329d82d6f4f,2009-08-18 08:18:43.859378,2009-08-18 08:19:10.032766,2009-08-18 08:18:48.356946,2009-08-18 08:19:08.151411,,2009-08-18 08:18:44.530069,2009-08-18 08:19:04.822388,2009-08-18 08:19:10.032766
612ba4aea48a92fdc40520b51bdf8a2105aaccac,34a0061ba48d1c2810cd930dd69d42482ca92d85,CAD,failed,v3,expired,initiated,64c370a753b1db282770cdbf2aba5434a3185b3d,vertical 2,type 8,181.56,9e2b06736b477b7a924f60de14a7e329d82d6f4f,2009-12-31 09:56:15.217199,2009-12-31 10:11:15.352040,2009-12-31 09:56:21.212978,,2009-12-31 10:11:15.352040,2009-12-31 09:56:15.690683,,
41d46b7e783c51f7da870045aef7c00273e5d246,b5ab8f51d35b64af079485e5bbbc335213f3a0ae,CAD,Executed,v3,,,7212cf1b8e27486ec2eea681ab82e6c3f44f2970,vertical 2,type 8,10.4,9e2b06736b477b7a924f60de14a7e329d82d6f4f,2009-10-23 10:59:19.202758,2009-10-23 11:00:12.925986,2009-10-23 10:59:28.579988,2009-10-23 11:00:12.925986,,2009-10-23 10:59:22.464496,2009-10-23 11:00:10.962290,
5908a021d389350e65333e8297e9e1c2be85c903,b7308502f039e303a048625c725d4aea3380c2ac,CAD,Executed,v3,,,d292da2283043c07accb1086a004caaf05472d44,vertical 5,type 8,1.0,9e2b06736b477b7a924f60de14a7e329d82d6f4f,2009-03-11 18:36:10.487871,2009-03-11 18:36:37.192942,2009-03-11 18:36:16.515777,2009-03-11 18:36:37.192942,,2009-03-11 18:36:12.964333,2009-03-11 18:36:35.136427,2009-03-11 18:36:37.192942
88f80ba805fd0879b36c2cb0bed8034e56b58ff7,b5ab8f51d35b64af079485e5bbbc335213f3a0ae,CAD,Executed,v3,,,7212cf1b8e27486ec2eea681ab82e6c3f44f2970,vertical 2,type 8,3.36,9e2b06736b477b7a924f60de14a7e329d82d6f4f,2009-10-28 10:23:38.163259,2009-10-28 10:24:56.322655,2009-10-28 10:23:46.266704,2009-10-28 10:24:56.322655,,2009-10-28 10:23:39.561341,2009-10-28 10:24:54.764619,
fb29fa248d9ae949a466d329d1e84d7f9442a13d,c6e647f7497bcd595c4e4cff311261cb006e88e5,USD,Executed,v3,,,7a2bce009f441ab34def6cf5f7574854e9fd076f,vertical 5,type 8,1.5,7ec009376b8bf0c03561b3f6ba251ab9d96efd42,2009-05-11 07:13:12.940611,2009-05-11 07:13:44.770280,2009-05-11 07:13:23.614744,2009-05-11 07:13:43.528760,,2009-05-11 07:13:17.777474,2009-05-11 07:13:41.186751,2009-05-11 07:13:44.770280
b2e5278dba9142ac92e7efb5fb557ae45e2a1d4d,6926610db1dfc17aca46a6f67789d7d6c24a7185,CAD,Executed,v3,,,f66f2f438fc87dd7deff8e022a67cc5d71aa6968,vertical 2,type 8,10.0,9e2b06736b477b7a924f60de14a7e329d82d6f4f,2009-11-21 13:50:59.399267,2009-11-21 13:52:29.237000,2009-11-21 13:51:13.863216,2009-11-21 13:52:29.237000,,2009-11-21 13:51:06.236389,2009-11-21 13:52:27.786563,2009-11-21 13:52:29.237000
949d9b0bab5efda3fe74ffd8ce5e9b1615274b7b,0090e57640ed78b0c16ac4606a6773769545bb17,CAD,Executed,v3,,,f66f2f438fc87dd7deff8e022a67cc5d71aa6968,vertical 2,type 8,2.57,9e2b06736b477b7a924f60de14a7e329d82d6f4f,2010-01-05 03:54:50.553785,2010-01-05 03:55:20.407000,2010-01-05 03:54:59.338190,2010-01-05 03:55:20.407000,,2010-01-05 03:54:54.302685,2010-01-05 03:55:19.661308,2010-01-05 03:55:20.407000
420352225e346895fbdecf26c458841066861ba0,6cd7d8d37b110668afdca42fc0e1d366b322783e,CAD,Executed,v3,,,f66f2f438fc87dd7deff8e022a67cc5d71aa6968,vertical 2,type 8,7.5,9e2b06736b477b7a924f60de14a7e329d82d6f4f,2010-01-31 19:23:28.831362,2010-01-31 19:24:07.330000,2010-01-31 19:23:39.879209,2010-01-31 19:24:07.074510,,2010-01-31 19:23:32.299151,2010-01-31 19:24:05.616009,2010-01-31 19:24:07.330000
1210f08e96c804c28fbd6d29a7a09eadfe1e0db5,e8085010136a26d0ebc200ac0751b1d9d673a764,CAD,Executed,v3,,,f66f2f438fc87dd7deff8e022a67cc5d71aa6968,vertical 2,type 8,2.5,9e2b06736b477b7a924f60de14a7e329d82d6f4f,2009-11-13 06:39:20.537018,2009-11-13 06:39:46.577000,2009-11-13 06:39:29.265172,2009-11-13 06:39:46.438925,,2009-11-13 06:39:23.566099,2009-11-13 06:39:43.464571,2009-11-13 06:39:46.577000
a57fffcd5725a0f9cb2b64e191cbeb42eb9011d0,660054a4565377c6e43ff7709abf56d8494ba604,CAD,Executed,v3,,,f66f2f438fc87dd7deff8e022a67cc5d71aa6968,vertical 2,type 8,10.35,9e2b06736b477b7a924f60de14a7e329d82d6f4f,2009-11-05 11:24:38.035232,2009-11-05 11:25:16.157000,2009-11-05 11:24:52.646387,2009-11-05 11:25:16.157000,,2009-11-05 11:24:39.351052,2009-11-05 11:25:15.678626,2009-11-05 11:25:16.157000
5dfa3c6daa975bbfe9b5368aa7d56010b3a608e8,b7308502f039e303a048625c725d4aea3380c2ac,CAD,failed,v3,expired,initiated,64c370a753b1db282770cdbf2aba5434a3185b3d,vertical 2,type 8,7.04,9e2b06736b477b7a924f60de14a7e329d82d6f4f,2009-12-24 09:45:27.876596,2009-12-24 10:00:27.957780,2009-12-24 09:45:33.912681,,2009-12-24 10:00:27.957780,2009-12-24 09:45:28.437904,,
9f77ef0008a9d3c950cecfe02dcce0596388012b,6cd7d8d37b110668afdca42fc0e1d366b322783e,CAD,failed,v3,expired,initiated,64c370a753b1db282770cdbf2aba5434a3185b3d,vertical 2,type 8,6.0,9e2b06736b477b7a924f60de14a7e329d82d6f4f,2009-09-23 15:01:45.798952,2009-09-23 15:16:45.987862,2009-09-23 15:01:52.570940,,2009-09-23 15:16:45.987862,2009-09-23 15:01:46.669059,,
9fb4e0acb95e7e213f82146bedeef640af1d0df6,4d762ce64874cd49be593313e92a1e61cf74417e,CAD,Executed,v3,,,64c370a753b1db282770cdbf2aba5434a3185b3d,vertical 2,type 8,6.51,9e2b06736b477b7a924f60de14a7e329d82d6f4f,2009-09-28 13:05:52.409202,2009-09-28 13:06:28.946638,2009-09-28 13:06:05.690896,2009-09-28 13:06:28.946638,,2009-09-28 13:05:53.157545,2009-09-28 13:06:28.498353,2009-09-28 13:06:28.946638
bcaa02ed48e11a5df0f32c557e69db8348b16a98,c6e647f7497bcd595c4e4cff311261cb006e88e5,USD,initiated,v3,,,7a2bce009f441ab34def6cf5f7574854e9fd076f,vertical 5,type 8,4.5,7ec009376b8bf0c03561b3f6ba251ab9d96efd42,2009-12-21 19:37:28.960619,2009-12-21 19:37:41.646355,2009-12-21 19:37:41.646355,,,2009-12-21 19:37:37.603419,,
e663eedace2abf8d3b7a32f197d115d132f219a8,c6e647f7497bcd595c4e4cff311261cb006e88e5,USD,Executed,v3,,,7a2bce009f441ab34def6cf5f7574854e9fd076f,vertical 5,type 8,1.0,7ec009376b8bf0c03561b3f6ba251ab9d96efd42,2009-05-25 12:21:44.743458,2009-05-25 12:22:25.450744,2009-05-25 12:21:57.842398,2009-05-25 12:22:21.253696,,2009-05-25 12:21:52.445548,2009-05-25 12:22:19.083574,2009-05-25 12:22:25.450744
3d576c0b1fd1b258c17294f456d3586cf4a008a7,e9b3eef71fa711e7f8be41affba46f0a1727713d,USD,authorizing,v3,,,6e00ad8c3ecee4ef5ba5f8ddf15527a0493951a9,vertical 2,type 3,500.0,1ef393c389ad6e2b2d4d865f843dcf351b1d19f5,2008-01-30 17:18:09.664676,2008-01-30 17:18:10.655761,2008-01-30 17:18:10.655761,,,2008-01-30 17:18:09.901754,,
c2c731157f5a999ca121fad04fdeda070ebea8ce,6cd7d8d37b110668afdca42fc0e1d366b322783e,CAD,Executed,v3,,,f66f2f438fc87dd7deff8e022a67cc5d71aa6968,vertical 2,type 8,2.0,9e2b06736b477b7a924f60de14a7e329d82d6f4f,2009-09-20 08:34:27.772928,2009-09-20 08:35:03.621285,2009-09-20 08:34:36.375888,2009-09-20 08:35:03.312921,,2009-09-20 08:34:28.313553,2009-09-20 08:35:01.694058,2009-09-20 08:35:03.621285
7127656fa94b096702e489fa940c9ec49cc9bd9c,6cd7d8d37b110668afdca42fc0e1d366b322783e,CAD,failed,v3,expired,initiated,64c370a753b1db282770cdbf2aba5434a3185b3d,vertical 2,type 8,10.0,9e2b06736b477b7a924f60de14a7e329d82d6f4f,2010-02-05 17:47:52.157211,2010-02-05 18:02:52.185116,2010-02-05 17:48:01.021625,,2010-02-05 18:02:52.185116,2010-02-05 17:47:55.561572,,
6f851e562f2a59313ca023bf07161cdb530fc48c,34a0061ba48d1c2810cd930dd69d42482ca92d85,CAD,Executed,v3,,,64c370a753b1db282770cdbf2aba5434a3185b3d,vertical 2,type 8,40.0,9e2b06736b477b7a924f60de14a7e329d82d6f4f,2009-10-07 23:57:41.537012,2009-10-07 23:58:19.725165,2009-10-07 23:57:50.993840,2009-10-07 23:58:18.813213,,2009-10-07 23:57:42.559884,2009-10-07 23:58:17.584073,2009-10-07 23:58:19.725165
0e08d187b1e82a2221fc0144f07cbc3564d2bea7,fa485aff3f9e34d55d25f78856d4a2526a5f8e6f,CAD,Executed,v3,,,64c370a753b1db282770cdbf2aba5434a3185b3d,vertical 2,type 8,6.7,9e2b06736b477b7a924f60de14a7e329d82d6f4f,2009-11-03 13:36:13.425953,2009-11-03 13:36:49.805897,2009-11-03 13:36:26.999145,2009-11-03 13:36:49.726194,,2009-11-03 13:36:15.031659,2009-11-03 13:36:47.211816,2009-11-03 13:36:49.805897
586d6c2bb4e094e5f26d2f94726721ddb4936a40,b5ab8f51d35b64af079485e5bbbc335213f3a0ae,CAD,Executed,v3,,,f66f2f438fc87dd7deff8e022a67cc5d71aa6968,vertical 2,type 8,3.04,9e2b06736b477b7a924f60de14a7e329d82d6f4f,2009-11-15 09:45:36.560412,2009-11-15 09:45:58.938876,2009-11-15 09:45:43.191936,2009-11-15 09:45:58.938876,,2009-11-15 09:45:39.275405,2009-11-15 09:45:57.066701,2009-11-15 09:45:58.727000
9359de071587e8dc64e6e718dbcf8be8b9b5ca85,b5ab8f51d35b64af079485e5bbbc335213f3a0ae,CAD,Executed,v3,,,f66f2f438fc87dd7deff8e022a67cc5d71aa6968,vertical 2,type 8,10.0,9e2b06736b477b7a924f60de14a7e329d82d6f4f,2009-12-16 03:55:52.066005,2009-12-16 03:56:47.933000,2009-12-16 03:56:00.087315,2009-12-16 03:56:46.831267,,2009-12-16 03:55:54.890421,2009-12-16 03:56:45.115152,2009-12-16 03:56:47.933000
745c8fac8bae1dc389b58cae288c77301480ec6d,e9b3eef71fa711e7f8be41affba46f0a1727713d,USD,failed,v3,not_authorized,authorizing,6e00ad8c3ecee4ef5ba5f8ddf15527a0493951a9,vertical 2,type 3,80.15,1ef393c389ad6e2b2d4d865f843dcf351b1d19f5,2008-02-22 16:24:43.425296,2008-02-22 16:25:04.281537,2008-02-22 16:24:43.974166,,2008-02-22 16:25:04.281537,2008-02-22 16:24:43.425296,,
ebd5b3600679b3d6979ab0ea110736dd9a6aa516,6cd7d8d37b110668afdca42fc0e1d366b322783e,CAD,Executed,v3,,,f66f2f438fc87dd7deff8e022a67cc5d71aa6968,vertical 2,type 8,12.93,9e2b06736b477b7a924f60de14a7e329d82d6f4f,2009-07-02 20:24:07.903510,2009-07-02 20:25:01.424875,2009-07-02 20:24:18.441786,2009-07-02 20:25:01.383268,,2009-07-02 20:24:08.362668,2009-07-02 20:24:59.668249,2009-07-02 20:25:01.424875
5a921a39c0c483eeb190adf7c06df8a2468161c0,b5ab8f51d35b64af079485e5bbbc335213f3a0ae,CAD,Executed,v3,,,f66f2f438fc87dd7deff8e022a67cc5d71aa6968,vertical 2,type 8,4.21,9e2b06736b477b7a924f60de14a7e329d82d6f4f,2009-12-25 14:26:35.570031,2009-12-25 14:27:21.680000,2009-12-25 14:26:46.940426,2009-12-25 14:27:21.010272,,2009-12-25 14:26:41.900520,2009-12-25 14:27:19.398450,2009-12-25 14:27:21.680000
a103b13c535b8caba88cd7d78a63890d37ba6a5b,e9b3eef71fa711e7f8be41affba46f0a1727713d,USD,Executed,v3,,,6e00ad8c3ecee4ef5ba5f8ddf15527a0493951a9,vertical 2,type 3,78.5,1ef393c389ad6e2b2d4d865f843dcf351b1d19f5,2008-02-28 00:48:17.854840,2008-02-28 00:48:33.904627,2008-02-28 00:48:18.522421,2008-02-28 00:48:33.904627,,2008-02-28 00:48:17.854840,2008-02-28 00:48:30.819772,
1a18d0d84851077bd5758f6fc27e00810c2aaac5,c6e647f7497bcd595c4e4cff311261cb006e88e5,USD,Executed,v3,,,7a2bce009f441ab34def6cf5f7574854e9fd076f,vertical 5,type 8,2.5,7ec009376b8bf0c03561b3f6ba251ab9d96efd42,2010-01-22 18:37:08.200601,2010-01-23 01:01:41.000000,2010-01-22 18:37:22.152825,2010-01-23 01:01:41.000000,,2010-01-22 18:37:11.695831,2010-01-22 18:37:42.109913,2010-01-23 01:01:41.000000
8b8c58f91b8543e921318e8d31baf864af1cc462,0090e57640ed78b0c16ac4606a6773769545bb17,CAD,failed,v3,expired,initiated,f66f2f438fc87dd7deff8e022a67cc5d71aa6968,vertical 2,type 8,38.9,9e2b06736b477b7a924f60de14a7e329d82d6f4f,2009-11-28 19:22:58.554262,2009-11-28 19:37:58.714707,2009-11-28 19:23:03.787022,,2009-11-28 19:37:58.714707,2009-11-28 19:22:59.140354,,
bb246cbab3484f355e0804a8398effc51c850c87,34a0061ba48d1c2810cd930dd69d42482ca92d85,CAD,Executed,v3,,,f66f2f438fc87dd7deff8e022a67cc5d71aa6968,vertical 2,type 8,199.11,9e2b06736b477b7a924f60de14a7e329d82d6f4f,2009-10-29 17:55:20.072872,2009-10-29 17:55:55.681494,2009-10-29 17:55:29.471916,2009-10-29 17:55:54.804559,,2009-10-29 17:55:20.589799,2009-10-29 17:55:53.440703,2009-10-29 17:55:55.681494
4a564925c25a4d4bb6e0f3616bf332ca78404b0e,f013de7e1aee607a6c2f86a5c09b2017a5813be0,USD,Executed,v3,,,6e00ad8c3ecee4ef5ba5f8ddf15527a0493951a9,vertical 2,type 6,10.0,1ef393c389ad6e2b2d4d865f843dcf351b1d19f5,2008-02-03 18:41:48.243995,2008-02-03 18:42:41.541362,2008-02-03 18:41:50.712057,2008-02-03 18:42:41.541362,,2008-02-03 18:41:48.243995,2008-02-03 18:42:09.898711,
417a0984ebfc496be0831866b6cfd720bf892c8f,34a0061ba48d1c2810cd930dd69d42482ca92d85,CAD,failed,v3,expired,authorizing,6e00ad8c3ecee4ef5ba5f8ddf15527a0493951a9,vertical 2,type 8,20.0,9e2b06736b477b7a924f60de14a7e329d82d6f4f,2008-01-19 06:48:22.805702,2008-01-19 07:03:22.895989,2008-01-19 06:48:24.042729,,2008-01-19 07:03:22.895989,2008-01-19 06:48:22.805702,,
ee6e6d66120a2c1cef7189d141e664fd5c86e793,e9b3eef71fa711e7f8be41affba46f0a1727713d,USD,authorizing,v3,,,6e00ad8c3ecee4ef5ba5f8ddf15527a0493951a9,vertical 2,type 3,10.0,1ef393c389ad6e2b2d4d865f843dcf351b1d19f5,2008-02-09 10:15:06.502473,2008-02-09 10:15:07.466800,2008-02-09 10:15:07.466800,,,2008-02-09 10:15:06.732879,,
65ae3b50de85c32b42353fe96c6da5b880880624,b7fdda6d8957d76f5537a7b43f39060422c52953,USD,Executed,v3,,,6e00ad8c3ecee4ef5ba5f8ddf15527a0493951a9,vertical 2,type 6,6.4,e663a75ca1d25c297c92ca032b7bd8d1af3b0b5c,2008-02-24 14:44:47.874018,2008-02-24 14:47:08.313001,2008-02-24 14:44:49.621585,2008-02-24 14:47:08.313001,,2008-02-24 14:44:47.874018,2008-02-24 14:45:16.976628,
ffda7a289dbe7d9e2db66f05e766d0bc48fdcb79,4f854bb13478893164129f795e7304d755c7558e,USD,authorizing,v3,,,6e00ad8c3ecee4ef5ba5f8ddf15527a0493951a9,vertical 2,type 6,30.0,1ef393c389ad6e2b2d4d865f843dcf351b1d19f5,2008-02-22 04:45:06.052050,2008-02-22 04:45:06.408975,2008-02-22 04:45:06.408975,,,2008-02-22 04:45:06.302921,,
1ecd54c7a634aeb0124f95219f6492351521feb0,e9b3eef71fa711e7f8be41affba46f0a1727713d,USD,failed,v3,not_authorized,authorizing,6e00ad8c3ecee4ef5ba5f8ddf15527a0493951a9,vertical 2,type 3,1.0,1ef393c389ad6e2b2d4d865f843dcf351b1d19f5,2008-02-01 23:31:46.928169,2008-02-01 23:35:35.196532,2008-02-01 23:31:49.266652,,2008-02-01 23:35:35.196532,2008-02-01 23:31:46.928169,,
06958c0ed0ec4be43685b965db7e78403c09b993,6cd7d8d37b110668afdca42fc0e1d366b322783e,CAD,Executed,v3,,,f66f2f438fc87dd7deff8e022a67cc5d71aa6968,vertical 2,type 8,1.0,9e2b06736b477b7a924f60de14a7e329d82d6f4f,2010-01-04 20:50:48.123818,2010-01-04 20:51:19.139917,2010-01-04 20:50:54.665499,2010-01-04 20:51:19.139917,,2010-01-04 20:50:51.094364,2010-01-04 20:51:17.474149,2010-01-04 20:51:18.907000
035ba5a8b0b5063d0339c023f811fd6d68dae012,0090e57640ed78b0c16ac4606a6773769545bb17,CAD,Executed,v3,,,64c370a753b1db282770cdbf2aba5434a3185b3d,vertical 2,type 8,8.0,9e2b06736b477b7a924f60de14a7e329d82d6f4f,2009-08-21 15:33:41.542966,2009-08-21 15:34:33.762361,2009-08-21 15:33:47.410230,2009-08-21 15:34:33.762361,,2009-08-21 15:33:42.198571,2009-08-21 15:34:32.331531,2009-08-21 15:34:33.762361
11c89825fb2e97a487c43ddfe9c49979d881e20b,660054a4565377c6e43ff7709abf56d8494ba604,CAD,Executed,v3,,,64c370a753b1db282770cdbf2aba5434a3185b3d,vertical 2,type 8,10.0,9e2b06736b477b7a924f60de14a7e329d82d6f4f,2009-11-17 13:33:11.334161,2009-11-17 13:34:00.893000,2009-11-17 13:33:21.324354,2009-11-17 13:34:00.893000,,2009-11-17 13:33:11.855511,2009-11-17 13:33:59.247514,2009-11-17 13:34:00.893000
7bfc25cb41dae75ba25ac1cad3a43aada4f1bdf7,fa485aff3f9e34d55d25f78856d4a2526a5f8e6f,CAD,Executed,v3,,,64c370a753b1db282770cdbf2aba5434a3185b3d,vertical 2,type 8,5.0,9e2b06736b477b7a924f60de14a7e329d82d6f4f,2010-01-27 03:14:32.266859,2010-01-27 03:15:13.317000,2010-01-27 03:14:46.185194,2010-01-27 03:15:11.856431,,2010-01-27 03:14:41.143358,2010-01-27 03:15:09.240237,2010-01-27 03:15:13.317000
36ab3981522866740472f323dd012eb55aaca157,6926610db1dfc17aca46a6f67789d7d6c24a7185,CAD,Executed,v3,,,7212cf1b8e27486ec2eea681ab82e6c3f44f2970,vertical 2,type 8,20.8,9e2b06736b477b7a924f60de14a7e329d82d6f4f,2009-10-31 15:18:48.957644,2009-10-31 15:19:48.312396,2009-10-31 15:18:55.794176,2009-10-31 15:19:48.312396,,2009-10-31 15:18:51.797370,2009-10-31 15:19:44.931833,
b1959b719e6a8b668951bdc1df1b6cb795b4b4ba,4c39c7d075ce943f66f01365a73f84c93ba3bc4f,USD,initiated,v3,,,7a2bce009f441ab34def6cf5f7574854e9fd076f,vertical 5,type 8,2.5,7ec009376b8bf0c03561b3f6ba251ab9d96efd42,2008-12-18 11:26:13.178677,2008-12-18 11:26:22.558723,2008-12-18 11:26:22.558723,,,2008-12-18 11:26:16.954071,,
5725adda25f5d753d735ca64aba392ba7736aaa0,c6e647f7497bcd595c4e4cff311261cb006e88e5,USD,Executed,v3,,,7a2bce009f441ab34def6cf5f7574854e9fd076f,vertical 5,type 8,2.8,7ec009376b8bf0c03561b3f6ba251ab9d96efd42,2008-06-24 00:20:20.793139,2008-06-24 00:20:58.771873,2008-06-24 00:20:26.285199,2008-06-24 00:20:51.017842,,2008-06-24 00:20:24.000830,2008-06-24 00:20:48.790798,2008-06-24 00:20:58.771873
45bedf767e467067be6e0025f61f128e02744ae1,c6e647f7497bcd595c4e4cff311261cb006e88e5,USD,Executed,v3,,,7a2bce009f441ab34def6cf5f7574854e9fd076f,vertical 5,type 8,1.0,7ec009376b8bf0c03561b3f6ba251ab9d96efd42,2009-12-20 20:17:24.191510,2009-12-22 01:06:12.000000,2009-12-20 20:17:32.381356,2009-12-22 01:06:12.000000,,2009-12-20 20:17:28.975900,2009-12-20 20:18:06.558510,2009-12-22 01:06:12.000000
5834affcde8a3d4bd64bdbbcda76b99d590cec5e,b5ab8f51d35b64af079485e5bbbc335213f3a0ae,CAD,Executed,v3,,,f66f2f438fc87dd7deff8e022a67cc5d71aa6968,vertical 2,type 8,3.43,9e2b06736b477b7a924f60de14a7e329d82d6f4f,2009-10-13 04:14:04.607257,2009-10-13 04:14:36.530985,2009-10-13 04:14:11.257267,2009-10-13 04:14:36.161582,,2009-10-13 04:14:05.474295,2009-10-13 04:14:34.497854,2009-10-13 04:14:36.530985
5b838b4c7d7eaaaa2c7596652a325d71facaa39e,e67095adf654ddc631bcfd3f7aa3c7e43424ce0f,CAD,Executed,v3,,,64c370a753b1db282770cdbf2aba5434a3185b3d,vertical 2,type 8,2.3,9e2b06736b477b7a924f60de14a7e329d82d6f4f,2009-08-13 14:57:04.973945,2009-08-13 14:57:32.631847,2009-08-13 14:57:11.681141,2009-08-13 14:57:32.111646,,2009-08-13 14:57:06.612840,2009-08-13 14:57:30.146762,2009-08-13 14:57:32.631847
65183472890d4084f73dbaeb1fd565a4033f770d,b5ab8f51d35b64af079485e5bbbc335213f3a0ae,CAD,authorizing,v3,,,c26cb1ce3e5bb27ae85ff389be8684293b2442e8,vertical 4,type 8,4950.0,9e2b06736b477b7a924f60de14a7e329d82d6f4f,2008-01-09 14:04:54.504073,2008-01-09 14:05:10.949856,2008-01-09 14:05:10.949856,,,2008-01-09 14:04:56.883926,,
e3ba95b941f01603d3993fb803204d72cf4dfe91,eb1c4738ae6ac9c907a46a541af2d02d6be2f05b,CAD,Executed,v3,,,64c370a753b1db282770cdbf2aba5434a3185b3d,vertical 2,type 8,8.0,9e2b06736b477b7a924f60de14a7e329d82d6f4f,2009-10-02 18:11:25.851007,2009-10-02 18:12:32.602584,2009-10-02 18:11:33.143772,2009-10-02 18:12:32.602584,,2009-10-02 18:11:26.489384,2009-10-02 18:12:30.721568,2009-10-02 18:12:32.602584
f19e6cbef4ff4eb76a26f04f247f52deb7d8818b,38a9e879c040d20e370cb7f10b5fa8d971b7dabd,USD,failed,v3,rejected,authorization_required,6e00ad8c3ecee4ef5ba5f8ddf15527a0493951a9,vertical 2,type 2,1.0,9e2b06736b477b7a924f60de14a7e329d82d6f4f,2008-02-13 19:38:11.906205,2008-02-13 19:38:13.091790,,,2008-02-13 19:38:13.091790,,,
4bf55c7d56881d847b63a43cf7eddeef524c9d4c,c6e647f7497bcd595c4e4cff311261cb006e88e5,USD,Executed,v3,,,7a2bce009f441ab34def6cf5f7574854e9fd076f,vertical 5,type 8,1.0,7ec009376b8bf0c03561b3f6ba251ab9d96efd42,2010-01-26 16:14:53.773930,2010-01-27 01:01:23.000000,2010-01-26 16:15:03.501821,2010-01-27 01:01:23.000000,,2010-01-26 16:14:59.578042,2010-01-26 16:15:21.762492,2010-01-27 01:01:23.000000
04a093b5938e8d892acb27d66359e1308ec0a992,c6e647f7497bcd595c4e4cff311261cb006e88e5,USD,Executed,v3,,,7a2bce009f441ab34def6cf5f7574854e9fd076f,vertical 5,type 8,5.0,7ec009376b8bf0c03561b3f6ba251ab9d96efd42,2009-07-21 00:38:30.664483,2009-07-21 07:44:22.704588,2009-07-21 00:38:41.518068,2009-07-21 06:51:55.063240,,2009-07-21 00:38:35.910837,2009-07-21 00:39:07.861338,2009-07-21 07:44:22.704588
59554555b0d66cc1c2cd9fea52dbcae8b83fdd8a,4c39c7d075ce943f66f01365a73f84c93ba3bc4f,USD,failed,v3,user_canceled_at_provider,initiated,7a2bce009f441ab34def6cf5f7574854e9fd076f,vertical 5,type 8,4.0,7ec009376b8bf0c03561b3f6ba251ab9d96efd42,2009-07-22 17:12:44.854158,2009-07-22 17:13:17.134922,2009-07-22 17:12:53.601916,,2009-07-22 17:13:17.134922,2009-07-22 17:12:49.138733,,
c249eb3fa9086dbd2fbc0a212150d97545236172,b5ab8f51d35b64af079485e5bbbc335213f3a0ae,CAD,Executed,v3,,,f66f2f438fc87dd7deff8e022a67cc5d71aa6968,vertical 2,type 8,1.52,9e2b06736b477b7a924f60de14a7e329d82d6f4f,2009-09-22 13:37:54.952669,2009-09-22 13:39:22.623188,2009-09-22 13:38:11.233653,2009-09-22 13:39:22.623188,,2009-09-22 13:37:56.568848,2009-09-22 13:39:19.944935,2009-09-22 13:39:22.623188
9ea40cd326119f13259941e11973869ace775564,b5ab8f51d35b64af079485e5bbbc335213f3a0ae,CAD,Executed,v3,,,64c370a753b1db282770cdbf2aba5434a3185b3d,vertical 2,type 8,4.44,9e2b06736b477b7a924f60de14a7e329d82d6f4f,2009-10-22 16:58:51.181089,2009-10-22 16:59:27.209430,2009-10-22 16:58:55.156622,2009-10-22 16:59:26.789510,,2009-10-22 16:58:51.640777,2009-10-22 16:59:24.852360,2009-10-22 16:59:27.209430
8714b5a1dfc5e8f475c5d779823a70d029ea9a14,660054a4565377c6e43ff7709abf56d8494ba604,CAD,Executed,v3,,,64c370a753b1db282770cdbf2aba5434a3185b3d,vertical 2,type 8,3.3,9e2b06736b477b7a924f60de14a7e329d82d6f4f,2009-12-31 14:15:37.086245,2009-12-31 14:16:13.487000,2009-12-31 14:15:46.278490,2009-12-31 14:16:13.487000,,2009-12-31 14:15:40.708651,2009-12-31 14:16:13.121093,2009-12-31 14:16:13.487000
e528fb77bcf7a33fff0864cfd8899ff49f034be9,6cd7d8d37b110668afdca42fc0e1d366b322783e,CAD,Executed,v3,,,64c370a753b1db282770cdbf2aba5434a3185b3d,vertical 2,type 8,6.64,9e2b06736b477b7a924f60de14a7e329d82d6f4f,2009-10-04 19:01:20.823255,2009-10-04 19:02:09.835435,2009-10-04 19:01:27.658089,2009-10-04 19:02:09.046427,,2009-10-04 19:01:22.280509,2009-10-04 19:02:07.667379,2009-10-04 19:02:09.835435
8baa746caf4712e913227e08b019ca736afe4a0d,660054a4565377c6e43ff7709abf56d8494ba604,CAD,Executed,v3,,,64c370a753b1db282770cdbf2aba5434a3185b3d,vertical 2,type 8,60.0,9e2b06736b477b7a924f60de14a7e329d82d6f4f,2009-12-02 17:57:10.840180,2009-12-02 17:57:59.800627,2009-12-02 17:57:19.400411,2009-12-02 17:57:59.800627,,2009-12-02 17:57:14.160432,2009-12-02 17:57:58.421076,2009-12-02 17:57:59.707000
012502bb55e3feaeaa5157a4215f1378383d88bc,b7308502f039e303a048625c725d4aea3380c2ac,CAD,Executed,v3,,,64c370a753b1db282770cdbf2aba5434a3185b3d,vertical 2,type 8,72.38,9e2b06736b477b7a924f60de14a7e329d82d6f4f,2009-08-25 18:16:10.306359,2009-08-25 18:16:35.193247,2009-08-25 18:16:20.927682,2009-08-25 18:16:35.193247,,2009-08-25 18:16:11.224507,2009-08-25 18:16:33.221758,2009-08-25 18:16:35.193247
83714caeb257812dcd139b4b1038b24e2438a7f3,e9b3eef71fa711e7f8be41affba46f0a1727713d,USD,authorizing,v3,,,6e00ad8c3ecee4ef5ba5f8ddf15527a0493951a9,vertical 2,type 3,78.94,1ef393c389ad6e2b2d4d865f843dcf351b1d19f5,2008-02-20 19:07:24.663991,2008-02-20 19:07:25.360901,2008-02-20 19:07:25.360901,,,2008-02-20 19:07:24.937538,,
9b075d7c00f3da8be22657674368b2eba1deea84,3e3b704ede474cd3cb38721a374cbfe582825415,USD,failed,v3,internal_server_error,authorization_required,6e00ad8c3ecee4ef5ba5f8ddf15527a0493951a9,vertical 2,type 2,100.0,f69ad584c025f9b756ce1e8c70de3a33aef50b32,2008-01-24 23:56:50.403976,2008-01-24 23:56:50.695598,,,2008-01-24 23:56:50.695598,,,
56952f63adfa9f70245770c7fdf31b42dfa42933,b7308502f039e303a048625c725d4aea3380c2ac,CAD,Executed,v3,,,f66f2f438fc87dd7deff8e022a67cc5d71aa6968,vertical 2,type 8,2.71,9e2b06736b477b7a924f60de14a7e329d82d6f4f,2010-02-04 10:36:51.981701,2010-02-04 10:37:15.873000,2010-02-04 10:37:01.771083,2010-02-04 10:37:15.873000,,2010-02-04 10:36:55.920630,2010-02-04 10:37:14.283227,2010-02-04 10:37:15.873000
0e8ce64cdab16a9dc1a5f21d43d540b901d81aac,b5ab8f51d35b64af079485e5bbbc335213f3a0ae,CAD,Executed,v3,,,f66f2f438fc87dd7deff8e022a67cc5d71aa6968,vertical 2,type 8,12.76,9e2b06736b477b7a924f60de14a7e329d82d6f4f,2009-11-16 09:40:09.443963,2009-11-16 09:40:48.707000,2009-11-16 09:40:15.045911,2009-11-16 09:40:48.707000,,2009-11-16 09:40:09.984209,2009-11-16 09:40:47.778616,2009-11-16 09:40:48.707000
4c40bdd3e28e049ac83c52183d91777d94e06767,4c39c7d075ce943f66f01365a73f84c93ba3bc4f,USD,initiated,v3,,,7a2bce009f441ab34def6cf5f7574854e9fd076f,vertical 5,type 8,1.0,7ec009376b8bf0c03561b3f6ba251ab9d96efd42,2009-08-30 01:12:09.160771,2009-08-30 01:12:17.413623,2009-08-30 01:12:17.413623,,,2009-08-30 01:12:13.219263,,
a82271ea2be55e208b3f87c1dd4c1316420ca81e,7793607afc91c55351f23d75015223501cd65cd2,USD,failed,v3,not_authorized,authorizing,6e00ad8c3ecee4ef5ba5f8ddf15527a0493951a9,vertical 2,type 2,100.0,f69ad584c025f9b756ce1e8c70de3a33aef50b32,2008-02-06 13:19:22.585011,2008-02-06 13:21:04.325869,2008-02-06 13:19:23.491366,,2008-02-06 13:21:04.325869,2008-02-06 13:19:22.585011,,
804be054e9c602eade07bcaf96bb1e789d7a74ac,c6e647f7497bcd595c4e4cff311261cb006e88e5,USD,initiated,v3,,,7a2bce009f441ab34def6cf5f7574854e9fd076f,vertical 5,type 8,2.5,7ec009376b8bf0c03561b3f6ba251ab9d96efd42,2009-07-18 19:43:02.346616,2009-07-18 19:43:10.831422,2009-07-18 19:43:10.831422,,,2009-07-18 19:43:06.057411,,
f71c956bf189e871eb8426426cd7fa86b31aa481,b5ab8f51d35b64af079485e5bbbc335213f3a0ae,CAD,Executed,v3,,,64c370a753b1db282770cdbf2aba5434a3185b3d,vertical 2,type 8,3.85,9e2b06736b477b7a924f60de14a7e329d82d6f4f,2009-08-23 09:51:23.052621,2009-08-23 09:51:51.340918,2009-08-23 09:51:27.860532,2009-08-23 09:51:51.340918,,2009-08-23 09:51:23.960052,2009-08-23 09:51:49.498200,2009-08-23 09:51:51.340918
ea195e7b1e931a4e0e603aae62a6513871cc7d7f,c6e647f7497bcd595c4e4cff311261cb006e88e5,USD,Executed,v3,,,7a2bce009f441ab34def6cf5f7574854e9fd076f,vertical 5,type 8,1.0,7ec009376b8bf0c03561b3f6ba251ab9d96efd42,2009-09-03 23:43:49.536224,2009-09-04 00:58:32.295175,2009-09-03 23:44:05.525399,2009-09-04 00:57:38.078510,,2009-09-03 23:43:58.885313,2009-09-03 23:44:59.854957,2009-09-04 00:58:32.295175
c15089b7609d8fd62fa8eacaa3cdbc1cb2e39d25,b7fdda6d8957d76f5537a7b43f39060422c52953,USD,Executed,v3,,,6e00ad8c3ecee4ef5ba5f8ddf15527a0493951a9,vertical 2,type 6,10.0,e663a75ca1d25c297c92ca032b7bd8d1af3b0b5c,2008-01-30 17:59:25.636145,2008-01-30 18:19:35.096174,2008-01-30 17:59:26.530921,2008-01-30 18:19:35.096174,,2008-01-30 17:59:25.636145,2008-01-30 18:00:49.740105,
eaa910a27a2b4b3e0d84b937bb3ddcb84634dcee,3674b4d292131698ba6c946dda67a8fd8b63f12a,CAD,Executed,v3,,,f66f2f438fc87dd7deff8e022a67cc5d71aa6968,vertical 2,type 8,40.0,9e2b06736b477b7a924f60de14a7e329d82d6f4f,2010-02-05 16:18:21.651878,2010-02-05 16:19:04.747948,2010-02-05 16:18:37.176803,2010-02-05 16:19:04.747948,,2010-02-05 16:18:28.274343,2010-02-05 16:19:03.347334,2010-02-05 16:19:04.710000
e34b1690740d0ed10640ff7490f576ccc8a16d08,4c39c7d075ce943f66f01365a73f84c93ba3bc4f,USD,initiated,v3,,,7a2bce009f441ab34def6cf5f7574854e9fd076f,vertical 5,type 8,1.0,7ec009376b8bf0c03561b3f6ba251ab9d96efd42,2009-09-13 21:25:30.261124,2009-09-13 21:25:36.760822,2009-09-13 21:25:36.760822,,,2009-09-13 21:25:33.733330,,
62881a6d35eb6e345bf6603f45e10f8dd3f786af,c6e647f7497bcd595c4e4cff311261cb006e88e5,USD,failed,v3,user_canceled_at_provider,initiated,7a2bce009f441ab34def6cf5f7574854e9fd076f,vertical 5,type 8,1.0,7ec009376b8bf0c03561b3f6ba251ab9d96efd42,2009-08-23 15:31:03.689251,2009-08-23 15:31:37.622634,2009-08-23 15:31:21.316742,,2009-08-23 15:31:37.622634,2009-08-23 15:31:17.393664,,
31e04274feef63f94f8f633c85f50e78355b9415,c6e647f7497bcd595c4e4cff311261cb006e88e5,USD,Executed,v3,,,7a2bce009f441ab34def6cf5f7574854e9fd076f,vertical 5,type 8,1.0,7ec009376b8bf0c03561b3f6ba251ab9d96efd42,2009-06-08 16:49:03.514649,2009-06-08 16:49:32.324705,2009-06-08 16:49:11.423412,2009-06-08 16:49:29.404907,,2009-06-08 16:49:08.403270,2009-06-08 16:49:27.643857,2009-06-08 16:49:32.324705
d30bce0e7bf4f7918b0e58fc59c1808c0aa30fe5,b5ab8f51d35b64af079485e5bbbc335213f3a0ae,CAD,Executed,v3,,,64c370a753b1db282770cdbf2aba5434a3185b3d,vertical 2,type 8,100.0,9e2b06736b477b7a924f60de14a7e329d82d6f4f,2009-10-01 09:12:43.318867,2009-10-01 09:13:45.003902,2009-10-01 09:12:49.978662,2009-10-01 09:13:45.003902,,2009-10-01 09:12:44.634588,2009-10-01 09:13:43.254884,2009-10-01 09:13:45.003902
7beb265a72d5c82016d1d550ad79f6decbe96985,e9b3eef71fa711e7f8be41affba46f0a1727713d,USD,Executed,v3,,,6e00ad8c3ecee4ef5ba5f8ddf15527a0493951a9,vertical 2,type 3,69.6,1ef393c389ad6e2b2d4d865f843dcf351b1d19f5,2008-02-21 10:38:43.410274,2008-02-21 10:39:08.335614,2008-02-21 10:38:43.956063,2008-02-21 10:39:08.335614,,2008-02-21 10:38:43.410274,2008-02-21 10:39:05.156487,
38857e1bb595552572601f0c63c1ad618d0bf356,e8085010136a26d0ebc200ac0751b1d9d673a764,CAD,failed,v3,expired,initiated,f66f2f438fc87dd7deff8e022a67cc5d71aa6968,vertical 2,type 8,13.0,9e2b06736b477b7a924f60de14a7e329d82d6f4f,2009-12-22 10:07:38.787566,2009-12-22 10:22:39.009918,2009-12-22 10:07:45.889134,,2009-12-22 10:22:39.009918,2009-12-22 10:07:39.206939,,
8f8941e25263d739bd101c80c83a9a6ba59888c4,21b955e418f741b067688bc141261d7cd8d59973,CAD,failed,v3,expired,initiated,64c370a753b1db282770cdbf2aba5434a3185b3d,vertical 2,type 8,6.85,9e2b06736b477b7a924f60de14a7e329d82d6f4f,2009-12-01 16:44:04.319164,2009-12-01 16:59:04.438540,2009-12-01 16:44:16.968876,,2009-12-01 16:59:04.438540,2009-12-01 16:44:08.888866,,
4f7b699c62369bd68aad42f3da66c338853b8120,e9b3eef71fa711e7f8be41affba46f0a1727713d,USD,Executed,v3,,,6e00ad8c3ecee4ef5ba5f8ddf15527a0493951a9,vertical 2,type 3,2.03,1ef393c389ad6e2b2d4d865f843dcf351b1d19f5,2008-02-24 09:49:27.195675,2008-02-24 09:51:23.065506,2008-02-24 09:49:27.847692,2008-02-24 09:51:23.065506,,2008-02-24 09:49:27.195675,2008-02-24 09:51:20.801561,
6ad9801fd6e3e0afa5d5893567bac14353f2d52c,fa485aff3f9e34d55d25f78856d4a2526a5f8e6f,CAD,Executed,v3,,,f01dc54a26fe2a3def3dee28f7fb7c56c83ee7e7,vertical 5,type 8,1.0,9e2b06736b477b7a924f60de14a7e329d82d6f4f,2009-11-11 10:22:55.522466,2009-11-11 10:23:49.947000,2009-11-11 10:23:04.413722,2009-11-11 10:23:49.947000,,2009-11-11 10:23:02.710309,2009-11-11 10:23:47.868112,2009-11-11 10:23:49.947000
21a9f225dd8788b1e7b6fac0fa04d0299a0a9c3e,b5ab8f51d35b64af079485e5bbbc335213f3a0ae,CAD,Executed,v3,,,f01dc54a26fe2a3def3dee28f7fb7c56c83ee7e7,vertical 5,type 8,3.5,9e2b06736b477b7a924f60de14a7e329d82d6f4f,2009-12-01 02:28:59.197689,2009-12-01 02:29:21.900000,2009-12-01 02:29:03.755136,2009-12-01 02:29:21.399148,,2009-12-01 02:29:02.132403,2009-12-01 02:29:19.583719,2009-12-01 02:29:21.900000
4c721aa979f39cc052e9ad6c34984e46a3a0d841,660054a4565377c6e43ff7709abf56d8494ba604,CAD,Executed,v3,,,6e00ad8c3ecee4ef5ba5f8ddf15527a0493951a9,vertical 2,type 8,4.0,9e2b06736b477b7a924f60de14a7e329d82d6f4f,2008-02-16 12:14:24.190489,2008-02-16 12:14:58.211233,2008-02-16 12:14:25.170613,2008-02-16 12:14:58.211233,,2008-02-16 12:14:24.190489,2008-02-16 12:14:52.636375,
1e0228e5075b79d8d0a059d5c868c887f5bce7d4,6cd7d8d37b110668afdca42fc0e1d366b322783e,CAD,failed,v3,user_canceled_at_provider,initiated,f01dc54a26fe2a3def3dee28f7fb7c56c83ee7e7,vertical 5,type 8,2.0,9e2b06736b477b7a924f60de14a7e329d82d6f4f,2010-01-17 13:58:06.489760,2010-01-17 13:58:35.226276,2010-01-17 13:58:10.794146,,2010-01-17 13:58:35.226276,2010-01-17 13:58:09.214069,,
0782826b1a43972c5b78a2865e58c646071fe4f7,4d762ce64874cd49be593313e92a1e61cf74417e,CAD,Executed,v3,,,f66f2f438fc87dd7deff8e022a67cc5d71aa6968,vertical 2,type 8,10.72,9e2b06736b477b7a924f60de14a7e329d82d6f4f,2009-09-30 13:22:57.035415,2009-09-30 13:24:25.067563,2009-09-30 13:23:07.821033,2009-09-30 13:24:23.808819,,2009-09-30 13:22:58.360398,2009-09-30 13:24:23.807937,2009-09-30 13:24:25.067563
49c4c40a7f5fa4e49b442949029698ae8cfa5a23,b5ab8f51d35b64af079485e5bbbc335213f3a0ae,CAD,Executed,v3,,,f66f2f438fc87dd7deff8e022a67cc5d71aa6968,vertical 2,type 8,0.5,9e2b06736b477b7a924f60de14a7e329d82d6f4f,2010-01-09 11:33:30.446307,2010-01-09 11:34:44.180000,2010-01-09 11:33:34.510362,2010-01-09 11:34:43.731814,,2010-01-09 11:33:31.138770,2010-01-09 11:34:42.290134,2010-01-09 11:34:44.180000
b06e42c683b2619c073f4ebc55c00bf67e10a793,1d79fd1218635c3651d2b8bd49e3a7c680bb7e77,USD,failed,v3,internal_server_error,authorization_required,6e00ad8c3ecee4ef5ba5f8ddf15527a0493951a9,vertical 2,type 6,32.1,9e2b06736b477b7a924f60de14a7e329d82d6f4f,2008-02-28 04:57:10.944887,2008-02-28 04:57:12.098798,,,2008-02-28 04:57:12.098798,,,
91058ff7d315fd60d495cf85e76e9d0096a6b80b,c6e647f7497bcd595c4e4cff311261cb006e88e5,USD,Executed,v3,,,7a2bce009f441ab34def6cf5f7574854e9fd076f,vertical 5,type 8,2.6,7ec009376b8bf0c03561b3f6ba251ab9d96efd42,2009-06-17 00:06:20.978529,2009-06-17 07:44:47.784416,2009-06-17 00:06:39.592146,2009-06-17 07:19:04.566457,,2009-06-17 00:06:32.787777,2009-06-17 00:07:05.185563,2009-06-17 07:44:47.784416
efefa484711ab3e40bfa0a69664f81d16d2f1ef2,e67095adf654ddc631bcfd3f7aa3c7e43424ce0f,CAD,Executed,v3,,,64c370a753b1db282770cdbf2aba5434a3185b3d,vertical 2,type 8,5.1,9e2b06736b477b7a924f60de14a7e329d82d6f4f,2009-10-07 15:15:34.867463,2009-10-07 15:15:56.655529,2009-10-07 15:15:40.374022,2009-10-07 15:15:56.310296,,2009-10-07 15:15:35.993710,2009-10-07 15:15:54.879697,2009-10-07 15:15:56.655529
124af29fcaf03414682e07899da87c7ecad35195,6cd7d8d37b110668afdca42fc0e1d366b322783e,CAD,failed,v3,canceled,authorizing,6e00ad8c3ecee4ef5ba5f8ddf15527a0493951a9,vertical 2,type 8,18.0,9e2b06736b477b7a924f60de14a7e329d82d6f4f,2008-01-13 16:49:04.584766,2008-01-13 16:51:53.004078,2008-01-13 16:49:06.255086,,2008-01-13 16:51:53.004078,2008-01-13 16:49:04.584766,,
fc6923eb4a2a713c183757c0db723875debcaec6,30f7c597c23522d4038935c6491bb91e74647c22,USD,failed,v3,canceled,authorizing,6e00ad8c3ecee4ef5ba5f8ddf15527a0493951a9,vertical 2,type 2,1.3,f69ad584c025f9b756ce1e8c70de3a33aef50b32,2008-01-25 16:07:07.080812,2008-01-25 17:07:14.023210,2008-01-25 16:07:07.851089,,2008-01-25 17:07:14.023210,2008-01-25 16:07:07.080812,,
94d66dfb8fdb49e0b9f062db6b12b88bfb65fc9c,b7fdda6d8957d76f5537a7b43f39060422c52953,USD,Executed,v3,,,6e00ad8c3ecee4ef5ba5f8ddf15527a0493951a9,vertical 2,type 6,10.0,e663a75ca1d25c297c92ca032b7bd8d1af3b0b5c,2008-02-14 10:07:25.226871,2008-02-14 10:21:31.608811,2008-02-14 10:07:26.062476,2008-02-14 10:21:31.608811,,2008-02-14 10:07:25.226871,2008-02-14 10:08:05.974169,
e33c99a7a41502c4e68dff705c4d775e959ef72b,e8085010136a26d0ebc200ac0751b1d9d673a764,CAD,failed,v3,expired,authorizing,6e00ad8c3ecee4ef5ba5f8ddf15527a0493951a9,vertical 2,type 8,10.0,9e2b06736b477b7a924f60de14a7e329d82d6f4f,2008-02-21 22:32:13.062511,2008-02-21 22:47:13.089657,2008-02-21 22:32:13.895642,,2008-02-21 22:47:13.089657,2008-02-21 22:32:13.062511,,
fbcfac88a1308598ef4804c91c54e143a73d15c9,9c23cc6c80b5af209d7f2be501e4d77cb9657429,USD,failed,v3,provider_rejected,authorized,6e00ad8c3ecee4ef5ba5f8ddf15527a0493951a9,vertical 2,type 3,165.06,37eec10a53dd5fd2f024a17be5961dfceb0c66e6,2008-02-29 13:28:21.088744,2008-02-29 13:37:36.846152,2008-02-29 13:28:21.739705,,2008-02-29 13:37:36.846152,2008-02-29 13:28:21.088744,2008-02-29 13:28:42.500435,
9fe4b7452a6b256ce9aa02892dcb421865c29a4e,1d79fd1218635c3651d2b8bd49e3a7c680bb7e77,USD,failed,v3,internal_server_error,authorization_required,6e00ad8c3ecee4ef5ba5f8ddf15527a0493951a9,vertical 2,type 6,5.0,9e2b06736b477b7a924f60de14a7e329d82d6f4f,2008-02-17 13:31:06.560990,2008-02-17 13:31:07.842686,,,2008-02-17 13:31:07.842686,,,
e64263654e3330ca89ebeeb76c77ebf608ad46c4,c6e647f7497bcd595c4e4cff311261cb006e88e5,USD,initiated,v3,,,7a2bce009f441ab34def6cf5f7574854e9fd076f,vertical 5,type 8,2.0,7ec009376b8bf0c03561b3f6ba251ab9d96efd42,2010-02-02 17:52:36.639693,2010-02-02 17:53:01.238256,2010-02-02 17:53:01.238256,,,2010-02-02 17:52:57.119623,,
31a6661b2f5fa91a8b3484134fcca84310033bad,c6e647f7497bcd595c4e4cff311261cb006e88e5,USD,Executed,v3,,,7a2bce009f441ab34def6cf5f7574854e9fd076f,vertical 5,type 8,5.0,7ec009376b8bf0c03561b3f6ba251ab9d96efd42,2009-05-04 21:57:42.709471,2009-05-04 21:58:17.586635,2009-05-04 21:57:51.930952,2009-05-04 21:58:13.372005,,2009-05-04 21:57:48.494103,2009-05-04 21:58:11.034367,2009-05-04 21:58:17.586635
13109c3765554b8ab6ae13663c77ed5f0a9b30da,c6e647f7497bcd595c4e4cff311261cb006e88e5,USD,Executed,v3,,,7a2bce009f441ab34def6cf5f7574854e9fd076f,vertical 5,type 8,1.0,7ec009376b8bf0c03561b3f6ba251ab9d96efd42,2010-02-03 20:11:44.234721,2010-02-04 00:56:08.000000,2010-02-03 20:11:54.183875,2010-02-04 00:56:08.000000,,2010-02-03 20:11:50.407802,2010-02-03 20:12:11.523190,2010-02-04 00:56:08.000000
457e7f7e185deb5a737afac5259c616d9ac90225,c6e647f7497bcd595c4e4cff311261cb006e88e5,USD,Executed,v3,,,7a2bce009f441ab34def6cf5f7574854e9fd076f,vertical 5,type 8,5.5,7ec009376b8bf0c03561b3f6ba251ab9d96efd42,2009-05-22 20:01:11.276849,2009-05-22 20:01:47.215987,2009-05-22 20:01:19.394733,2009-05-22 20:01:44.752427,,2009-05-22 20:01:13.844822,2009-05-22 20:01:42.526080,2009-05-22 20:01:47.215987
41fcd4e76fd3ce8369698e9a34a6b09076b71e49,c6e647f7497bcd595c4e4cff311261cb006e88e5,USD,initiated,v3,,,7a2bce009f441ab34def6cf5f7574854e9fd076f,vertical 5,type 8,3.0,7ec009376b8bf0c03561b3f6ba251ab9d96efd42,2009-06-02 17:25:48.954134,2009-06-02 17:25:59.724563,2009-06-02 17:25:59.724563,,,2009-06-02 17:25:54.899150,,
185fba4e6067153dcebb67f41b20003de4848ba9,34a0061ba48d1c2810cd930dd69d42482ca92d85,CAD,Executed,v3,,,64c370a753b1db282770cdbf2aba5434a3185b3d,vertical 2,type 8,22.47,9e2b06736b477b7a924f60de14a7e329d82d6f4f,2009-08-20 09:43:57.108084,2009-08-20 09:44:35.700365,2009-08-20 09:44:08.355879,2009-08-20 09:44:35.473377,,2009-08-20 09:43:57.616213,2009-08-20 09:44:34.133316,2009-08-20 09:44:35.700365
7af6c6100cda23c6c1df38f069658666825b1ace,6926610db1dfc17aca46a6f67789d7d6c24a7185,CAD,Executed,v3,,,64c370a753b1db282770cdbf2aba5434a3185b3d,vertical 2,type 8,64.09,9e2b06736b477b7a924f60de14a7e329d82d6f4f,2009-11-27 11:04:05.777267,2009-11-27 11:06:29.539864,2009-11-27 11:04:22.604082,2009-11-27 11:06:29.539864,,2009-11-27 11:04:12.438280,2009-11-27 11:06:27.883240,2009-11-27 11:06:29.147000
ee0bc52a14d56025667f3957c4f0d9c4100603a8,6926610db1dfc17aca46a6f67789d7d6c24a7185,CAD,Executed,v3,,,f66f2f438fc87dd7deff8e022a67cc5d71aa6968,vertical 2,type 8,4.92,9e2b06736b477b7a924f60de14a7e329d82d6f4f,2009-12-01 14:00:50.639403,2009-12-01 14:01:30.325535,2009-12-01 14:00:58.351004,2009-12-01 14:01:30.325535,,2009-12-01 14:00:54.103262,2009-12-01 14:01:28.645870,2009-12-01 14:01:30.123000
1fd3b47469de7bc6f7a0a814ccdcf3d950ccafef,0090e57640ed78b0c16ac4606a6773769545bb17,CAD,Executed,v3,,,64c370a753b1db282770cdbf2aba5434a3185b3d,vertical 2,type 8,7.64,9e2b06736b477b7a924f60de14a7e329d82d6f4f,2010-01-15 09:17:51.036213,2010-01-15 09:18:36.933000,2010-01-15 09:18:01.579099,2010-01-15 09:18:36.933000,,2010-01-15 09:17:57.507904,2010-01-15 09:18:35.757151,2010-01-15 09:18:36.933000
40510a56b724803c8b9d058b27ec37dc9db92681,b7308502f039e303a048625c725d4aea3380c2ac,CAD,failed,v3,expired,authorization_required,01e10adf72398bdf40b668926be2809ccf68b4dd,vertical 2,type 8,70.0,9e2b06736b477b7a924f60de14a7e329d82d6f4f,2008-06-08 00:06:35.547932,2008-06-08 00:21:35.682716,,,2008-06-08 00:21:35.682716,,,
7333a01e1f1cf6e13a534d7c371cade12e071e65,f013de7e1aee607a6c2f86a5c09b2017a5813be0,USD,Executed,v3,,,6e00ad8c3ecee4ef5ba5f8ddf15527a0493951a9,vertical 2,type 6,1.0,1ef393c389ad6e2b2d4d865f843dcf351b1d19f5,2008-02-20 20:16:07.001158,2008-02-20 20:16:50.395120,2008-02-20 20:16:08.003344,2008-02-20 20:16:50.395120,,2008-02-20 20:16:07.001158,2008-02-20 20:16:50.326958,
9686592a46936ac9e01fc77124b841417063841e,b5ab8f51d35b64af079485e5bbbc335213f3a0ae,CAD,failed,v3,expired,authorizing,6e00ad8c3ecee4ef5ba5f8ddf15527a0493951a9,vertical 2,type 8,1.5,9e2b06736b477b7a924f60de14a7e329d82d6f4f,2008-02-18 09:44:24.188843,2008-02-18 09:59:24.316266,2008-02-18 09:44:25.299003,,2008-02-18 09:59:24.316266,2008-02-18 09:44:24.188843,,
c7e90e4ff904a7b999ff04ce74e5cf2ce0a81ca5,c6e647f7497bcd595c4e4cff311261cb006e88e5,USD,Executed,v3,,,7a2bce009f441ab34def6cf5f7574854e9fd076f,vertical 5,type 8,1.0,7ec009376b8bf0c03561b3f6ba251ab9d96efd42,2009-06-09 22:16:28.837781,2009-06-09 22:17:03.755965,2009-06-09 22:16:40.382614,2009-06-09 22:17:00.530155,,2009-06-09 22:16:35.140737,2009-06-09 22:16:58.292810,2009-06-09 22:17:03.755965
d61693bb93e27168c80cac21e0507cd8df86e88e,c6e647f7497bcd595c4e4cff311261cb006e88e5,USD,Executed,v3,,,7a2bce009f441ab34def6cf5f7574854e9fd076f,vertical 5,type 8,20.0,7ec009376b8bf0c03561b3f6ba251ab9d96efd42,2009-05-29 11:54:08.261648,2009-05-29 11:55:06.986708,2009-05-29 11:54:14.641255,2009-05-29 11:55:04.328557,,2009-05-29 11:54:11.090312,2009-05-29 11:55:02.178031,2009-05-29 11:55:06.986708
b07291bd4c6aaff488e9f7faf0cfa269fd206159,3e3b704ede474cd3cb38721a374cbfe582825415,USD,failed,v3,internal_server_error,authorization_required,6e00ad8c3ecee4ef5ba5f8ddf15527a0493951a9,vertical 2,type 2,60.0,f69ad584c025f9b756ce1e8c70de3a33aef50b32,2008-02-06 17:36:59.490643,2008-02-06 17:36:59.839427,,,2008-02-06 17:36:59.839427,,,
3c9d86e7229435cb8389f3dc2e58e7175068fa32,e9b3eef71fa711e7f8be41affba46f0a1727713d,USD,Executed,v3,,,6e00ad8c3ecee4ef5ba5f8ddf15527a0493951a9,vertical 2,type 3,19.0,1ef393c389ad6e2b2d4d865f843dcf351b1d19f5,2008-02-28 15:55:43.808358,2008-02-28 15:56:11.819581,2008-02-28 15:55:45.018747,2008-02-28 15:56:11.819581,,2008-02-28 15:55:43.808358,2008-02-28 15:56:04.892048,
c16aef18ef81bc78bc4c1167c08b058511880e4e,3fe4892bae411b0fcb10910a8068d2853fb5058d,USD,failed,v3,rejected,authorization_required,6e00ad8c3ecee4ef5ba5f8ddf15527a0493951a9,vertical 2,type 2,10.0,229fcb7e40c6421b7091c1e9fccf6d94da25d396,2008-02-08 16:12:53.491126,2008-02-08 16:12:53.786495,,,2008-02-08 16:12:53.786495,,,
d9053ea1864bbdd52c5dff4d110bf61bca6d3752,b5ab8f51d35b64af079485e5bbbc335213f3a0ae,CAD,Executed,v3,,,f01dc54a26fe2a3def3dee28f7fb7c56c83ee7e7,vertical 5,type 8,1.0,9e2b06736b477b7a924f60de14a7e329d82d6f4f,2010-01-31 17:48:33.763353,2010-01-31 17:48:47.600176,2010-01-31 17:48:37.682545,2010-01-31 17:48:47.600176,,2010-01-31 17:48:36.011602,2010-01-31 17:48:45.969334,2010-01-31 17:48:47.243000
7a2087f39e3b44da4d1b682f84b5fae16f020397,660054a4565377c6e43ff7709abf56d8494ba604,CAD,failed,v3,user_canceled_at_provider,initiated,f66f2f438fc87dd7deff8e022a67cc5d71aa6968,vertical 2,type 8,61.19,9e2b06736b477b7a924f60de14a7e329d82d6f4f,2010-01-06 18:54:41.640004,2010-01-06 18:55:21.183750,2010-01-06 18:55:05.190782,,2010-01-06 18:55:21.183750,2010-01-06 18:54:44.356561,,
1f2bc9a29fdeac21840fd385148f98315da27961,f4203d6b7658cb7252d6afdf95a6b692e93c2f7b,CAD,failed,v3,expired,initiated,f66f2f438fc87dd7deff8e022a67cc5d71aa6968,vertical 2,type 8,23.73,9e2b06736b477b7a924f60de14a7e329d82d6f4f,2009-09-30 17:12:10.565272,2009-09-30 17:27:10.666413,2009-09-30 17:12:23.061950,,2009-09-30 17:27:10.666413,2009-09-30 17:12:11.849449,,
2ba852710a316247fabe2a0ba75779768f64c4a5,e8085010136a26d0ebc200ac0751b1d9d673a764,CAD,Executed,v3,,,d292da2283043c07accb1086a004caaf05472d44,vertical 5,type 8,1.0,9e2b06736b477b7a924f60de14a7e329d82d6f4f,2009-08-07 23:02:52.751182,2009-08-07 23:03:43.316813,2009-08-07 23:03:06.002830,2009-08-07 23:03:37.607262,,2009-08-07 23:03:01.119768,2009-08-07 23:03:34.870545,2009-08-07 23:03:43.316813
f84e75a79303a657cd58b6e6bf1c18f427927368,660054a4565377c6e43ff7709abf56d8494ba604,CAD,Executed,v3,,,64c370a753b1db282770cdbf2aba5434a3185b3d,vertical 2,type 8,2.58,9e2b06736b477b7a924f60de14a7e329d82d6f4f,2009-10-20 04:54:00.764531,2009-10-20 04:54:33.111298,2009-10-20 04:54:06.587778,2009-10-20 04:54:33.111298,,2009-10-20 04:54:01.706354,2009-10-20 04:54:31.691245,2009-10-20 04:54:33.111298
098a3d1e2a29d2191f2623f4f60906500a23f38b,fa485aff3f9e34d55d25f78856d4a2526a5f8e6f,CAD,Executed,v3,,,64c370a753b1db282770cdbf2aba5434a3185b3d,vertical 2,type 8,10.0,9e2b06736b477b7a924f60de14a7e329d82d6f4f,2009-07-28 21:10:30.556797,2009-07-28 21:11:00.870647,2009-07-28 21:10:43.540646,2009-07-28 21:11:00.870647,,2009-07-28 21:10:31.119829,2009-07-28 21:10:58.451167,2009-07-28 21:11:00.870647
203b0186f16f109c87f03f623466a0861de5a104,b5ab8f51d35b64af079485e5bbbc335213f3a0ae,CAD,Executed,v3,,,f66f2f438fc87dd7deff8e022a67cc5d71aa6968,vertical 2,type 8,0.63,9e2b06736b477b7a924f60de14a7e329d82d6f4f,2009-07-11 15:53:41.139521,2009-07-11 15:54:54.365085,2009-07-11 15:53:48.293881,2009-07-11 15:54:54.365085,,2009-07-11 15:53:42.221689,2009-07-11 15:54:52.411370,2009-07-11 15:54:54.365085
2ac1d2e0f51a11703e0ab5d9e9ac8cfa6c54e99b,6cd7d8d37b110668afdca42fc0e1d366b322783e,CAD,Executed,v3,,,f66f2f438fc87dd7deff8e022a67cc5d71aa6968,vertical 2,type 8,15.0,9e2b06736b477b7a924f60de14a7e329d82d6f4f,2009-12-17 09:16:41.497249,2009-12-17 09:17:28.024808,2009-12-17 09:16:47.249933,2009-12-17 09:17:28.024808,,2009-12-17 09:16:42.259712,2009-12-17 09:17:26.530001,2009-12-17 09:17:27.767000
a798e31eb5a6d0c054a2a52614f532b293bd63c0,6926610db1dfc17aca46a6f67789d7d6c24a7185,CAD,Executed,v3,,,64c370a753b1db282770cdbf2aba5434a3185b3d,vertical 2,type 8,100.72,9e2b06736b477b7a924f60de14a7e329d82d6f4f,2010-01-06 18:32:18.586523,2010-01-06 18:33:45.787000,2010-01-06 18:32:28.764587,2010-01-06 18:33:45.580550,,2010-01-06 18:32:19.117394,2010-01-06 18:33:44.112575,2010-01-06 18:33:45.787000
778c3a32e131f84abae04c7d52365d03d025458f,b5ab8f51d35b64af079485e5bbbc335213f3a0ae,CAD,Executed,v3,,,f66f2f438fc87dd7deff8e022a67cc5d71aa6968,vertical 2,type 8,6.0,9e2b06736b477b7a924f60de14a7e329d82d6f4f,2009-10-02 12:38:21.413727,2009-10-02 12:38:54.290627,2009-10-02 12:38:26.871916,2009-10-02 12:38:54.290627,,2009-10-02 12:38:22.863981,2009-10-02 12:38:52.691625,2009-10-02 12:38:54.290627
2e46fdc6edb612f2af997886afc23c4ceb5afc42,fa485aff3f9e34d55d25f78856d4a2526a5f8e6f,CAD,Executed,v3,,,f66f2f438fc87dd7deff8e022a67cc5d71aa6968,vertical 2,type 8,2.16,9e2b06736b477b7a924f60de14a7e329d82d6f4f,2009-10-16 13:05:29.734193,2009-10-16 13:05:44.918759,2009-10-16 13:05:34.101207,2009-10-16 13:05:44.918759,,2009-10-16 13:05:30.670484,2009-10-16 13:05:42.488484,2009-10-16 13:05:44.918759
81b396dd42930169e83651d6a83a2fe80309ac0c,0090e57640ed78b0c16ac4606a6773769545bb17,CAD,failed,v3,expired,initiated,64c370a753b1db282770cdbf2aba5434a3185b3d,vertical 2,type 8,20.0,9e2b06736b477b7a924f60de14a7e329d82d6f4f,2009-10-28 05:50:12.132391,2009-10-28 06:05:12.304601,2009-10-28 05:50:17.064050,,2009-10-28 06:05:12.304601,2009-10-28 05:50:12.613666,,
fbc0bb6c85630718981e14f16ddb1efc8e22c4fd,6cd7d8d37b110668afdca42fc0e1d366b322783e,CAD,Executed,v3,,,6e00ad8c3ecee4ef5ba5f8ddf15527a0493951a9,vertical 2,type 8,10.0,9e2b06736b477b7a924f60de14a7e329d82d6f4f,2008-02-14 21:01:34.225200,2008-02-14 21:02:18.628990,2008-02-14 21:01:35.215620,2008-02-14 21:02:18.628990,,2008-02-14 21:01:34.225200,2008-02-14 21:02:17.687399,
b560647489df91a5262e8e71cea01e045de3df1e,f4203d6b7658cb7252d6afdf95a6b692e93c2f7b,CAD,Executed,v3,,,64c370a753b1db282770cdbf2aba5434a3185b3d,vertical 2,type 8,1.32,9e2b06736b477b7a924f60de14a7e329d82d6f4f,2009-08-29 11:00:21.940514,2009-08-29 11:00:44.830521,2009-08-29 11:00:25.901813,2009-08-29 11:00:44.830521,,2009-08-29 11:00:23.160321,2009-08-29 11:00:43.266217,2009-08-29 11:00:44.830521
a09bb1b4c182cd6bcd7414eece94aa3f1c3ce3ae,0090e57640ed78b0c16ac4606a6773769545bb17,CAD,Executed,v3,,,64c370a753b1db282770cdbf2aba5434a3185b3d,vertical 2,type 8,10.0,9e2b06736b477b7a924f60de14a7e329d82d6f4f,2009-12-08 11:09:36.998151,2009-12-08 11:10:13.293000,2009-12-08 11:09:41.465197,2009-12-08 11:10:13.293000,,2009-12-08 11:09:37.497193,2009-12-08 11:10:12.483911,2009-12-08 11:10:13.293000
33c5182ac31a061f338139a9e6d63c36c69203f5,b5ab8f51d35b64af079485e5bbbc335213f3a0ae,CAD,Executed,v3,,,64c370a753b1db282770cdbf2aba5434a3185b3d,vertical 2,type 8,17.36,9e2b06736b477b7a924f60de14a7e329d82d6f4f,2009-09-28 07:31:34.821279,2009-09-28 07:31:52.055625,2009-09-28 07:31:38.980560,2009-09-28 07:31:52.011255,,2009-09-28 07:31:35.873905,2009-09-28 07:31:50.268833,2009-09-28 07:31:52.055625
0841b52ff39b2cc364ceba2e2579887c105c973e,0090e57640ed78b0c16ac4606a6773769545bb17,CAD,Executed,v3,,,f01dc54a26fe2a3def3dee28f7fb7c56c83ee7e7,vertical 5,type 8,1.0,9e2b06736b477b7a924f60de14a7e329d82d6f4f,2009-12-10 17:26:14.345492,2009-12-10 17:27:03.187000,2009-12-10 17:26:20.832244,2009-12-10 17:27:03.187000,,2009-12-10 17:26:18.698582,2009-12-10 17:27:01.906921,2009-12-10 17:27:03.187000
4bb4be99cc1dc48d134499821e5fc5f22f02d8e4,b5ab8f51d35b64af079485e5bbbc335213f3a0ae,CAD,Executed,v3,,,f01dc54a26fe2a3def3dee28f7fb7c56c83ee7e7,vertical 5,type 8,2.1,9e2b06736b477b7a924f60de14a7e329d82d6f4f,2010-02-08 10:56:49.207595,2010-02-08 10:57:12.319892,2010-02-08 10:56:54.284131,2010-02-08 10:57:12.319892,,2010-02-08 10:56:52.632256,2010-02-08 10:57:09.691097,2010-02-08 10:57:11.930000
d7168333d5c31bb8a071dc583f4fd229d1d2d86e,660054a4565377c6e43ff7709abf56d8494ba604,CAD,Executed,v3,,,f01dc54a26fe2a3def3dee28f7fb7c56c83ee7e7,vertical 5,type 8,2.73,9e2b06736b477b7a924f60de14a7e329d82d6f4f,2009-12-14 13:43:35.210032,2009-12-14 13:44:09.627000,2009-12-14 13:43:40.109065,2009-12-14 13:44:09.627000,,2009-12-14 13:43:38.256674,2009-12-14 13:44:08.347396,2009-12-14 13:44:09.627000
e6e1579edcb5b2380c04a531647a720feee0b568,f4203d6b7658cb7252d6afdf95a6b692e93c2f7b,CAD,Executed,v3,,,f01dc54a26fe2a3def3dee28f7fb7c56c83ee7e7,vertical 5,type 8,2.0,9e2b06736b477b7a924f60de14a7e329d82d6f4f,2010-02-08 10:42:07.536411,2010-02-08 10:43:43.407000,2010-02-08 10:42:28.430772,2010-02-08 10:43:43.407000,,2010-02-08 10:42:10.734453,2010-02-08 10:43:42.518471,2010-02-08 10:43:43.407000
5610bdff6b60eeadef92e1dac9e16e192aa7c90c,e9b3eef71fa711e7f8be41affba46f0a1727713d,USD,authorizing,v3,,,6e00ad8c3ecee4ef5ba5f8ddf15527a0493951a9,vertical 2,type 3,60.0,1ef393c389ad6e2b2d4d865f843dcf351b1d19f5,2008-02-21 13:54:37.391629,2008-02-21 13:54:37.966779,2008-02-21 13:54:37.966779,,,2008-02-21 13:54:37.639209,,
da6afbc10bdb7fa94a1700a7efefebcafa1bd6eb,6cd7d8d37b110668afdca42fc0e1d366b322783e,CAD,Executed,v3,,,f01dc54a26fe2a3def3dee28f7fb7c56c83ee7e7,vertical 5,type 8,0.6,9e2b06736b477b7a924f60de14a7e329d82d6f4f,2009-11-15 15:23:46.868110,2009-11-15 15:24:27.817000,2009-11-15 15:23:53.074200,2009-11-15 15:24:27.817000,,2009-11-15 15:23:51.301751,2009-11-15 15:24:26.482155,2009-11-15 15:24:27.817000
041429f57ed5824d02b46bed50e2728e4dd82d97,3eeb5d2bf319ebe9099e4161f993c47fa98822de,USD,authorizing,v3,,,6e00ad8c3ecee4ef5ba5f8ddf15527a0493951a9,vertical 2,type 3,17.8,beb7a78398a040dadb3da1ba0474ba3899285e46,2008-02-25 19:29:20.082565,2008-02-25 19:29:20.707654,2008-02-25 19:29:20.707654,,,2008-02-25 19:29:20.341935,,
748a0d6e0b3316834b91e1576bd83a7b220b9f0f,660054a4565377c6e43ff7709abf56d8494ba604,CAD,failed,v3,expired,authorizing,6e00ad8c3ecee4ef5ba5f8ddf15527a0493951a9,vertical 2,type 8,50.0,9e2b06736b477b7a924f60de14a7e329d82d6f4f,2008-02-25 04:10:03.530917,2008-02-25 04:25:03.595773,2008-02-25 04:10:07.146737,,2008-02-25 04:25:03.595773,2008-02-25 04:10:03.530917,,
ec2a25ce64b50050fadb26bacc71887a6709e821,4c330366c06bae9c5907162ada0364a929b6c8bc,USD,Executed,v3,,,6e00ad8c3ecee4ef5ba5f8ddf15527a0493951a9,vertical 2,type 2,5.0,f69ad584c025f9b756ce1e8c70de3a33aef50b32,2008-02-26 06:47:01.573026,2008-02-26 07:27:14.728756,2008-02-26 06:47:02.335830,2008-02-26 07:27:14.728756,,2008-02-26 06:47:01.573026,2008-02-26 06:47:30.992627,
ea7c6893a94798ba68f9bb208d96ae052c44dbd2,3674b4d292131698ba6c946dda67a8fd8b63f12a,CAD,Executed,v3,,,64c370a753b1db282770cdbf2aba5434a3185b3d,vertical 2,type 8,3.47,9e2b06736b477b7a924f60de14a7e329d82d6f4f,2010-01-27 13:28:02.963776,2010-01-27 13:28:35.913000,2010-01-27 13:28:11.029153,2010-01-27 13:28:35.913000,,2010-01-27 13:28:06.147995,2010-01-27 13:28:34.630861,2010-01-27 13:28:35.913000
d902fd8dac868b1a0e970c4b339e6fed94d46739,21b955e418f741b067688bc141261d7cd8d59973,CAD,Executed,v3,,,1911acfcfdc29f5349706da6c1494009e7125da0,vertical 5,type 8,0.5,9e2b06736b477b7a924f60de14a7e329d82d6f4f,2010-02-10 21:28:52.845511,2010-02-10 21:29:33.953000,2010-02-10 21:28:56.353789,2010-02-10 21:29:33.953000,,2010-02-10 21:28:54.394111,2010-02-10 21:29:32.442729,2010-02-10 21:29:33.953000
ffcaf1c7d68598275e0a9f7665c5eec3abc5be01,b7308502f039e303a048625c725d4aea3380c2ac,CAD,failed,v3,expired,initiated,1911acfcfdc29f5349706da6c1494009e7125da0,vertical 5,type 8,1.0,9e2b06736b477b7a924f60de14a7e329d82d6f4f,2010-02-01 12:18:08.309032,2010-02-01 12:33:08.344144,2010-02-01 12:18:13.434285,,2010-02-01 12:33:08.344144,2010-02-01 12:18:10.937091,,
500af7d79a7631491ceca2d51eda041dd4983898,21b955e418f741b067688bc141261d7cd8d59973,CAD,Executed,v3,,,1911acfcfdc29f5349706da6c1494009e7125da0,vertical 5,type 8,1.5,9e2b06736b477b7a924f60de14a7e329d82d6f4f,2010-01-28 08:53:05.373001,2010-01-28 08:53:44.733000,2010-01-28 08:53:14.481336,2010-01-28 08:53:44.733000,,2010-01-28 08:53:12.406543,2010-01-28 08:53:43.757238,2010-01-28 08:53:44.733000
a88ac9fa6245274f2fd62144db0cb30edcca766c,fa485aff3f9e34d55d25f78856d4a2526a5f8e6f,CAD,Executed,v3,,,02abfe216906d699a48d39d56b71327b294027cb,vertical 2,type 8,150.0,9e2b06736b477b7a924f60de14a7e329d82d6f4f,2009-01-01 10:34:12.572410,2009-01-01 10:34:48.911460,2009-01-01 10:34:18.581720,2009-01-01 10:34:48.723092,,2009-01-01 10:34:14.955503,2009-01-01 10:34:46.379823,2009-01-01 10:34:48.911460
87409966eb8c8852d18adb25ec1ec66a5f006bc7,b5ab8f51d35b64af079485e5bbbc335213f3a0ae,CAD,Executed,v3,,,02abfe216906d699a48d39d56b71327b294027cb,vertical 2,type 8,6.15,9e2b06736b477b7a924f60de14a7e329d82d6f4f,2008-12-28 12:18:37.104519,2008-12-28 12:19:45.770977,2008-12-28 12:18:43.954484,2008-12-28 12:19:45.770977,,2008-12-28 12:18:39.758931,2008-12-28 12:19:43.686631,2008-12-28 12:19:45.770977
3c9783a226bbe91aed1079ad63a9000a25970570,b5ab8f51d35b64af079485e5bbbc335213f3a0ae,CAD,failed,v3,expired,initiated,f66f2f438fc87dd7deff8e022a67cc5d71aa6968,vertical 2,type 8,58.0,9e2b06736b477b7a924f60de14a7e329d82d6f4f,2009-09-27 18:35:49.487775,2009-09-27 18:50:49.723770,2009-09-27 18:35:57.549461,,2009-09-27 18:50:49.723770,2009-09-27 18:35:50.880520,,
8b8bfb20c7fed2c92b7ed398355cdff212e14a55,fa485aff3f9e34d55d25f78856d4a2526a5f8e6f,CAD,Executed,v3,,,01e10adf72398bdf40b668926be2809ccf68b4dd,vertical 2,type 8,2.72,9e2b06736b477b7a924f60de14a7e329d82d6f4f,2009-02-09 10:19:52.056605,2009-02-09 10:20:57.855225,2009-02-09 10:20:03.895440,2009-02-09 10:20:57.855225,,2009-02-09 10:19:55.357119,2009-02-09 10:20:55.562806,
41be98c960677c232e43fa5629ac8c2987b83d43,4883d73d58b93df33cdf0f61b362b31ab0fcf5b6,CAD,Executed,v3,,,01e10adf72398bdf40b668926be2809ccf68b4dd,vertical 2,type 8,5.14,9e2b06736b477b7a924f60de14a7e329d82d6f4f,2009-02-22 08:53:21.038028,2009-02-22 08:53:47.488820,2009-02-22 08:53:26.806279,2009-02-22 08:53:47.488820,,2009-02-22 08:53:21.707815,2009-02-22 08:53:44.362629,
6664f3a77d0bc6429ae11d8d38cc486949a2db54,34a0061ba48d1c2810cd930dd69d42482ca92d85,CAD,Executed,v3,,,f66f2f438fc87dd7deff8e022a67cc5d71aa6968,vertical 2,type 8,6.8,9e2b06736b477b7a924f60de14a7e329d82d6f4f,2009-09-16 14:49:40.080823,2009-09-16 14:50:10.695065,2009-09-16 14:49:44.876747,2009-09-16 14:50:09.977139,,2009-09-16 14:49:40.956648,2009-09-16 14:50:08.697981,2009-09-16 14:50:10.695065
d03809f371fc00a8f7c3417cd623940094499678,b5ab8f51d35b64af079485e5bbbc335213f3a0ae,CAD,Executed,v3,,,f01dc54a26fe2a3def3dee28f7fb7c56c83ee7e7,vertical 5,type 8,5.0,9e2b06736b477b7a924f60de14a7e329d82d6f4f,2009-12-11 16:25:51.682701,2009-12-11 16:26:18.297404,2009-12-11 16:25:56.112264,2009-12-11 16:26:18.297404,,2009-12-11 16:25:54.553758,2009-12-11 16:26:16.595252,2009-12-11 16:26:18.217000
ecfe012cf0f8b66865e54f7c91e29afb0a293d25,b5ab8f51d35b64af079485e5bbbc335213f3a0ae,CAD,Executed,v3,,,f66f2f438fc87dd7deff8e022a67cc5d71aa6968,vertical 2,type 8,5.0,9e2b06736b477b7a924f60de14a7e329d82d6f4f,2009-06-26 07:21:24.903192,2009-06-26 07:22:20.672285,2009-06-26 07:21:31.957125,2009-06-26 07:22:20.672285,,2009-06-26 07:21:26.425856,2009-06-26 07:22:18.343596,2009-06-26 07:22:20.672285
2b06df5ed4a03901caf94e91860a0597d16d6afa,e8085010136a26d0ebc200ac0751b1d9d673a764,CAD,Executed,v3,,,f66f2f438fc87dd7deff8e022a67cc5d71aa6968,vertical 2,type 8,8.66,9e2b06736b477b7a924f60de14a7e329d82d6f4f,2009-10-24 01:04:32.391121,2009-10-24 01:05:06.552926,2009-10-24 01:04:39.577879,2009-10-24 01:05:03.402248,,2009-10-24 01:04:34.049047,2009-10-24 01:04:59.407497,2009-10-24 01:05:06.552926
a84c1b39fa432da8f5e01fab95372ef1af2fa53d,6cd7d8d37b110668afdca42fc0e1d366b322783e,CAD,Executed,v3,,,f66f2f438fc87dd7deff8e022a67cc5d71aa6968,vertical 2,type 8,4.52,9e2b06736b477b7a924f60de14a7e329d82d6f4f,2009-12-08 16:47:42.614231,2009-12-08 16:48:23.944464,2009-12-08 16:47:48.946556,2009-12-08 16:48:23.944464,,2009-12-08 16:47:43.182181,2009-12-08 16:48:22.273733,2009-12-08 16:48:23.543000
7bf8d80459a8b15a134ca346461ff36a5803dfc2,b5ab8f51d35b64af079485e5bbbc335213f3a0ae,CAD,Executed,v3,,,f66f2f438fc87dd7deff8e022a67cc5d71aa6968,vertical 2,type 8,29.79,9e2b06736b477b7a924f60de14a7e329d82d6f4f,2010-01-07 23:10:30.505614,2010-01-07 23:11:08.116854,2010-01-07 23:10:43.363832,2010-01-07 23:11:08.116854,,2010-01-07 23:10:37.167459,2010-01-07 23:11:06.489725,2010-01-07 23:11:07.743000
2ef271ed1a24049c2c656ba3951947efaaccd524,eb1c4738ae6ac9c907a46a541af2d02d6be2f05b,CAD,failed,v3,expired,initiated,64c370a753b1db282770cdbf2aba5434a3185b3d,vertical 2,type 8,7.0,9e2b06736b477b7a924f60de14a7e329d82d6f4f,2010-01-18 09:13:03.167617,2010-01-18 09:28:03.399827,2010-01-18 09:13:11.833079,,2010-01-18 09:28:03.399827,2010-01-18 09:13:03.733894,,
af6429a150969344fdd25cc8b94bdb3e290d737e,e67095adf654ddc631bcfd3f7aa3c7e43424ce0f,CAD,Executed,v3,,,64c370a753b1db282770cdbf2aba5434a3185b3d,vertical 2,type 8,2.1,9e2b06736b477b7a924f60de14a7e329d82d6f4f,2010-01-16 13:46:00.797705,2010-01-16 13:46:40.130382,2010-01-16 13:46:08.611558,2010-01-16 13:46:40.130382,,2010-01-16 13:46:01.592879,2010-01-16 13:46:37.492999,2010-01-16 13:46:39.947000
2cb04ec4519e15fb2a3f67e97c56fdf7b45f2132,660054a4565377c6e43ff7709abf56d8494ba604,CAD,Executed,v3,,,64c370a753b1db282770cdbf2aba5434a3185b3d,vertical 2,type 8,2.0,9e2b06736b477b7a924f60de14a7e329d82d6f4f,2009-10-29 13:19:09.022346,2009-10-29 13:19:41.324089,2009-10-29 13:19:16.906470,2009-10-29 13:19:40.665206,,2009-10-29 13:19:10.225004,2009-10-29 13:19:39.392489,2009-10-29 13:19:41.324089
363fb4dbe436cd666c42090bd4182328d1f78be1,b5ab8f51d35b64af079485e5bbbc335213f3a0ae,CAD,Executed,v3,,,64c370a753b1db282770cdbf2aba5434a3185b3d,vertical 2,type 8,4.94,9e2b06736b477b7a924f60de14a7e329d82d6f4f,2009-08-29 12:26:02.566071,2009-08-29 12:26:40.109160,2009-08-29 12:26:10.579591,2009-08-29 12:26:39.562478,,2009-08-29 12:26:03.449706,2009-08-29 12:26:37.963895,2009-08-29 12:26:40.109160
16cc50ebf1065d3f27c41699b7a4ab129a198790,c6e647f7497bcd595c4e4cff311261cb006e88e5,USD,Executed,v3,,,7a2bce009f441ab34def6cf5f7574854e9fd076f,vertical 5,type 8,1.0,7ec009376b8bf0c03561b3f6ba251ab9d96efd42,2009-07-09 17:03:23.949126,2009-07-12 07:59:35.778010,2009-07-09 17:03:36.321174,2009-07-12 07:59:35.778010,,2009-07-09 17:03:32.657896,2009-07-09 17:04:05.363520,2009-07-12 07:59:35.778010
8701d9c41e96f80bdf0ce1b0872998efa2953b37,6cd7d8d37b110668afdca42fc0e1d366b322783e,CAD,New,v1,,,01e10adf72398bdf40b668926be2809ccf68b4dd,vertical 2,type 8,4.49,9e2b06736b477b7a924f60de14a7e329d82d6f4f,2007-10-10 18:43:38.277685,2007-10-10 18:43:40.324947,,,,,,
1dbaac76881eb6e9ffdf0dfb585ac43d77dc9f56,6926610db1dfc17aca46a6f67789d7d6c24a7185,CAD,Executed,v3,,,1911acfcfdc29f5349706da6c1494009e7125da0,vertical 5,type 8,5.0,9e2b06736b477b7a924f60de14a7e329d82d6f4f,2010-02-04 20:16:00.274133,2010-02-04 20:16:29.184204,2010-02-04 20:16:03.481606,2010-02-04 20:16:29.184204,,2010-02-04 20:16:01.853065,2010-02-04 20:16:27.749363,2010-02-04 20:16:28.873000
63f8dab806d41dda62eae151b47b6f6b993cdbbb,0090e57640ed78b0c16ac4606a6773769545bb17,CAD,Executed,v3,,,f66f2f438fc87dd7deff8e022a67cc5d71aa6968,vertical 2,type 8,5.65,9e2b06736b477b7a924f60de14a7e329d82d6f4f,2010-01-22 08:28:03.615408,2010-01-22 08:28:56.183000,2010-01-22 08:28:11.996038,2010-01-22 08:28:56.183000,,2010-01-22 08:28:04.711011,2010-01-22 08:28:55.449982,2010-01-22 08:28:56.183000
cc4250e4d8badd8ecf1e9e20149c427f10369a54,6cd7d8d37b110668afdca42fc0e1d366b322783e,CAD,Executed,v3,,,f66f2f438fc87dd7deff8e022a67cc5d71aa6968,vertical 2,type 8,3.44,9e2b06736b477b7a924f60de14a7e329d82d6f4f,2009-12-03 14:41:40.195225,2009-12-03 14:42:16.922476,2009-12-03 14:41:47.632156,2009-12-03 14:42:16.922476,,2009-12-03 14:41:40.671241,2009-12-03 14:42:14.966861,2009-12-03 14:42:16.400000
659af3a052b5adf1b0a585f9974652ed4c4e9be0,b5ab8f51d35b64af079485e5bbbc335213f3a0ae,CAD,Executed,v3,,,f66f2f438fc87dd7deff8e022a67cc5d71aa6968,vertical 2,type 8,1.05,9e2b06736b477b7a924f60de14a7e329d82d6f4f,2009-07-05 19:45:10.897964,2009-07-05 19:46:00.369549,2009-07-05 19:45:18.343858,2009-07-05 19:46:00.069144,,2009-07-05 19:45:11.923176,2009-07-05 19:45:57.935422,2009-07-05 19:46:00.369549
4ba116c9886a2177623d322463c14805741fbcfc,b7308502f039e303a048625c725d4aea3380c2ac,CAD,Executed,v3,,,64c370a753b1db282770cdbf2aba5434a3185b3d,vertical 2,type 8,5.0,9e2b06736b477b7a924f60de14a7e329d82d6f4f,2009-10-16 16:47:02.841118,2009-10-16 16:47:29.249304,2009-10-16 16:47:10.599107,2009-10-16 16:47:29.249304,,2009-10-16 16:47:04.240055,2009-10-16 16:47:27.800220,2009-10-16 16:47:29.249304
222de64b50790c6d5bbac38ad0295b6802e226a5,6926610db1dfc17aca46a6f67789d7d6c24a7185,CAD,Executed,v3,,,64c370a753b1db282770cdbf2aba5434a3185b3d,vertical 2,type 8,1.56,9e2b06736b477b7a924f60de14a7e329d82d6f4f,2009-12-10 11:05:36.629002,2009-12-10 11:06:24.503000,2009-12-10 11:05:44.477267,2009-12-10 11:06:24.503000,,2009-12-10 11:05:37.552140,2009-12-10 11:06:22.355515,2009-12-10 11:06:24.503000
39b0392adcf87bc52643984f6f3377537aa3b3c0,30f7c597c23522d4038935c6491bb91e74647c22,USD,Executed,v3,,,6e00ad8c3ecee4ef5ba5f8ddf15527a0493951a9,vertical 2,type 2,5.0,f69ad584c025f9b756ce1e8c70de3a33aef50b32,2008-02-29 09:12:35.560985,2008-02-29 09:29:54.876566,2008-02-29 09:12:36.303034,2008-02-29 09:29:54.876566,,2008-02-29 09:12:35.560985,2008-02-29 09:15:26.643679,
8d9cb05bb0f5415286c8dfc53ce585ff6d42361e,1d79fd1218635c3651d2b8bd49e3a7c680bb7e77,USD,failed,v3,internal_server_error,authorization_required,6e00ad8c3ecee4ef5ba5f8ddf15527a0493951a9,vertical 2,type 6,5.31,9e2b06736b477b7a924f60de14a7e329d82d6f4f,2008-02-14 10:31:38.624418,2008-02-14 10:31:40.017131,,,2008-02-14 10:31:40.017131,,,
b4ca4484984c43d96c9347f0ae18b60fa40963dd,b5ab8f51d35b64af079485e5bbbc335213f3a0ae,CAD,Executed,v3,,,6e00ad8c3ecee4ef5ba5f8ddf15527a0493951a9,vertical 2,type 8,10.0,9e2b06736b477b7a924f60de14a7e329d82d6f4f,2008-02-17 11:47:30.946364,2008-02-17 11:49:15.193763,2008-02-17 11:47:32.000501,2008-02-17 11:49:15.193763,,2008-02-17 11:47:30.946364,2008-02-17 11:49:12.261524,
14ccf1a7ef5fcb93241d41403e978bc2f33accb7,9b9923c2934458e610a7aeeea9efbb1845be3dd8,USD,failed,v3,internal_server_error,authorization_required,6e00ad8c3ecee4ef5ba5f8ddf15527a0493951a9,vertical 2,type 2,100.0,f69ad584c025f9b756ce1e8c70de3a33aef50b32,2008-01-30 17:29:40.681231,2008-01-30 17:29:41.005986,,,2008-01-30 17:29:41.005986,,,
df13c90abcff746cbd0c7620fb61381c1e082433,b7308502f039e303a048625c725d4aea3380c2ac,CAD,Executed,v3,,,01e10adf72398bdf40b668926be2809ccf68b4dd,vertical 2,type 8,10.03,9e2b06736b477b7a924f60de14a7e329d82d6f4f,2008-08-23 07:27:08.692074,2008-08-23 07:27:32.621815,2008-08-23 07:27:12.351873,2008-08-23 07:27:32.621815,,2008-08-23 07:27:09.302395,2008-08-23 07:27:29.068097,
9451c2b158f6cc1109e80eb05b85aef37c010975,c6e647f7497bcd595c4e4cff311261cb006e88e5,USD,Executed,v3,,,7a2bce009f441ab34def6cf5f7574854e9fd076f,vertical 5,type 8,1.0,7ec009376b8bf0c03561b3f6ba251ab9d96efd42,2008-06-28 15:56:20.787242,2008-06-28 15:57:43.513413,2008-06-28 15:56:41.827366,2008-06-28 15:57:31.983354,,2008-06-28 15:56:24.083374,2008-06-28 15:57:27.436299,2008-06-28 15:57:43.513413
0034a680cddb865a93957f52fc66bb10459ff076,c6e647f7497bcd595c4e4cff311261cb006e88e5,USD,Executed,v3,,,7a2bce009f441ab34def6cf5f7574854e9fd076f,vertical 5,type 8,1.0,7ec009376b8bf0c03561b3f6ba251ab9d96efd42,2009-12-03 10:36:43.692381,2009-12-03 14:13:23.000000,2009-12-03 10:37:03.247935,2009-12-03 12:50:37.399311,,2009-12-03 10:36:56.991409,2009-12-03 10:38:07.159774,2009-12-03 14:13:23.000000
007bb9d636293c3944e2e5c06dd1baee207edc5b,b5ab8f51d35b64af079485e5bbbc335213f3a0ae,CAD,Executed,v3,,,f66f2f438fc87dd7deff8e022a67cc5d71aa6968,vertical 2,type 8,10.0,9e2b06736b477b7a924f60de14a7e329d82d6f4f,2009-06-26 06:50:11.496915,2009-06-26 06:50:56.429488,2009-06-26 06:50:19.349116,2009-06-26 06:50:56.429488,,2009-06-26 06:50:12.104857,2009-06-26 06:50:54.840066,2009-06-26 06:50:56.429488
1a1c4079ad3fa6f3873d7a32b92e7dc2c071e1ed,e8085010136a26d0ebc200ac0751b1d9d673a764,CAD,Executed,v3,,,f66f2f438fc87dd7deff8e022a67cc5d71aa6968,vertical 2,type 8,15.0,9e2b06736b477b7a924f60de14a7e329d82d6f4f,2010-01-01 06:09:01.751906,2010-01-01 06:09:36.867000,2010-01-01 06:09:08.302174,2010-01-01 06:09:36.867000,,2010-01-01 06:09:04.372389,2010-01-01 06:09:33.628624,2010-01-01 06:09:36.867000
49db4ae9f3d4cb5439a7342acb1dd3c211369733,c6e647f7497bcd595c4e4cff311261cb006e88e5,USD,initiated,v3,,,7a2bce009f441ab34def6cf5f7574854e9fd076f,vertical 5,type 8,2.0,7ec009376b8bf0c03561b3f6ba251ab9d96efd42,2010-01-23 14:31:20.202993,2010-01-23 14:31:36.522570,2010-01-23 14:31:36.522570,,,2010-01-23 14:31:32.554004,,
1cbbcfa43eba130600c55adb16cae95622861c89,c6e647f7497bcd595c4e4cff311261cb006e88e5,USD,Executed,v3,,,7a2bce009f441ab34def6cf5f7574854e9fd076f,vertical 5,type 8,2.0,7ec009376b8bf0c03561b3f6ba251ab9d96efd42,2008-10-06 18:40:47.849475,2008-10-06 18:41:18.229892,2008-10-06 18:40:54.960731,2008-10-06 18:41:12.264796,,2008-10-06 18:40:50.297403,2008-10-06 18:41:09.990534,2008-10-06 18:41:18.229892
13a987997617d0effa76d7b7a3d1e233676d20b3,4c39c7d075ce943f66f01365a73f84c93ba3bc4f,USD,Executed,v3,,,7a2bce009f441ab34def6cf5f7574854e9fd076f,vertical 5,type 8,2.0,7ec009376b8bf0c03561b3f6ba251ab9d96efd42,2008-09-21 11:07:13.717659,2008-09-21 14:09:09.944856,2008-09-21 11:07:18.923956,2008-09-21 11:08:23.588208,,2008-09-21 11:07:17.269275,2008-09-21 11:08:21.212295,2008-09-21 14:09:09.944856
fe35d526318ede61649be4be663b5e263dbe9a6f,c6e647f7497bcd595c4e4cff311261cb006e88e5,USD,failed,v3,user_canceled_at_provider,initiated,7a2bce009f441ab34def6cf5f7574854e9fd076f,vertical 5,type 8,1.0,7ec009376b8bf0c03561b3f6ba251ab9d96efd42,2009-10-03 18:06:53.544540,2009-10-03 18:07:21.270927,2009-10-03 18:07:07.466188,,2009-10-03 18:07:21.270927,2009-10-03 18:06:58.294531,,
48c03998380f86c2e19021917c46769fdddb3441,3e3b704ede474cd3cb38721a374cbfe582825415,USD,failed,v3,internal_server_error,authorization_required,6e00ad8c3ecee4ef5ba5f8ddf15527a0493951a9,vertical 2,type 2,50.0,f69ad584c025f9b756ce1e8c70de3a33aef50b32,2008-01-31 22:00:24.433746,2008-01-31 22:00:24.707587,,,2008-01-31 22:00:24.707587,,,
00e6fc8cec66a3e1d58eaafb0c0f860ba4afe3f5,8216651c8989eb69415e6fd793175c69351debc5,USD,authorized,v3,,,6e00ad8c3ecee4ef5ba5f8ddf15527a0493951a9,vertical 2,type 2,15.0,f69ad584c025f9b756ce1e8c70de3a33aef50b32,2008-02-12 15:37:05.043261,2008-02-13 15:37:18.287188,2008-02-12 15:37:06.120992,,,2008-02-12 15:37:05.043261,2008-02-13 15:37:18.287188,
aa597bca5d6ce406e1f12a4ab5cf3e8a4854cd5d,0090e57640ed78b0c16ac4606a6773769545bb17,CAD,Executed,v3,,,f66f2f438fc87dd7deff8e022a67cc5d71aa6968,vertical 2,type 8,7.0,9e2b06736b477b7a924f60de14a7e329d82d6f4f,2009-11-24 00:35:02.527941,2009-11-24 00:36:29.970000,2009-11-24 00:35:41.454341,2009-11-24 00:36:29.970000,,2009-11-24 00:35:08.006822,2009-11-24 00:36:29.109277,2009-11-24 00:36:29.970000
38491a37d36f2c5795a9bb05b1df3513b7eb911d,6926610db1dfc17aca46a6f67789d7d6c24a7185,CAD,Executed,v3,,,f66f2f438fc87dd7deff8e022a67cc5d71aa6968,vertical 2,type 8,13.0,9e2b06736b477b7a924f60de14a7e329d82d6f4f,2010-02-01 16:40:40.801474,2010-02-01 16:41:12.194650,2010-02-01 16:40:45.296687,2010-02-01 16:41:12.194650,,2010-02-01 16:40:41.309807,2010-02-01 16:41:10.803252,2010-02-01 16:41:11.727000
45ae538851d6b239cc21e113f88addea14e829cd,e8085010136a26d0ebc200ac0751b1d9d673a764,CAD,Executed,v3,,,f66f2f438fc87dd7deff8e022a67cc5d71aa6968,vertical 2,type 8,11.0,9e2b06736b477b7a924f60de14a7e329d82d6f4f,2010-02-07 11:53:39.893059,2010-02-07 11:54:05.350000,2010-02-07 11:53:46.159845,2010-02-07 11:54:05.350000,,2010-02-07 11:53:42.931320,2010-02-07 11:54:02.502489,2010-02-07 11:54:05.350000
6e56e2a82b95cf62101aa1dccb42fbfb99b60d12,6cd7d8d37b110668afdca42fc0e1d366b322783e,CAD,Executed,v3,,,f66f2f438fc87dd7deff8e022a67cc5d71aa6968,vertical 2,type 8,5.0,9e2b06736b477b7a924f60de14a7e329d82d6f4f,2009-09-23 10:17:38.081441,2009-09-23 10:18:11.580038,2009-09-23 10:17:43.378993,2009-09-23 10:18:11.553317,,2009-09-23 10:17:39.190456,2009-09-23 10:18:09.867017,2009-09-23 10:18:11.580038
936c0865189de8f3e24716df539c0a9b35bc71a9,b5ab8f51d35b64af079485e5bbbc335213f3a0ae,CAD,Executed,v3,,,d292da2283043c07accb1086a004caaf05472d44,vertical 5,type 8,1.5,9e2b06736b477b7a924f60de14a7e329d82d6f4f,2009-02-13 19:09:32.528500,2009-02-13 19:10:09.694954,2009-02-13 19:09:41.779777,2009-02-13 19:10:09.694954,,2009-02-13 19:09:36.133377,2009-02-13 19:10:06.590506,2009-02-13 19:10:09.694954
9e80859a062e1d28115d83d72740a41cef9905f9,e8085010136a26d0ebc200ac0751b1d9d673a764,CAD,Executed,v3,,,1911acfcfdc29f5349706da6c1494009e7125da0,vertical 5,type 8,0.99,9e2b06736b477b7a924f60de14a7e329d82d6f4f,2010-01-30 14:06:16.882564,2010-01-30 14:06:41.497000,2010-01-30 14:06:20.785931,2010-01-30 14:06:40.810365,,2010-01-30 14:06:19.045642,2010-01-30 14:06:38.199713,2010-01-30 14:06:41.497000
f8f272955f81bec306bf18bd2c83222f29241d78,660054a4565377c6e43ff7709abf56d8494ba604,CAD,Executed,v3,,,f66f2f438fc87dd7deff8e022a67cc5d71aa6968,vertical 2,type 8,2.0,9e2b06736b477b7a924f60de14a7e329d82d6f4f,2009-10-17 08:02:46.265232,2009-10-17 08:03:13.956956,2009-10-17 08:02:52.317038,2009-10-17 08:03:13.956956,,2009-10-17 08:02:47.355828,2009-10-17 08:03:12.487982,2009-10-17 08:03:13.956956
d4cc0ee34692a9c7787ba71daef34fe6db726edf,fa485aff3f9e34d55d25f78856d4a2526a5f8e6f,CAD,Executed,v3,,,6e00ad8c3ecee4ef5ba5f8ddf15527a0493951a9,vertical 2,type 8,10.0,9e2b06736b477b7a924f60de14a7e329d82d6f4f,2008-01-17 12:57:50.692582,2008-01-17 12:58:39.028325,2008-01-17 12:57:51.206379,2008-01-17 12:58:39.028325,,2008-01-17 12:57:50.692582,2008-01-17 12:58:35.778860,
7fd9a5d1be3a0eafc200c9692ca496abe7f83d52,c3fe3fe441baa5eb1e9cc1214320d5a65fecb397,USD,authorizing,v3,,,6e00ad8c3ecee4ef5ba5f8ddf15527a0493951a9,vertical 2,type 6,50.0,a68db3fc75fd72a12bb2ad1442ff9927bd04139d,2008-01-31 06:27:42.389591,2008-01-31 06:27:44.367827,2008-01-31 06:27:44.367827,,,2008-01-31 06:27:43.288471,,
397e5fbc42a29d8faaeab44ed812ab5c46d554d0,3e3b704ede474cd3cb38721a374cbfe582825415,USD,failed,v3,not_authorized,authorizing,6e00ad8c3ecee4ef5ba5f8ddf15527a0493951a9,vertical 2,type 2,100.0,f69ad584c025f9b756ce1e8c70de3a33aef50b32,2008-02-09 20:29:20.997408,2008-02-10 20:29:32.266365,2008-02-09 20:29:22.568851,,2008-02-10 20:29:32.266365,2008-02-09 20:29:20.997408,,
a0666abc4ad77a556b2f1e8dd47b1264e1f458d5,38a9e879c040d20e370cb7f10b5fa8d971b7dabd,USD,failed,v3,rejected,authorization_required,6e00ad8c3ecee4ef5ba5f8ddf15527a0493951a9,vertical 2,type 2,2.0,9e2b06736b477b7a924f60de14a7e329d82d6f4f,2008-01-24 10:36:39.333815,2008-01-24 10:36:40.090144,,,2008-01-24 10:36:40.090144,,,
2027036aadf4d89e4c5c833ce4ee8f7c58e191cb,3e3b704ede474cd3cb38721a374cbfe582825415,USD,failed,v3,internal_server_error,authorization_required,6e00ad8c3ecee4ef5ba5f8ddf15527a0493951a9,vertical 2,type 2,3.0,f69ad584c025f9b756ce1e8c70de3a33aef50b32,2008-02-02 17:20:36.385581,2008-02-02 17:20:36.672995,,,2008-02-02 17:20:36.672995,,,
fa0cff89f1e5397b60da362b5c89cdff6821ef7d,30f7c597c23522d4038935c6491bb91e74647c22,USD,failed,v3,canceled,authorizing,6e00ad8c3ecee4ef5ba5f8ddf15527a0493951a9,vertical 2,type 2,100.0,f69ad584c025f9b756ce1e8c70de3a33aef50b32,2008-01-13 15:01:40.678022,2008-01-13 16:01:46.979262,2008-01-13 15:01:41.394805,,2008-01-13 16:01:46.979262,2008-01-13 15:01:40.678022,,
bee0cd0dfeca63cf7722a6d33af69fe504d17279,1d79fd1218635c3651d2b8bd49e3a7c680bb7e77,USD,failed,v3,internal_server_error,authorization_required,6e00ad8c3ecee4ef5ba5f8ddf15527a0493951a9,vertical 2,type 6,5.1,9e2b06736b477b7a924f60de14a7e329d82d6f4f,2008-02-21 07:43:29.736227,2008-02-21 07:43:30.981968,,,2008-02-21 07:43:30.981968,,,
2af3ae05e91eaab4a0711326e6b58f8fb82465cc,e9b3eef71fa711e7f8be41affba46f0a1727713d,USD,failed,v3,not_authorized,authorizing,6e00ad8c3ecee4ef5ba5f8ddf15527a0493951a9,vertical 2,type 3,8.03,1ef393c389ad6e2b2d4d865f843dcf351b1d19f5,2008-02-29 14:28:49.499899,2008-02-29 17:54:24.032461,2008-02-29 14:28:50.078989,,2008-02-29 17:54:24.032461,2008-02-29 14:28:49.499899,,
c438f73464019f10e49627963a726ef64b5978fa,e9b3eef71fa711e7f8be41affba46f0a1727713d,USD,Executed,v3,,,6e00ad8c3ecee4ef5ba5f8ddf15527a0493951a9,vertical 2,type 3,15.7,1ef393c389ad6e2b2d4d865f843dcf351b1d19f5,2008-02-20 18:54:09.414191,2008-02-20 18:54:44.738792,2008-02-20 18:54:10.757719,2008-02-20 18:54:44.738792,,2008-02-20 18:54:09.414191,2008-02-20 18:54:38.044028,
ba0d2ee42d1704995be7a23d51da153ce1f7c68e,660054a4565377c6e43ff7709abf56d8494ba604,CAD,failed,v3,expired,authorizing,6e00ad8c3ecee4ef5ba5f8ddf15527a0493951a9,vertical 2,type 8,50.0,9e2b06736b477b7a924f60de14a7e329d82d6f4f,2008-01-25 13:19:56.612120,2008-01-25 13:34:56.677607,2008-01-25 13:19:58.086743,,2008-01-25 13:34:56.677607,2008-01-25 13:19:56.612120,,
83d93ed1344da7d3cfadeeed6076675065f8d25f,c6e647f7497bcd595c4e4cff311261cb006e88e5,USD,initiated,v3,,,7a2bce009f441ab34def6cf5f7574854e9fd076f,vertical 5,type 8,4.0,7ec009376b8bf0c03561b3f6ba251ab9d96efd42,2009-05-09 01:49:51.656379,2009-05-09 01:50:26.473156,2009-05-09 01:50:26.473156,,,2009-05-09 01:50:20.315908,,
6701a1ef282e93ef1870115cefaf7b26e1f29a87,c6e647f7497bcd595c4e4cff311261cb006e88e5,USD,Executed,v3,,,7a2bce009f441ab34def6cf5f7574854e9fd076f,vertical 5,type 8,5.0,7ec009376b8bf0c03561b3f6ba251ab9d96efd42,2009-05-26 16:07:50.927271,2009-05-26 16:08:43.776668,2009-05-26 16:08:15.883284,2009-05-26 16:08:42.357390,,2009-05-26 16:08:06.290350,2009-05-26 16:08:40.045453,2009-05-26 16:08:43.776668
c51be571dee5339418467798dc98bdeb8444b405,c6e647f7497bcd595c4e4cff311261cb006e88e5,USD,Executed,v3,,,7a2bce009f441ab34def6cf5f7574854e9fd076f,vertical 5,type 8,5.0,7ec009376b8bf0c03561b3f6ba251ab9d96efd42,2009-04-19 00:48:17.481633,2009-04-19 00:48:44.826690,2009-04-19 00:48:25.787408,2009-04-19 00:48:40.129569,,2009-04-19 00:48:21.877368,2009-04-19 00:48:37.943653,2009-04-19 00:48:44.826690
9f4af76906f69868fe1849861a3fe575f19b5531,c6e647f7497bcd595c4e4cff311261cb006e88e5,USD,initiated,v3,,,7a2bce009f441ab34def6cf5f7574854e9fd076f,vertical 5,type 8,5.3,7ec009376b8bf0c03561b3f6ba251ab9d96efd42,2009-11-20 20:58:07.457364,2009-11-20 20:58:18.519860,2009-11-20 20:58:18.519860,,,2009-11-20 20:58:10.749259,,
8b2b926d93535b12d3249099118833149577f07a,4c39c7d075ce943f66f01365a73f84c93ba3bc4f,USD,initiated,v3,,,7a2bce009f441ab34def6cf5f7574854e9fd076f,vertical 5,type 8,2.5,7ec009376b8bf0c03561b3f6ba251ab9d96efd42,2009-07-29 22:15:07.786564,2009-07-29 22:15:17.135141,2009-07-29 22:15:17.135141,,,2009-07-29 22:15:12.784628,,
0d4827a54c883d27fe721cc649b9a4e71a96ab1f,c6e647f7497bcd595c4e4cff311261cb006e88e5,USD,initiated,v3,,,7a2bce009f441ab34def6cf5f7574854e9fd076f,vertical 5,type 8,5.0,7ec009376b8bf0c03561b3f6ba251ab9d96efd42,2009-10-14 20:03:52.721000,2009-10-14 20:04:04.577337,2009-10-14 20:04:04.577337,,,2009-10-14 20:03:58.234411,,
ad2ec91fa164869bea34a17c568cdc02e52b5c6e,6cd7d8d37b110668afdca42fc0e1d366b322783e,CAD,Executed,v3,,,f66f2f438fc87dd7deff8e022a67cc5d71aa6968,vertical 2,type 8,152.39,9e2b06736b477b7a924f60de14a7e329d82d6f4f,2009-08-10 14:47:25.360701,2009-08-10 14:48:21.720792,2009-08-10 14:47:43.853075,2009-08-10 14:48:15.522821,,2009-08-10 14:47:27.183224,2009-08-10 14:48:13.931672,2009-08-10 14:48:21.720792
16dc20725d51448f829d890ade750029bf6043f9,b5ab8f51d35b64af079485e5bbbc335213f3a0ae,CAD,failed,v3,expired,initiated,f66f2f438fc87dd7deff8e022a67cc5d71aa6968,vertical 2,type 8,2.5,9e2b06736b477b7a924f60de14a7e329d82d6f4f,2009-09-12 14:36:16.955563,2009-09-12 14:51:17.089002,2009-09-12 14:36:21.844033,,2009-09-12 14:51:17.089002,2009-09-12 14:36:17.292843,,
5bc3d067921f619feb120fe2f08f09722d51df03,c6e647f7497bcd595c4e4cff311261cb006e88e5,USD,Executed,v3,,,7a2bce009f441ab34def6cf5f7574854e9fd076f,vertical 5,type 8,4.0,7ec009376b8bf0c03561b3f6ba251ab9d96efd42,2009-05-20 05:29:16.854236,2009-05-20 05:29:47.751779,2009-05-20 05:29:26.113846,2009-05-20 05:29:44.804041,,2009-05-20 05:29:20.599474,2009-05-20 05:29:42.543862,2009-05-20 05:29:47.751779
5739360de7902180ffd7705698a8d6bd30900ba7,6cd7d8d37b110668afdca42fc0e1d366b322783e,CAD,Executed,v3,,,f66f2f438fc87dd7deff8e022a67cc5d71aa6968,vertical 2,type 8,30.0,9e2b06736b477b7a924f60de14a7e329d82d6f4f,2009-09-19 07:51:39.391726,2009-09-19 07:52:22.431893,2009-09-19 07:51:44.623492,2009-09-19 07:52:22.262907,,2009-09-19 07:51:40.284795,2009-09-19 07:52:20.599815,2009-09-19 07:52:22.431893
6d871733487bf5f4c65a9dd3cab49f8dc70e1f18,c6e647f7497bcd595c4e4cff311261cb006e88e5,USD,Executed,v3,,,7a2bce009f441ab34def6cf5f7574854e9fd076f,vertical 5,type 8,2.5,7ec009376b8bf0c03561b3f6ba251ab9d96efd42,2009-08-09 02:03:35.578518,2009-08-11 08:03:52.229254,2009-08-09 02:03:50.039708,2009-08-11 08:03:52.229254,,2009-08-09 02:03:42.471167,2009-08-09 02:04:47.713893,2009-08-11 08:03:52.229254
a186967064c9b65f751c5a0f612614ffe820863d,b7fdda6d8957d76f5537a7b43f39060422c52953,USD,authorizing,v3,,,6e00ad8c3ecee4ef5ba5f8ddf15527a0493951a9,vertical 2,type 6,0.1,e663a75ca1d25c297c92ca032b7bd8d1af3b0b5c,2008-01-10 07:17:44.089778,2008-01-10 07:17:45.698520,2008-01-10 07:17:45.698520,,,2008-01-10 07:17:44.839129,,
b680d1d1d86afa360439c814757bd9d2dbefee7c,6d77a220bbb7243351c30b54aec5d875dbd63a51,USD,failed,v3,rejected,authorization_required,6e00ad8c3ecee4ef5ba5f8ddf15527a0493951a9,vertical 2,type 2,5.0,a05b131fd348c62de04bce3d93a6cd396b1db85f,2008-02-18 15:54:46.124346,2008-02-18 15:54:48.477758,,,2008-02-18 15:54:48.477758,,,
9dff28a311a132be56e9c731d058544daf39ce82,6cd7d8d37b110668afdca42fc0e1d366b322783e,CAD,Executed,v3,,,01e10adf72398bdf40b668926be2809ccf68b4dd,vertical 2,type 8,22.45,9e2b06736b477b7a924f60de14a7e329d82d6f4f,2008-09-06 16:50:58.997563,2008-09-06 16:51:36.331798,2008-09-06 16:51:03.913013,2008-09-06 16:51:36.331798,,2008-09-06 16:50:59.419937,2008-09-06 16:51:36.329347,
06a17682f621288d9c4d65ae437727c3473df946,e8085010136a26d0ebc200ac0751b1d9d673a764,CAD,Executed,v3,,,01e10adf72398bdf40b668926be2809ccf68b4dd,vertical 2,type 8,9.22,9e2b06736b477b7a924f60de14a7e329d82d6f4f,2009-07-24 07:01:39.261607,2009-07-24 07:02:09.847935,2009-07-24 07:01:42.592440,2009-07-24 07:02:09.847935,,2009-07-24 07:01:40.173266,2009-07-24 07:02:05.651343,
6fcd3273802802e3eebf337c9b5a6afb7d3a54fd,c6e647f7497bcd595c4e4cff311261cb006e88e5,USD,Executed,v3,,,7a2bce009f441ab34def6cf5f7574854e9fd076f,vertical 5,type 8,2.5,7ec009376b8bf0c03561b3f6ba251ab9d96efd42,2009-10-11 16:28:00.965219,2009-10-13 00:58:29.319903,2009-10-11 16:28:13.559296,2009-10-13 00:58:29.319903,,2009-10-11 16:28:08.509619,2009-10-11 16:28:46.919153,2009-10-13 00:58:29.319903
4e6d8eaf5185ffc7fc702dce18ea444d315600a2,c6e647f7497bcd595c4e4cff311261cb006e88e5,USD,Executed,v3,,,7a2bce009f441ab34def6cf5f7574854e9fd076f,vertical 5,type 8,2.0,7ec009376b8bf0c03561b3f6ba251ab9d96efd42,2009-08-21 22:55:50.768752,2009-08-22 01:56:44.866263,2009-08-21 22:56:04.120784,2009-08-22 01:56:44.866263,,2009-08-21 22:55:59.905806,2009-08-21 22:56:28.733572,2009-08-22 01:56:44.866263
a64edd7eb8b324f054a2cb1e2aaecb7543b2f9c9,4d762ce64874cd49be593313e92a1e61cf74417e,CAD,Executed,v3,,,6e00ad8c3ecee4ef5ba5f8ddf15527a0493951a9,vertical 2,type 8,10.0,9e2b06736b477b7a924f60de14a7e329d82d6f4f,2008-02-29 11:57:49.326955,2008-02-29 11:58:46.440169,2008-02-29 11:57:52.790779,2008-02-29 11:58:46.440169,,2008-02-29 11:57:49.326955,2008-02-29 11:58:46.435989,
bce8f3f9f01eb1f121019fe0fad01a2362ac3fc3,c6e647f7497bcd595c4e4cff311261cb006e88e5,USD,Executed,v3,,,7a2bce009f441ab34def6cf5f7574854e9fd076f,vertical 5,type 8,8.0,7ec009376b8bf0c03561b3f6ba251ab9d96efd42,2009-12-08 13:27:21.269736,2009-12-08 14:13:22.000000,2009-12-08 13:27:43.191960,2009-12-08 14:10:50.799289,,2009-12-08 13:27:32.246834,2009-12-08 13:28:20.353790,2009-12-08 14:13:22.000000
944b02c065789a6a371b401e4c00eeb4ad965e32,c6e647f7497bcd595c4e4cff311261cb006e88e5,USD,initiated,v3,,,7a2bce009f441ab34def6cf5f7574854e9fd076f,vertical 5,type 8,1.0,7ec009376b8bf0c03561b3f6ba251ab9d96efd42,2009-06-09 23:45:13.177859,2009-06-09 23:45:20.535668,2009-06-09 23:45:20.535668,,,2009-06-09 23:45:16.945336,,
8348898d7bf1927f44fa6f5d4a0315a5bd291b7d,b7fdda6d8957d76f5537a7b43f39060422c52953,USD,Executed,v3,,,6e00ad8c3ecee4ef5ba5f8ddf15527a0493951a9,vertical 2,type 6,5.0,e663a75ca1d25c297c92ca032b7bd8d1af3b0b5c,2008-02-15 10:38:39.593640,2008-02-15 10:47:42.311630,2008-02-15 10:38:40.411427,2008-02-15 10:47:42.311630,,2008-02-15 10:38:39.593640,2008-02-15 10:39:08.820806,
5ff6dd072fa8965b876be1c5cf795a2c0225f55e,c6e647f7497bcd595c4e4cff311261cb006e88e5,USD,Executed,v3,,,7a2bce009f441ab34def6cf5f7574854e9fd076f,vertical 5,type 8,4.0,7ec009376b8bf0c03561b3f6ba251ab9d96efd42,2009-06-28 03:15:02.184496,2009-06-29 07:55:17.190589,2009-06-28 03:15:08.366319,2009-06-29 07:55:17.190589,,2009-06-28 03:15:05.154181,2009-06-28 03:15:30.344010,2009-06-29 07:55:17.190589
f2bfdc1da54a22f02b28db1c4f19a539633fee3b,38a102fd8816ce63cf750554a3674ea16292bb32,USD,failed,v3,internal_server_error,authorization_required,6e00ad8c3ecee4ef5ba5f8ddf15527a0493951a9,vertical 2,type 2,200.0,f69ad584c025f9b756ce1e8c70de3a33aef50b32,2008-02-07 14:33:58.428099,2008-02-07 14:33:58.758553,,,2008-02-07 14:33:58.758553,,,
8eaa8ea736df743a9337df9a7d33de6593959dc8,e9b3eef71fa711e7f8be41affba46f0a1727713d,USD,Executed,v3,,,6e00ad8c3ecee4ef5ba5f8ddf15527a0493951a9,vertical 2,type 3,10.0,1ef393c389ad6e2b2d4d865f843dcf351b1d19f5,2008-02-18 19:30:29.706418,2008-02-18 19:31:15.673846,2008-02-18 19:30:30.393342,2008-02-18 19:31:15.673846,,2008-02-18 19:30:29.706418,2008-02-18 19:31:12.655665,
493e6741807270cdfb8e465dda998de7876550a5,a1ed0984b76d8908de85ee52bfd9717186ce2566,USD,Executed,v3,,,6e00ad8c3ecee4ef5ba5f8ddf15527a0493951a9,vertical 2,type 3,9.9,11a86f49df0e17ddda56f76629d36557cb870e6f,2008-02-27 18:45:19.954101,2008-02-27 18:45:49.152768,2008-02-27 18:45:20.494079,2008-02-27 18:45:49.152768,,2008-02-27 18:45:19.954101,2008-02-27 18:45:42.364941,
bb2aba3e8410a9aa9f1365dedefb873241afa64e,b5ab8f51d35b64af079485e5bbbc335213f3a0ae,CAD,Executed,v3,,,1911acfcfdc29f5349706da6c1494009e7125da0,vertical 5,type 8,0.5,9e2b06736b477b7a924f60de14a7e329d82d6f4f,2010-01-30 15:10:25.993544,2010-01-30 15:10:50.731593,2010-01-30 15:10:30.430593,2010-01-30 15:10:50.731593,,2010-01-30 15:10:28.683165,2010-01-30 15:10:49.188097,2010-01-30 15:10:50.570000
ace1aad3010faeb38e1e38d65381e67c1ba32513,e9b3eef71fa711e7f8be41affba46f0a1727713d,USD,Executed,v3,,,6e00ad8c3ecee4ef5ba5f8ddf15527a0493951a9,vertical 2,type 3,50.0,1ef393c389ad6e2b2d4d865f843dcf351b1d19f5,2008-02-17 03:35:28.629540,2008-02-17 03:39:29.772202,2008-02-17 03:35:29.802322,2008-02-17 03:39:29.772202,,2008-02-17 03:35:28.629540,2008-02-17 03:36:09.473032,
21c49990cf7c864b47ba9297531c547361266313,c6e647f7497bcd595c4e4cff311261cb006e88e5,USD,Executed,v3,,,7a2bce009f441ab34def6cf5f7574854e9fd076f,vertical 5,type 8,1.0,7ec009376b8bf0c03561b3f6ba251ab9d96efd42,2010-01-02 19:49:06.322737,2010-01-05 00:58:55.000000,2010-01-02 19:49:13.197239,2010-01-05 00:58:55.000000,,2010-01-02 19:49:09.965340,2010-01-02 19:49:44.212418,2010-01-05 00:58:55.000000
8a300a76dbb1684ec1ad81e7f284a1f818110b88,c6e647f7497bcd595c4e4cff311261cb006e88e5,USD,initiated,v3,,,7a2bce009f441ab34def6cf5f7574854e9fd076f,vertical 5,type 8,2.0,7ec009376b8bf0c03561b3f6ba251ab9d96efd42,2009-07-22 23:41:38.679216,2009-07-22 23:41:46.903314,2009-07-22 23:41:46.903314,,,2009-07-22 23:41:42.058072,,
f849771d281626d76b91f09b74e24ca600ba1d41,6cd7d8d37b110668afdca42fc0e1d366b322783e,CAD,Executed,v3,,,64c370a753b1db282770cdbf2aba5434a3185b3d,vertical 2,type 8,28.16,9e2b06736b477b7a924f60de14a7e329d82d6f4f,2009-12-04 20:29:17.129404,2009-12-04 20:29:58.890000,2009-12-04 20:29:23.370351,2009-12-04 20:29:58.478926,,2009-12-04 20:29:17.569168,2009-12-04 20:29:57.032075,2009-12-04 20:29:58.890000
6b9b1612870cb8553b83650860b453c3de2c7f18,e8085010136a26d0ebc200ac0751b1d9d673a764,CAD,Executed,v3,,,f66f2f438fc87dd7deff8e022a67cc5d71aa6968,vertical 2,type 8,10.0,9e2b06736b477b7a924f60de14a7e329d82d6f4f,2010-02-05 09:20:52.693357,2010-02-05 09:21:18.307000,2010-02-05 09:20:58.856702,2010-02-05 09:21:18.143357,,2010-02-05 09:20:55.377786,2010-02-05 09:21:15.623747,2010-02-05 09:21:18.307000
a81cfebb006348a033445754606c65136f61bb50,b5ab8f51d35b64af079485e5bbbc335213f3a0ae,CAD,Executed,v3,,,f66f2f438fc87dd7deff8e022a67cc5d71aa6968,vertical 2,type 8,15.0,9e2b06736b477b7a924f60de14a7e329d82d6f4f,2010-02-02 04:19:41.591650,2010-02-02 04:21:08.733000,2010-02-02 04:20:00.996606,2010-02-02 04:21:08.733000,,2010-02-02 04:19:41.973905,2010-02-02 04:21:07.494745,2010-02-02 04:21:08.733000
5a700a3e8590d8878c379266cb97f57c59aafdeb,6926610db1dfc17aca46a6f67789d7d6c24a7185,CAD,Executed,v3,,,f66f2f438fc87dd7deff8e022a67cc5d71aa6968,vertical 2,type 8,7.0,9e2b06736b477b7a924f60de14a7e329d82d6f4f,2009-12-15 07:20:52.082412,2009-12-15 07:21:36.034302,2009-12-15 07:20:58.446127,2009-12-15 07:21:36.034302,,2009-12-15 07:20:52.706593,2009-12-15 07:21:34.575164,2009-12-15 07:21:35.860000
9e6fef00d9a462860931fd5367b58387e6fcf799,b7fdda6d8957d76f5537a7b43f39060422c52953,USD,Executed,v3,,,6e00ad8c3ecee4ef5ba5f8ddf15527a0493951a9,vertical 2,type 6,50.0,e663a75ca1d25c297c92ca032b7bd8d1af3b0b5c,2008-02-19 21:32:45.354129,2008-02-19 21:52:00.978720,2008-02-19 21:32:46.458428,2008-02-19 21:52:00.978720,,2008-02-19 21:32:45.354129,2008-02-19 21:33:24.249336,
600356695e65987469e53b235921978797e600b6,c63f3a606ab3918ed3e106169504bef89916bc2a,USD,Executed,v3,,,6e00ad8c3ecee4ef5ba5f8ddf15527a0493951a9,vertical 2,type 3,10.0,beb7a78398a040dadb3da1ba0474ba3899285e46,2008-02-17 11:01:25.404795,2008-02-17 11:02:04.667077,2008-02-17 11:01:26.851683,2008-02-17 11:02:04.667077,,2008-02-17 11:01:25.404795,2008-02-17 11:02:03.630167,
52715dda83186bd0f45dbea819163efd3f3bea47,9c23cc6c80b5af209d7f2be501e4d77cb9657429,USD,Executed,v3,,,6e00ad8c3ecee4ef5ba5f8ddf15527a0493951a9,vertical 2,type 3,40.8,37eec10a53dd5fd2f024a17be5961dfceb0c66e6,2008-02-28 14:34:19.937386,2008-02-28 14:35:08.358399,2008-02-28 14:34:20.467405,2008-02-28 14:35:08.358399,,2008-02-28 14:34:19.937386,2008-02-28 14:35:00.261456,
e1bf9586206afba687015cdbfd63c6ff9e1b06a5,f013de7e1aee607a6c2f86a5c09b2017a5813be0,USD,Executed,v3,,,6e00ad8c3ecee4ef5ba5f8ddf15527a0493951a9,vertical 2,type 6,100.0,1ef393c389ad6e2b2d4d865f843dcf351b1d19f5,2008-02-29 09:19:19.330893,2008-02-29 09:20:32.116849,2008-02-29 09:19:19.960447,2008-02-29 09:20:32.116849,,2008-02-29 09:19:19.330893,2008-02-29 09:20:01.068509,
1ef45d2e364f740ee87b2eb1a1c447067b8153eb,8216651c8989eb69415e6fd793175c69351debc5,USD,Executed,v3,,,6e00ad8c3ecee4ef5ba5f8ddf15527a0493951a9,vertical 2,type 2,10.0,f69ad584c025f9b756ce1e8c70de3a33aef50b32,2008-02-14 10:24:12.905399,2008-02-15 00:37:22.533227,2008-02-14 10:24:13.851221,2008-02-15 00:37:22.533227,,2008-02-14 10:24:12.905399,2008-02-14 10:25:03.636846,
300cc02ed79b7219c65cff244ca48a51ab387812,3e3b704ede474cd3cb38721a374cbfe582825415,USD,failed,v3,internal_server_error,authorization_required,6e00ad8c3ecee4ef5ba5f8ddf15527a0493951a9,vertical 2,type 2,100.0,f69ad584c025f9b756ce1e8c70de3a33aef50b32,2008-02-03 14:41:01.966750,2008-02-03 14:41:02.278041,,,2008-02-03 14:41:02.278041,,,
689c1a874ebf9ce6e5d286bb229e0c23f9a84438,a1ed0984b76d8908de85ee52bfd9717186ce2566,USD,Executed,v3,,,6e00ad8c3ecee4ef5ba5f8ddf15527a0493951a9,vertical 2,type 3,6.7,11a86f49df0e17ddda56f76629d36557cb870e6f,2008-02-27 17:36:49.887982,2008-02-27 17:37:16.215814,2008-02-27 17:36:50.428405,2008-02-27 17:37:16.215814,,2008-02-27 17:36:49.887982,2008-02-27 17:37:08.385909,
69a93fdaa4f4a1037a75fe9302357a98fbf4e922,e9b3eef71fa711e7f8be41affba46f0a1727713d,USD,failed,v3,provider_rejected,authorized,6e00ad8c3ecee4ef5ba5f8ddf15527a0493951a9,vertical 2,type 3,38.9,1ef393c389ad6e2b2d4d865f843dcf351b1d19f5,2008-02-20 16:36:23.408476,2008-02-20 16:43:14.455764,2008-02-20 16:36:24.117210,,2008-02-20 16:43:14.455764,2008-02-20 16:36:23.408476,2008-02-20 16:36:54.112667,
c04a3371523f4d2dd6281c2e797470698e4f91e7,fcb5034c21adb87a2d46c8ea4b27aa70f1fcccf7,USD,authorizing,v3,,,6e00ad8c3ecee4ef5ba5f8ddf15527a0493951a9,vertical 2,type 2,300.0,9e2b06736b477b7a924f60de14a7e329d82d6f4f,2008-02-06 13:16:00.169060,2008-02-06 13:16:00.902422,2008-02-06 13:16:00.902422,,,2008-02-06 13:16:00.400586,,
8ff4c12b06891b277f45c58dd8785b277391045f,b7fdda6d8957d76f5537a7b43f39060422c52953,USD,Executed,v3,,,6e00ad8c3ecee4ef5ba5f8ddf15527a0493951a9,vertical 2,type 6,15.0,e663a75ca1d25c297c92ca032b7bd8d1af3b0b5c,2008-02-23 08:50:28.212319,2008-02-23 09:04:36.494293,2008-02-23 08:50:29.032753,2008-02-23 09:04:36.494293,,2008-02-23 08:50:28.212319,2008-02-23 08:50:59.620695,
0f828058c87e3ffb6038ed5ded13813b0e78ae7a,e9b3eef71fa711e7f8be41affba46f0a1727713d,USD,Executed,v3,,,6e00ad8c3ecee4ef5ba5f8ddf15527a0493951a9,vertical 2,type 3,8.0,1ef393c389ad6e2b2d4d865f843dcf351b1d19f5,2008-02-29 09:28:27.558780,2008-02-29 09:28:49.032704,2008-02-29 09:28:28.865636,2008-02-29 09:28:49.032704,,2008-02-29 09:28:27.558780,2008-02-29 09:28:44.464325,
a155a206846ad5d798329eb1094f69d4c64fa99d,3e3b704ede474cd3cb38721a374cbfe582825415,USD,failed,v3,internal_server_error,authorization_required,6e00ad8c3ecee4ef5ba5f8ddf15527a0493951a9,vertical 2,type 2,5.0,f69ad584c025f9b756ce1e8c70de3a33aef50b32,2008-01-20 14:09:36.630962,2008-01-20 14:09:36.968253,,,2008-01-20 14:09:36.968253,,,
58235ef179a89dd6c99a0ea9fc7a72e9f531a1dc,3e3b704ede474cd3cb38721a374cbfe582825415,USD,failed,v3,internal_server_error,authorization_required,6e00ad8c3ecee4ef5ba5f8ddf15527a0493951a9,vertical 2,type 2,3.0,f69ad584c025f9b756ce1e8c70de3a33aef50b32,2008-02-04 14:19:01.286916,2008-02-04 14:19:01.612661,,,2008-02-04 14:19:01.612661,,,
4fef6e85410fae0c3b5d1499fbe458066f52d364,6cd7d8d37b110668afdca42fc0e1d366b322783e,CAD,Executed,v3,,,6e00ad8c3ecee4ef5ba5f8ddf15527a0493951a9,vertical 2,type 8,8.0,9e2b06736b477b7a924f60de14a7e329d82d6f4f,2008-02-25 22:01:44.958681,2008-02-25 22:02:35.056940,2008-02-25 22:01:46.070431,2008-02-25 22:02:35.056940,,2008-02-25 22:01:44.958681,2008-02-25 22:02:35.055370,
ffb8dcf93e1f7ad420bdef0e735ce7f3052c144b,34a0061ba48d1c2810cd930dd69d42482ca92d85,CAD,Executed,v3,,,6e00ad8c3ecee4ef5ba5f8ddf15527a0493951a9,vertical 2,type 8,100.0,9e2b06736b477b7a924f60de14a7e329d82d6f4f,2008-01-12 19:17:51.813063,2008-01-12 19:20:58.638055,2008-01-12 19:17:52.827252,2008-01-12 19:20:58.638055,,2008-01-12 19:17:51.813063,2008-01-12 19:20:56.167741,
3c4185c542c196209185eb5cde0b671de5152c44,b5ab8f51d35b64af079485e5bbbc335213f3a0ae,CAD,Executed,v3,,,f66f2f438fc87dd7deff8e022a67cc5d71aa6968,vertical 2,type 8,5.4,9e2b06736b477b7a924f60de14a7e329d82d6f4f,2009-08-23 14:49:59.119519,2009-08-23 14:50:39.837881,2009-08-23 14:50:10.563624,2009-08-23 14:50:39.635643,,2009-08-23 14:50:00.878479,2009-08-23 14:50:37.838422,2009-08-23 14:50:39.837881
ea75322d023515dbd14a43ac22d6fa021a5061d0,f013de7e1aee607a6c2f86a5c09b2017a5813be0,USD,Executed,v3,,,6e00ad8c3ecee4ef5ba5f8ddf15527a0493951a9,vertical 2,type 6,110.0,1ef393c389ad6e2b2d4d865f843dcf351b1d19f5,2008-02-22 17:58:00.176642,2008-02-22 17:58:58.846297,2008-02-22 17:58:00.837269,2008-02-22 17:58:58.846297,,2008-02-22 17:58:00.176642,2008-02-22 17:58:27.805541,
2e111e15021610fe00fbf272c6ae160ff70e71d5,fa485aff3f9e34d55d25f78856d4a2526a5f8e6f,CAD,Executed,v3,,,f01dc54a26fe2a3def3dee28f7fb7c56c83ee7e7,vertical 5,type 8,5.0,9e2b06736b477b7a924f60de14a7e329d82d6f4f,2009-11-04 14:35:44.623212,2009-11-04 14:36:04.270000,2009-11-04 14:35:50.492016,2009-11-04 14:36:04.270000,,2009-11-04 14:35:48.829746,2009-11-04 14:36:02.499051,2009-11-04 14:36:04.270000
e53efc877eb4fcba6a6b555f849762852eb091bb,0090e57640ed78b0c16ac4606a6773769545bb17,CAD,Executed,v3,,,6e00ad8c3ecee4ef5ba5f8ddf15527a0493951a9,vertical 2,type 8,81.6,9e2b06736b477b7a924f60de14a7e329d82d6f4f,2008-01-27 18:39:47.251433,2008-01-27 18:40:52.130961,2008-01-27 18:39:49.191396,2008-01-27 18:40:52.130961,,2008-01-27 18:39:47.251433,2008-01-27 18:40:47.863527,
e486df74d6d4ae98981dde79eb25b126831f8dc6,c6e647f7497bcd595c4e4cff311261cb006e88e5,USD,Executed,v3,,,6e00ad8c3ecee4ef5ba5f8ddf15527a0493951a9,vertical 2,type 8,35.5,7ec009376b8bf0c03561b3f6ba251ab9d96efd42,2008-02-24 10:29:25.123896,2008-02-24 10:30:03.684825,2008-02-24 10:29:25.719716,2008-02-24 10:30:03.684825,,2008-02-24 10:29:25.123896,2008-02-24 10:30:01.426252,
ada6f46523485fa24a8a6b1b9832d569d2131531,e9b3eef71fa711e7f8be41affba46f0a1727713d,USD,authorizing,v3,,,6e00ad8c3ecee4ef5ba5f8ddf15527a0493951a9,vertical 2,type 3,40.44,1ef393c389ad6e2b2d4d865f843dcf351b1d19f5,2008-02-27 18:12:41.767118,2008-02-27 18:12:42.925337,2008-02-27 18:12:42.925337,,,2008-02-27 18:12:42.052526,,
ebe646727e7e14a2527be2bfdcac3fe9459e729d,c6e647f7497bcd595c4e4cff311261cb006e88e5,USD,Executed,v3,,,7a2bce009f441ab34def6cf5f7574854e9fd076f,vertical 5,type 8,60.0,7ec009376b8bf0c03561b3f6ba251ab9d96efd42,2009-07-03 19:20:12.033909,2009-07-05 07:58:00.177853,2009-07-03 19:20:19.348935,2009-07-05 07:58:00.177853,,2009-07-03 19:20:15.995953,2009-07-03 19:20:37.028192,2009-07-05 07:58:00.177853
8b402a7e68f88fe9e785d25344a62a90d04ed266,9c23cc6c80b5af209d7f2be501e4d77cb9657429,USD,authorizing,v3,,,6e00ad8c3ecee4ef5ba5f8ddf15527a0493951a9,vertical 2,type 3,100.0,37eec10a53dd5fd2f024a17be5961dfceb0c66e6,2008-01-14 21:28:30.186016,2008-01-14 21:28:31.083455,2008-01-14 21:28:31.083455,,,2008-01-14 21:28:30.394152,,
c630411c0fc8beeac5e2fe6b0ce0f23bb9530f78,eb1c4738ae6ac9c907a46a541af2d02d6be2f05b,CAD,Executed,v3,,,64c370a753b1db282770cdbf2aba5434a3185b3d,vertical 2,type 8,3.0,9e2b06736b477b7a924f60de14a7e329d82d6f4f,2009-12-07 10:26:12.087617,2009-12-07 10:27:22.077326,2009-12-07 10:26:39.960699,2009-12-07 10:27:22.077326,,2009-12-07 10:26:15.253652,2009-12-07 10:27:20.568157,2009-12-07 10:27:21.620000
796928a031d186d5f9f7cf28250bdf9504a8f501,614f918e6feee31a627e487db0e58c331fc9d4b7,CAD,Executed,v3,,,6e00ad8c3ecee4ef5ba5f8ddf15527a0493951a9,vertical 2,type 8,0.1,9e2b06736b477b7a924f60de14a7e329d82d6f4f,2008-07-20 08:52:54.183500,2008-07-20 08:54:07.456692,2008-07-20 08:52:54.943020,2008-07-20 08:54:07.456692,,2008-07-20 08:52:54.943020,2008-07-20 08:54:04.932677,2008-07-20 08:54:07.456692
362bbee135c446b57459376e7456bfd1c6f8f367,fa485aff3f9e34d55d25f78856d4a2526a5f8e6f,CAD,Executed,v3,,,f66f2f438fc87dd7deff8e022a67cc5d71aa6968,vertical 2,type 8,3.0,9e2b06736b477b7a924f60de14a7e329d82d6f4f,2009-08-07 06:08:30.185654,2009-08-07 06:08:56.496494,2009-08-07 06:08:36.530900,2009-08-07 06:08:52.958348,,2009-08-07 06:08:31.126774,2009-08-07 06:08:49.314329,2009-08-07 06:08:56.496494
1e7c9d7d4819407c0bd5881917fdd16eb229c93d,3fe4892bae411b0fcb10910a8068d2853fb5058d,USD,failed,v3,rejected,authorization_required,6e00ad8c3ecee4ef5ba5f8ddf15527a0493951a9,vertical 2,type 2,37.62,229fcb7e40c6421b7091c1e9fccf6d94da25d396,2008-02-21 18:17:27.531995,2008-02-21 18:17:28.213886,,,2008-02-21 18:17:28.213886,,,
d369faad56258431cf39b257c8099e8c2af350ef,f18fd81ed0ed2685ca7c248d2c505920c08a18c1,USD,authorizing,v3,,,6e00ad8c3ecee4ef5ba5f8ddf15527a0493951a9,vertical 2,type 2,40.0,beb7a78398a040dadb3da1ba0474ba3899285e46,2008-02-15 16:53:09.413625,2008-02-15 16:53:11.045300,2008-02-15 16:53:11.045300,,,2008-02-15 16:53:09.739252,,
d81d4be3371727dabd82075d7a1e7a1be97a2262,e9b3eef71fa711e7f8be41affba46f0a1727713d,USD,failed,v3,provider_rejected,authorized,6e00ad8c3ecee4ef5ba5f8ddf15527a0493951a9,vertical 2,type 3,20.0,1ef393c389ad6e2b2d4d865f843dcf351b1d19f5,2008-02-16 19:42:38.902337,2008-02-17 16:55:41.088363,2008-02-16 19:42:39.524773,,2008-02-17 16:55:41.088363,2008-02-16 19:42:38.902337,2008-02-16 19:43:38.749788,
2de1db6054157dfc7a599b974cebe64ba7db97a8,b5ab8f51d35b64af079485e5bbbc335213f3a0ae,CAD,Executed,v3,,,6e00ad8c3ecee4ef5ba5f8ddf15527a0493951a9,vertical 2,type 8,20.0,9e2b06736b477b7a924f60de14a7e329d82d6f4f,2008-02-14 12:34:40.633882,2008-02-14 12:35:03.991738,2008-02-14 12:34:41.726582,2008-02-14 12:35:03.991738,,2008-02-14 12:34:40.633882,2008-02-14 12:35:00.800589,
1889768e03975b375499eea70cc3fcf5e9f3daa4,c6e647f7497bcd595c4e4cff311261cb006e88e5,USD,initiated,v3,,,7a2bce009f441ab34def6cf5f7574854e9fd076f,vertical 5,type 8,4.0,7ec009376b8bf0c03561b3f6ba251ab9d96efd42,2009-07-08 05:32:52.620618,2009-07-08 05:33:06.283521,2009-07-08 05:33:06.283521,,,2009-07-08 05:33:02.590075,,
a98061fb0a5f515c22d67514ff129d30ac3df0fd,6926610db1dfc17aca46a6f67789d7d6c24a7185,CAD,Executed,v3,,,f01dc54a26fe2a3def3dee28f7fb7c56c83ee7e7,vertical 5,type 8,5.0,9e2b06736b477b7a924f60de14a7e329d82d6f4f,2009-07-09 22:39:43.635541,2009-07-09 22:40:26.146157,2009-07-09 22:39:51.042429,2009-07-09 22:40:26.146157,,2009-07-09 22:39:48.824405,2009-07-09 22:40:24.268593,2009-07-09 22:40:26.146157
ab50cb7f7ecb1b9a31cfa5df2a6639cdf56c4abd,30f7c597c23522d4038935c6491bb91e74647c22,USD,failed,v3,not_authorized,authorizing,6e00ad8c3ecee4ef5ba5f8ddf15527a0493951a9,vertical 2,type 2,50.0,f69ad584c025f9b756ce1e8c70de3a33aef50b32,2008-02-08 15:30:23.851645,2008-02-08 16:30:35.134234,2008-02-08 15:30:24.798347,,2008-02-08 16:30:35.134234,2008-02-08 15:30:23.851645,,
7213aaaca0533a23342b196810784ee78f95c8a9,3e3b704ede474cd3cb38721a374cbfe582825415,USD,failed,v3,internal_server_error,authorization_required,6e00ad8c3ecee4ef5ba5f8ddf15527a0493951a9,vertical 2,type 2,1.2,f69ad584c025f9b756ce1e8c70de3a33aef50b32,2008-01-30 12:55:49.088484,2008-01-30 12:55:49.398773,,,2008-01-30 12:55:49.398773,,,
8f8ff27ac74e71eb0618c477ed722bb7a08366b0,6cd7d8d37b110668afdca42fc0e1d366b322783e,CAD,failed,v3,not_authorized,initiated,f66f2f438fc87dd7deff8e022a67cc5d71aa6968,vertical 2,type 8,3.78,9e2b06736b477b7a924f60de14a7e329d82d6f4f,2009-08-17 16:58:44.088489,2009-08-17 16:59:17.419857,2009-08-17 16:58:51.361139,,2009-08-17 16:59:17.419857,2009-08-17 16:58:44.694789,,
188b079eeeece4b9ac89d1498beb2bd3e920366c,b5ab8f51d35b64af079485e5bbbc335213f3a0ae,CAD,Executed,v3,,,f01dc54a26fe2a3def3dee28f7fb7c56c83ee7e7,vertical 5,type 8,1.5,9e2b06736b477b7a924f60de14a7e329d82d6f4f,2009-09-21 04:43:26.084742,2009-09-21 04:43:43.316387,2009-09-21 04:43:30.769294,2009-09-21 04:43:43.316387,,2009-09-21 04:43:29.111202,2009-09-21 04:43:41.910717,2009-09-21 04:43:43.316387
80a4a20ed9ad945d4ee624f5c51cc1981906038c,b5ab8f51d35b64af079485e5bbbc335213f3a0ae,CAD,Executed,v3,,,f01dc54a26fe2a3def3dee28f7fb7c56c83ee7e7,vertical 5,type 8,2.0,9e2b06736b477b7a924f60de14a7e329d82d6f4f,2010-01-19 21:19:44.914015,2010-01-19 21:20:22.703000,2010-01-19 21:19:51.626055,2010-01-19 21:20:22.703000,,2010-01-19 21:19:49.785841,2010-01-19 21:20:21.303968,2010-01-19 21:20:22.703000
fc0a32b7b511bd177499c1895bc3455d382c002e,6cd7d8d37b110668afdca42fc0e1d366b322783e,CAD,Executed,v3,,,f01dc54a26fe2a3def3dee28f7fb7c56c83ee7e7,vertical 5,type 8,0.5,9e2b06736b477b7a924f60de14a7e329d82d6f4f,2010-01-30 04:36:55.780860,2010-01-30 04:38:08.641743,2010-01-30 04:37:01.313183,2010-01-30 04:38:08.641743,,2010-01-30 04:36:59.023951,2010-01-30 04:38:07.027775,2010-01-30 04:38:08.200000
78bc5dd1f4a49d835c62eefe15849f3168dde6b1,b5ab8f51d35b64af079485e5bbbc335213f3a0ae,CAD,Executed,v3,,,6e00ad8c3ecee4ef5ba5f8ddf15527a0493951a9,vertical 2,type 8,1.0,9e2b06736b477b7a924f60de14a7e329d82d6f4f,2008-02-20 13:44:16.834255,2008-02-20 13:44:46.650318,2008-02-20 13:44:17.902986,2008-02-20 13:44:46.650318,,2008-02-20 13:44:16.834255,2008-02-20 13:44:43.514844,
325781436cdbc2a0a454da0a994350fb9c99f303,9c23cc6c80b5af209d7f2be501e4d77cb9657429,USD,authorizing,v3,,,6e00ad8c3ecee4ef5ba5f8ddf15527a0493951a9,vertical 2,type 3,20.0,37eec10a53dd5fd2f024a17be5961dfceb0c66e6,2008-02-25 09:54:36.970215,2008-02-25 09:54:38.562885,2008-02-25 09:54:38.562885,,,2008-02-25 09:54:37.601204,,
a151ca94bd2bf396ca5333fd48486e75aa1b8ea4,312dccf7c915f4e8819eb22102edaf29d22e2922,USD,Executed,v3,,,6e00ad8c3ecee4ef5ba5f8ddf15527a0493951a9,vertical 2,type 6,5.0,e663a75ca1d25c297c92ca032b7bd8d1af3b0b5c,2008-02-29 05:35:07.546290,2008-02-29 05:36:00.990293,2008-02-29 05:35:08.741382,2008-02-29 05:36:00.990293,,2008-02-29 05:35:07.546290,2008-02-29 05:36:00.986294,
d92b873929a91f2994fcd18a8940117bc7fc3be4,f013de7e1aee607a6c2f86a5c09b2017a5813be0,USD,Executed,v3,,,6e00ad8c3ecee4ef5ba5f8ddf15527a0493951a9,vertical 2,type 6,1.0,1ef393c389ad6e2b2d4d865f843dcf351b1d19f5,2008-02-18 14:44:37.874543,2008-02-18 14:45:45.022884,2008-02-18 14:44:38.561552,2008-02-18 14:45:45.022884,,2008-02-18 14:44:37.874543,2008-02-18 14:45:13.840171,
bf296e5328ff9e030b5524554b3764e2d00e26bf,6cd7d8d37b110668afdca42fc0e1d366b322783e,CAD,Executed,v3,,,f01dc54a26fe2a3def3dee28f7fb7c56c83ee7e7,vertical 5,type 8,5.0,9e2b06736b477b7a924f60de14a7e329d82d6f4f,2009-09-30 22:28:00.663993,2009-09-30 22:28:35.679589,2009-09-30 22:28:04.759852,2009-09-30 22:28:33.308959,,2009-09-30 22:28:03.023136,2009-09-30 22:28:31.684177,2009-09-30 22:28:35.679589
5b4437810ba0682cd84ab68c9cfd5f59c5899cbc,6cd7d8d37b110668afdca42fc0e1d366b322783e,CAD,Executed,v3,,,f01dc54a26fe2a3def3dee28f7fb7c56c83ee7e7,vertical 5,type 8,2.0,9e2b06736b477b7a924f60de14a7e329d82d6f4f,2009-12-27 06:03:41.248924,2009-12-27 06:04:14.783000,2009-12-27 06:03:45.275055,2009-12-27 06:04:14.762789,,2009-12-27 06:03:43.485490,2009-12-27 06:04:13.215744,2009-12-27 06:04:14.783000
b767681596f1dc33db52a7d1c4991aebe6ffa203,e8085010136a26d0ebc200ac0751b1d9d673a764,CAD,failed,v3,user_canceled_at_provider,initiated,f01dc54a26fe2a3def3dee28f7fb7c56c83ee7e7,vertical 5,type 8,2.0,9e2b06736b477b7a924f60de14a7e329d82d6f4f,2010-01-15 22:05:55.130090,2010-01-15 22:06:43.613595,2010-01-15 22:06:09.946585,,2010-01-15 22:06:43.613595,2010-01-15 22:06:05.755494,,
d75cb6eb46b8562180ee93ed22e9d511ade12e9e,b1184334f619bc3522f60fe1daaf1021c23f9ce6,USD,failed,v3,provider_error,authorization_required,6e00ad8c3ecee4ef5ba5f8ddf15527a0493951a9,vertical 2,type 2,10.0,6cdea52ce51f6e135c958a0e37b24c58f571b638,2008-02-03 09:45:28.001053,2008-02-03 09:45:30.387244,,,2008-02-03 09:45:30.387244,,,
950ba7b159bc7ecd47886d47da9e9868640225a6,b5ab8f51d35b64af079485e5bbbc335213f3a0ae,CAD,Executed,v3,,,f01dc54a26fe2a3def3dee28f7fb7c56c83ee7e7,vertical 5,type 8,6.0,9e2b06736b477b7a924f60de14a7e329d82d6f4f,2009-08-28 06:27:54.190624,2009-08-28 06:28:17.909241,2009-08-28 06:27:57.784136,2009-08-28 06:28:17.909241,,2009-08-28 06:27:56.110524,2009-08-28 06:28:16.318601,2009-08-28 06:28:17.909241
01ddcb227146f0bad5c5efa6bda205cc5ff29961,b5ab8f51d35b64af079485e5bbbc335213f3a0ae,CAD,failed,v3,provider_rejected,initiated,f01dc54a26fe2a3def3dee28f7fb7c56c83ee7e7,vertical 5,type 8,3.1,9e2b06736b477b7a924f60de14a7e329d82d6f4f,2009-12-29 02:48:46.480421,2009-12-29 02:49:04.211105,2009-12-29 02:48:50.080700,,2009-12-29 02:49:04.211105,2009-12-29 02:48:48.522533,,
e67b45dd0aeae407edbb392426d272963b8cce1e,4d762ce64874cd49be593313e92a1e61cf74417e,CAD,Executed,v3,,,64c370a753b1db282770cdbf2aba5434a3185b3d,vertical 2,type 8,9.86,9e2b06736b477b7a924f60de14a7e329d82d6f4f,2009-11-14 06:45:11.463231,2009-11-14 06:49:42.973000,2009-11-14 06:45:22.036764,2009-11-14 06:49:42.973000,,2009-11-14 06:45:14.631779,2009-11-14 06:49:42.973000,2009-11-14 06:49:42.973000
f764986f5b6ad14ec96c4435f550d9898e3a4916,e9b3eef71fa711e7f8be41affba46f0a1727713d,USD,authorizing,v3,,,6e00ad8c3ecee4ef5ba5f8ddf15527a0493951a9,vertical 2,type 3,10.5,1ef393c389ad6e2b2d4d865f843dcf351b1d19f5,2008-02-17 10:34:18.580328,2008-02-17 10:34:19.189954,2008-02-17 10:34:19.189954,,,2008-02-17 10:34:18.812374,,
b485bb54d415938099fe450fc490bb4221711a7c,6926610db1dfc17aca46a6f67789d7d6c24a7185,CAD,Executed,v3,,,64c370a753b1db282770cdbf2aba5434a3185b3d,vertical 2,type 8,14.48,9e2b06736b477b7a924f60de14a7e329d82d6f4f,2010-01-15 08:44:18.304189,2010-01-15 08:44:56.443000,2010-01-15 08:44:27.807218,2010-01-15 08:44:55.392497,,2010-01-15 08:44:21.667234,2010-01-15 08:44:53.548880,2010-01-15 08:44:56.443000
b7c1c4353c32b7f80bc801f8ee788a10d6b6c615,6cd7d8d37b110668afdca42fc0e1d366b322783e,CAD,failed,v3,expired,authorization_required,f01dc54a26fe2a3def3dee28f7fb7c56c83ee7e7,vertical 5,type 8,5.0,9e2b06736b477b7a924f60de14a7e329d82d6f4f,2010-02-04 20:46:47.974789,2010-02-04 21:01:47.998449,,,2010-02-04 21:01:47.998449,,,
508e0a5ff439dab0f3384b0f742acaf77948eb61,eb1c4738ae6ac9c907a46a541af2d02d6be2f05b,CAD,Executed,v3,,,64c370a753b1db282770cdbf2aba5434a3185b3d,vertical 2,type 8,92.66,9e2b06736b477b7a924f60de14a7e329d82d6f4f,2009-09-29 16:32:47.714288,2009-09-29 16:34:17.400855,2009-09-29 16:33:03.846698,2009-09-29 16:34:15.975549,,2009-09-29 16:32:48.664990,2009-09-29 16:34:11.247447,2009-09-29 16:34:17.400855
96ee4d2cdd4ecd773b2a3dde7b2d051c918efdf9,6cd7d8d37b110668afdca42fc0e1d366b322783e,CAD,Executed,v3,,,f01dc54a26fe2a3def3dee28f7fb7c56c83ee7e7,vertical 5,type 8,1.5,9e2b06736b477b7a924f60de14a7e329d82d6f4f,2009-12-14 20:36:03.538130,2009-12-14 20:36:45.749098,2009-12-14 20:36:09.415348,2009-12-14 20:36:45.749098,,2009-12-14 20:36:07.628710,2009-12-14 20:36:44.088688,2009-12-14 20:36:45.483000
337806fb879e8b5fcb72e10d4b75a7fdc8dc4f7b,6926610db1dfc17aca46a6f67789d7d6c24a7185,CAD,Executed,v3,,,f01dc54a26fe2a3def3dee28f7fb7c56c83ee7e7,vertical 5,type 8,0.5,9e2b06736b477b7a924f60de14a7e329d82d6f4f,2010-01-05 17:08:40.249886,2010-01-05 17:09:12.130000,2010-01-05 17:08:45.594090,2010-01-05 17:09:11.874394,,2010-01-05 17:08:43.805072,2010-01-05 17:09:10.454402,2010-01-05 17:09:12.130000
fda510cf87e5d80e4d04277092f6db805f0ffc36,660054a4565377c6e43ff7709abf56d8494ba604,CAD,failed,v3,provider_rejected,authorized,f01dc54a26fe2a3def3dee28f7fb7c56c83ee7e7,vertical 5,type 8,3.0,9e2b06736b477b7a924f60de14a7e329d82d6f4f,2009-12-26 04:12:33.119570,2009-12-26 04:13:16.368886,2009-12-26 04:12:37.981365,,2009-12-26 04:13:16.368886,2009-12-26 04:12:36.114870,2009-12-26 04:13:16.367070,
dbc851a99c228662e82a5c6eec4bfdf6c006c804,e8085010136a26d0ebc200ac0751b1d9d673a764,CAD,Executed,v3,,,64c370a753b1db282770cdbf2aba5434a3185b3d,vertical 2,type 8,10.98,9e2b06736b477b7a924f60de14a7e329d82d6f4f,2009-10-16 10:39:06.704816,2009-10-16 10:39:39.900472,2009-10-16 10:39:12.576447,2009-10-16 10:39:38.938881,,2009-10-16 10:39:07.157559,2009-10-16 10:39:34.909265,2009-10-16 10:39:39.900472
5ee5e9bc681ce865218c75764934adbd63ba8465,b5ab8f51d35b64af079485e5bbbc335213f3a0ae,CAD,Executed,v3,,,64c370a753b1db282770cdbf2aba5434a3185b3d,vertical 2,type 8,105.72,9e2b06736b477b7a924f60de14a7e329d82d6f4f,2009-11-08 07:05:47.921060,2009-11-08 07:06:21.013000,2009-11-08 07:05:56.184730,2009-11-08 07:06:19.424648,,2009-11-08 07:05:48.664751,2009-11-08 07:06:17.930703,2009-11-08 07:06:21.013000
faf11f1724c679b9b2b6d172cc64a58c53ac241b,6cd7d8d37b110668afdca42fc0e1d366b322783e,CAD,Executed,v3,,,d292da2283043c07accb1086a004caaf05472d44,vertical 5,type 8,1.0,9e2b06736b477b7a924f60de14a7e329d82d6f4f,2008-12-17 17:33:14.731032,2008-12-17 17:33:54.612560,2008-12-17 17:33:23.767420,2008-12-17 17:33:53.634399,,2008-12-17 17:33:18.464425,2008-12-17 17:33:53.632504,2008-12-17 17:33:54.612560
fc43c33bf1fa4ec380a8ab77d484f1d2f724a0eb,b5ab8f51d35b64af079485e5bbbc335213f3a0ae,CAD,Executed,v3,,,f66f2f438fc87dd7deff8e022a67cc5d71aa6968,vertical 2,type 8,10.0,9e2b06736b477b7a924f60de14a7e329d82d6f4f,2009-07-09 11:14:39.070494,2009-07-09 11:15:05.868764,2009-07-09 11:14:45.506027,2009-07-09 11:15:05.868764,,2009-07-09 11:14:40.011302,2009-07-09 11:15:04.055755,2009-07-09 11:15:05.868764
eaffa182416a34ee213bd249978b8c16d99dbbfd,b5ab8f51d35b64af079485e5bbbc335213f3a0ae,CAD,Executed,v3,,,64c370a753b1db282770cdbf2aba5434a3185b3d,vertical 2,type 8,0.5,9e2b06736b477b7a924f60de14a7e329d82d6f4f,2009-08-09 07:45:38.311558,2009-08-09 07:46:06.316280,2009-08-09 07:45:47.251240,2009-08-09 07:46:00.915075,,2009-08-09 07:45:38.908942,2009-08-09 07:45:59.303616,2009-08-09 07:46:06.316280
9781442d08a0f9276da0449abbc618f272dc27ad,f4203d6b7658cb7252d6afdf95a6b692e93c2f7b,CAD,Executed,v3,,,f66f2f438fc87dd7deff8e022a67cc5d71aa6968,vertical 2,type 8,20.0,9e2b06736b477b7a924f60de14a7e329d82d6f4f,2009-09-25 23:38:50.331320,2009-09-25 23:39:11.178579,2009-09-25 23:38:55.798955,2009-09-25 23:39:11.178579,,2009-09-25 23:38:51.746674,2009-09-25 23:39:09.073487,2009-09-25 23:39:11.178579
e9c33fe9ab4aec64b0c7bbe3c006c66ff5df733f,e8085010136a26d0ebc200ac0751b1d9d673a764,CAD,failed,v3,expired,initiated,f66f2f438fc87dd7deff8e022a67cc5d71aa6968,vertical 2,type 8,21.95,9e2b06736b477b7a924f60de14a7e329d82d6f4f,2010-01-12 11:58:32.846831,2010-01-12 12:13:33.058101,2010-01-12 11:58:37.458676,,2010-01-12 12:13:33.058101,2010-01-12 11:58:33.337307,,
017ef500664f9e84bc95cab83cd1e18807c59756,6cd7d8d37b110668afdca42fc0e1d366b322783e,CAD,Executed,v3,,,64c370a753b1db282770cdbf2aba5434a3185b3d,vertical 2,type 8,22.59,9e2b06736b477b7a924f60de14a7e329d82d6f4f,2010-02-10 10:04:29.592907,2010-02-10 10:05:08.850000,2010-02-10 10:04:37.228527,2010-02-10 10:05:08.850000,,2010-02-10 10:04:32.751155,2010-02-10 10:05:07.810397,2010-02-10 10:05:08.850000
cd0850e45676bbd2ac2709ee4c85e41672e2a4bf,e8085010136a26d0ebc200ac0751b1d9d673a764,CAD,Executed,v3,,,64c370a753b1db282770cdbf2aba5434a3185b3d,vertical 2,type 8,14.52,9e2b06736b477b7a924f60de14a7e329d82d6f4f,2009-09-03 00:01:04.910570,2009-09-03 00:01:36.044841,2009-09-03 00:01:09.363347,2009-09-03 00:01:33.857074,,2009-09-03 00:01:05.327690,2009-09-03 00:01:31.691776,2009-09-03 00:01:36.044841
e8fa80de545fda59c1583087c369fd500728a241,e8085010136a26d0ebc200ac0751b1d9d673a764,CAD,Executed,v3,,,f66f2f438fc87dd7deff8e022a67cc5d71aa6968,vertical 2,type 8,2.52,9e2b06736b477b7a924f60de14a7e329d82d6f4f,2009-06-01 17:01:50.373418,2009-06-01 17:02:29.652218,2009-06-01 17:01:56.608051,2009-06-01 17:02:28.612103,,2009-06-01 17:01:51.060600,2009-06-01 17:02:25.999705,2009-06-01 17:02:29.652218
33852cabc404d1d15fb7a853a3d0d467f84b919d,b5ab8f51d35b64af079485e5bbbc335213f3a0ae,CAD,Executed,v3,,,f66f2f438fc87dd7deff8e022a67cc5d71aa6968,vertical 2,type 8,5.0,9e2b06736b477b7a924f60de14a7e329d82d6f4f,2009-09-09 13:42:06.175943,2009-09-09 13:42:39.753317,2009-09-09 13:42:11.449957,2009-09-09 13:42:39.665385,,2009-09-09 13:42:07.298891,2009-09-09 13:42:37.929417,2009-09-09 13:42:39.753317
4b72dd0b50ec676994a4260ef5bc0825697275fa,fa485aff3f9e34d55d25f78856d4a2526a5f8e6f,CAD,failed,v3,user_canceled_at_provider,initiated,f66f2f438fc87dd7deff8e022a67cc5d71aa6968,vertical 2,type 8,0.55,9e2b06736b477b7a924f60de14a7e329d82d6f4f,2009-12-05 07:30:16.249323,2009-12-05 07:30:28.397071,2009-12-05 07:30:23.805316,,2009-12-05 07:30:28.397071,2009-12-05 07:30:19.701063,,
0ce0af4930e4732cba1d616642911fd7af3a6b19,b7fdda6d8957d76f5537a7b43f39060422c52953,USD,Executed,v3,,,6e00ad8c3ecee4ef5ba5f8ddf15527a0493951a9,vertical 2,type 6,60.0,e663a75ca1d25c297c92ca032b7bd8d1af3b0b5c,2008-02-19 12:23:58.945713,2008-02-19 12:32:48.468441,2008-02-19 12:23:59.972475,2008-02-19 12:32:48.468441,,2008-02-19 12:23:58.945713,2008-02-19 12:24:24.477839,
1705a3d8bab16f84582bdf2ae094ca7937114926,9c23cc6c80b5af209d7f2be501e4d77cb9657429,USD,authorizing,v3,,,6e00ad8c3ecee4ef5ba5f8ddf15527a0493951a9,vertical 2,type 3,100.0,37eec10a53dd5fd2f024a17be5961dfceb0c66e6,2008-01-14 21:11:25.185977,2008-01-14 21:11:26.172021,2008-01-14 21:11:26.172021,,,2008-01-14 21:11:25.399945,,
02bf24336137da6050624ef59a977f30e488f8dd,7793607afc91c55351f23d75015223501cd65cd2,USD,failed,v3,provider_rejected,authorized,6e00ad8c3ecee4ef5ba5f8ddf15527a0493951a9,vertical 2,type 2,10.0,f69ad584c025f9b756ce1e8c70de3a33aef50b32,2008-02-27 12:51:14.587606,2008-02-28 12:51:52.945095,2008-02-27 12:51:15.443400,,2008-02-28 12:51:52.945095,2008-02-27 12:51:14.587606,2008-02-28 12:51:21.464354,
6287e48879b7d380cb6d76219bbbc5c65c1df79a,b5ab8f51d35b64af079485e5bbbc335213f3a0ae,CAD,Executed,v3,,,6e00ad8c3ecee4ef5ba5f8ddf15527a0493951a9,vertical 2,type 8,135.68,9e2b06736b477b7a924f60de14a7e329d82d6f4f,2008-02-07 07:07:49.750461,2008-02-07 07:08:25.256498,2008-02-07 07:07:51.001403,2008-02-07 07:08:25.256498,,2008-02-07 07:07:49.750461,2008-02-07 07:08:22.216707,
b9f61e2da42f2117ef8abcefbc5519f6d07c833e,3e3b704ede474cd3cb38721a374cbfe582825415,USD,failed,v3,not_authorized,authorizing,6e00ad8c3ecee4ef5ba5f8ddf15527a0493951a9,vertical 2,type 2,300.0,f69ad584c025f9b756ce1e8c70de3a33aef50b32,2008-02-12 14:43:10.842058,2008-02-13 14:43:23.818853,2008-02-12 14:43:12.329578,,2008-02-13 14:43:23.818853,2008-02-12 14:43:10.842058,,
7429f96fefffd39eac242377fa3935a102de6ad2,f013de7e1aee607a6c2f86a5c09b2017a5813be0,USD,authorizing,v3,,,6e00ad8c3ecee4ef5ba5f8ddf15527a0493951a9,vertical 2,type 6,1.0,1ef393c389ad6e2b2d4d865f843dcf351b1d19f5,2008-02-20 13:34:48.078961,2008-02-20 13:34:48.756862,2008-02-20 13:34:48.756862,,,2008-02-20 13:34:48.335204,,
d01013da3f722ce4e654aec54b603e01b7df39da,b7fdda6d8957d76f5537a7b43f39060422c52953,USD,Executed,v3,,,6e00ad8c3ecee4ef5ba5f8ddf15527a0493951a9,vertical 2,type 6,50.0,e663a75ca1d25c297c92ca032b7bd8d1af3b0b5c,2008-01-24 11:15:04.556241,2008-01-24 11:34:26.923533,2008-01-24 11:15:07.850054,2008-01-24 11:34:26.923533,,2008-01-24 11:15:04.556241,2008-01-24 11:15:47.031721,
343ad1e952189cacf1ee4b4d65c9e7041f628997,e9b3eef71fa711e7f8be41affba46f0a1727713d,USD,authorizing,v3,,,6e00ad8c3ecee4ef5ba5f8ddf15527a0493951a9,vertical 2,type 3,9.0,1ef393c389ad6e2b2d4d865f843dcf351b1d19f5,2008-02-23 01:36:34.165269,2008-02-23 01:36:34.835295,2008-02-23 01:36:34.835295,,,2008-02-23 01:36:34.394677,,
f2f1a415d0e827167c71b6d5096199dbf443eb78,3e3b704ede474cd3cb38721a374cbfe582825415,USD,failed,v3,not_authorized,authorizing,6e00ad8c3ecee4ef5ba5f8ddf15527a0493951a9,vertical 2,type 2,10.0,f69ad584c025f9b756ce1e8c70de3a33aef50b32,2008-02-16 20:47:39.149949,2008-02-17 20:47:56.305133,2008-02-16 20:47:40.719779,,2008-02-17 20:47:56.305133,2008-02-16 20:47:39.149949,,
50755dc475f5e0379e0600d14b6b325ba2140b0c,e8085010136a26d0ebc200ac0751b1d9d673a764,CAD,Executed,v3,,,f66f2f438fc87dd7deff8e022a67cc5d71aa6968,vertical 2,type 8,3.0,9e2b06736b477b7a924f60de14a7e329d82d6f4f,2009-09-22 06:03:26.481872,2009-09-22 06:04:20.990074,2009-09-22 06:03:30.966280,2009-09-22 06:04:20.990074,,2009-09-22 06:03:27.234015,2009-09-22 06:04:17.272701,2009-09-22 06:04:20.990074
aafc36fb1697004951f3adb29eb79db4bd8c6116,b5ab8f51d35b64af079485e5bbbc335213f3a0ae,CAD,Executed,v3,,,f66f2f438fc87dd7deff8e022a67cc5d71aa6968,vertical 2,type 8,1.5,9e2b06736b477b7a924f60de14a7e329d82d6f4f,2009-07-01 18:23:49.167299,2009-07-01 18:24:25.940621,2009-07-01 18:23:55.463249,2009-07-01 18:24:25.940621,,2009-07-01 18:23:50.192652,2009-07-01 18:24:24.550273,2009-07-01 18:24:25.940621
81eb44b5f472724e4ded64bdfcab6196b044015e,b5ab8f51d35b64af079485e5bbbc335213f3a0ae,CAD,Executed,v3,,,f66f2f438fc87dd7deff8e022a67cc5d71aa6968,vertical 2,type 8,3.23,9e2b06736b477b7a924f60de14a7e329d82d6f4f,2009-10-03 06:36:50.377900,2009-10-03 06:37:28.748136,2009-10-03 06:36:57.182356,2009-10-03 06:37:28.472666,,2009-10-03 06:36:51.451745,2009-10-03 06:37:26.927512,2009-10-03 06:37:28.748136
5645b6c6945fd82b34fa5683959b0dec8c46593d,fa485aff3f9e34d55d25f78856d4a2526a5f8e6f,CAD,Executed,v3,,,f66f2f438fc87dd7deff8e022a67cc5d71aa6968,vertical 2,type 8,0.58,9e2b06736b477b7a924f60de14a7e329d82d6f4f,2009-09-02 19:00:47.705498,2009-09-02 19:01:15.563680,2009-09-02 19:00:55.202744,2009-09-02 19:01:14.454349,,2009-09-02 19:00:49.229971,2009-09-02 19:01:11.961759,2009-09-02 19:01:15.563680
8a530249ebe0b0de803fdc758395728e14481287,0090e57640ed78b0c16ac4606a6773769545bb17,CAD,Executed,v3,,,64c370a753b1db282770cdbf2aba5434a3185b3d,vertical 2,type 8,5.0,9e2b06736b477b7a924f60de14a7e329d82d6f4f,2009-12-08 10:15:10.136118,2009-12-08 10:17:21.700000,2009-12-08 10:15:17.078482,2009-12-08 10:17:21.700000,,2009-12-08 10:15:10.936253,2009-12-08 10:17:20.852148,2009-12-08 10:17:21.700000
f1cdeed7035328eea05f10c53e93d397655068b4,6cd7d8d37b110668afdca42fc0e1d366b322783e,CAD,Executed,v3,,,64c370a753b1db282770cdbf2aba5434a3185b3d,vertical 2,type 8,22.8,9e2b06736b477b7a924f60de14a7e329d82d6f4f,2009-12-09 17:19:24.910136,2009-12-09 17:21:25.093000,2009-12-09 17:19:28.986004,2009-12-09 17:21:24.868282,,2009-12-09 17:19:25.420300,2009-12-09 17:21:23.496963,2009-12-09 17:21:25.093000
76030148f5ede84cffc80ac1bdbf54a0aa1c23c6,6926610db1dfc17aca46a6f67789d7d6c24a7185,CAD,failed,v3,canceled,authorizing,64c370a753b1db282770cdbf2aba5434a3185b3d,vertical 2,type 8,64.6,9e2b06736b477b7a924f60de14a7e329d82d6f4f,2009-09-23 20:24:02.437563,2009-09-23 20:24:09.886833,,,2009-09-23 20:24:09.886833,2009-09-23 20:24:03.476264,,
11e49b453a123523fafa1c73f76ae6655c426b11,9c23cc6c80b5af209d7f2be501e4d77cb9657429,USD,Executed,v3,,,6e00ad8c3ecee4ef5ba5f8ddf15527a0493951a9,vertical 2,type 3,83.0,37eec10a53dd5fd2f024a17be5961dfceb0c66e6,2008-02-27 20:05:12.528759,2008-02-27 20:05:36.819061,2008-02-27 20:05:14.233643,2008-02-27 20:05:36.819061,,2008-02-27 20:05:12.528759,2008-02-27 20:05:28.316557,
fd5b1ddb391b80a72fd90d7b8bc9352d660ee67c,b7fdda6d8957d76f5537a7b43f39060422c52953,USD,Executed,v3,,,6e00ad8c3ecee4ef5ba5f8ddf15527a0493951a9,vertical 2,type 6,1.0,e663a75ca1d25c297c92ca032b7bd8d1af3b0b5c,2008-02-21 20:18:23.690628,2008-02-21 20:32:29.812843,2008-02-21 20:18:24.524646,2008-02-21 20:32:29.812843,,2008-02-21 20:18:23.690628,2008-02-21 20:18:43.120598,
a80655bf1dc69a333833e37441576df779e80a44,660054a4565377c6e43ff7709abf56d8494ba604,CAD,Executed,v3,,,64c370a753b1db282770cdbf2aba5434a3185b3d,vertical 2,type 8,25.0,9e2b06736b477b7a924f60de14a7e329d82d6f4f,2009-12-17 23:45:40.734507,2009-12-17 23:46:34.703679,2009-12-17 23:45:48.400810,2009-12-17 23:46:34.703679,,2009-12-17 23:45:44.012395,2009-12-17 23:46:33.366123,2009-12-17 23:46:34.360000
153c6deb592dfd9fa645bf933c0588a84e5d18ee,b5ab8f51d35b64af079485e5bbbc335213f3a0ae,CAD,Executed,v3,,,64c370a753b1db282770cdbf2aba5434a3185b3d,vertical 2,type 8,4.76,9e2b06736b477b7a924f60de14a7e329d82d6f4f,2009-12-17 16:40:34.200131,2009-12-17 16:41:16.740000,2009-12-17 16:40:41.353394,2009-12-17 16:41:16.680120,,2009-12-17 16:40:36.763755,2009-12-17 16:41:14.852984,2009-12-17 16:41:16.740000
010f54c73f2727e4ffbbd5f822d6e9d48281ad19,4d762ce64874cd49be593313e92a1e61cf74417e,CAD,failed,v3,expired,authorizing,6e00ad8c3ecee4ef5ba5f8ddf15527a0493951a9,vertical 2,type 8,5.5,9e2b06736b477b7a924f60de14a7e329d82d6f4f,2008-02-22 23:32:41.116365,2008-02-22 23:47:41.208417,2008-02-22 23:32:43.239455,,2008-02-22 23:47:41.208417,2008-02-22 23:32:41.116365,,
cfa1eee559683300c974cb3d43f0e6a55c1069ac,34a0061ba48d1c2810cd930dd69d42482ca92d85,CAD,failed,v3,expired,initiated,f01dc54a26fe2a3def3dee28f7fb7c56c83ee7e7,vertical 5,type 8,0.8,9e2b06736b477b7a924f60de14a7e329d82d6f4f,2009-12-14 18:54:29.764743,2009-12-14 19:09:29.875444,2009-12-14 18:54:35.768793,,2009-12-14 19:09:29.875444,2009-12-14 18:54:33.956320,,
785ed4c2165bfa3d821aa8e9b578fa8a0c30c848,3674b4d292131698ba6c946dda67a8fd8b63f12a,CAD,Executed,v3,,,f66f2f438fc87dd7deff8e022a67cc5d71aa6968,vertical 2,type 8,2.0,9e2b06736b477b7a924f60de14a7e329d82d6f4f,2009-11-13 11:23:44.125087,2009-11-13 11:24:30.070000,2009-11-13 11:23:53.994839,2009-11-13 11:24:30.070000,,2009-11-13 11:23:47.368595,2009-11-13 11:24:22.126454,2009-11-13 11:24:30.070000
8f0496c9383dfedb16c75f4fe785d2b910145e10,e8085010136a26d0ebc200ac0751b1d9d673a764,CAD,failed,v3,expired,initiated,f66f2f438fc87dd7deff8e022a67cc5d71aa6968,vertical 2,type 8,2.5,9e2b06736b477b7a924f60de14a7e329d82d6f4f,2010-01-10 00:15:21.544761,2010-01-10 00:30:21.742366,2010-01-10 00:15:28.500174,,2010-01-10 00:30:21.742366,2010-01-10 00:15:24.608109,,
4a94a2b49004dc538091b65a6082f14bd7f6e972,b7308502f039e303a048625c725d4aea3380c2ac,CAD,failed,v3,expired,initiated,f66f2f438fc87dd7deff8e022a67cc5d71aa6968,vertical 2,type 8,0.15,9e2b06736b477b7a924f60de14a7e329d82d6f4f,2010-01-27 11:42:02.671521,2010-01-27 11:57:02.696498,2010-01-27 11:42:11.750127,,2010-01-27 11:57:02.696498,2010-01-27 11:42:05.468451,,
5dc47bb3f2c2abbb3d3b61027ecbb5914a3d9a12,4d762ce64874cd49be593313e92a1e61cf74417e,CAD,Executed,v3,,,f66f2f438fc87dd7deff8e022a67cc5d71aa6968,vertical 2,type 8,0.5,9e2b06736b477b7a924f60de14a7e329d82d6f4f,2010-01-06 06:55:09.402678,2010-01-06 06:55:49.163000,2010-01-06 06:55:19.284393,2010-01-06 06:55:49.008178,,2010-01-06 06:55:10.293646,2010-01-06 06:55:48.983254,2010-01-06 06:55:49.163000
11c82594bbc8a44730eb437f330ca83b4f78a289,fa485aff3f9e34d55d25f78856d4a2526a5f8e6f,CAD,Executed,v3,,,f01dc54a26fe2a3def3dee28f7fb7c56c83ee7e7,vertical 5,type 8,2.0,9e2b06736b477b7a924f60de14a7e329d82d6f4f,2010-02-01 14:54:08.500671,2010-02-01 14:54:29.383000,2010-02-01 14:54:13.825953,2010-02-01 14:54:29.383000,,2010-02-01 14:54:12.165525,2010-02-01 14:54:27.204497,2010-02-01 14:54:29.383000
a47400436336b05d712bb10d2b246976be4ccb42,9c23cc6c80b5af209d7f2be501e4d77cb9657429,USD,authorizing,v3,,,6e00ad8c3ecee4ef5ba5f8ddf15527a0493951a9,vertical 2,type 3,80.0,37eec10a53dd5fd2f024a17be5961dfceb0c66e6,2008-02-16 11:11:29.157860,2008-02-16 11:11:29.821757,2008-02-16 11:11:29.821757,,,2008-02-16 11:11:29.433157,,
08c2151f51a4b202ebc9b0762fcdf4a56c5234a0,9c23cc6c80b5af209d7f2be501e4d77cb9657429,USD,Executed,v3,,,6e00ad8c3ecee4ef5ba5f8ddf15527a0493951a9,vertical 2,type 3,8.13,37eec10a53dd5fd2f024a17be5961dfceb0c66e6,2008-02-25 09:48:15.435489,2008-02-25 09:49:34.024226,2008-02-25 09:48:16.686180,2008-02-25 09:49:34.024226,,2008-02-25 09:48:15.435489,2008-02-25 09:49:31.791857,
18ab55ab2895319e9ff1bc9d9559f1bf3caf3822,eb1c4738ae6ac9c907a46a541af2d02d6be2f05b,CAD,Executed,v3,,,64c370a753b1db282770cdbf2aba5434a3185b3d,vertical 2,type 8,150.0,9e2b06736b477b7a924f60de14a7e329d82d6f4f,2009-11-17 05:59:43.612634,2009-11-17 06:00:21.083000,2009-11-17 05:59:47.944330,2009-11-17 06:00:21.083000,,2009-11-17 05:59:44.213639,2009-11-17 06:00:19.992558,2009-11-17 06:00:21.083000
deff4064c57cd42ef0f9c32a18b7b7dd5179d75d,3674b4d292131698ba6c946dda67a8fd8b63f12a,CAD,Executed,v3,,,64c370a753b1db282770cdbf2aba5434a3185b3d,vertical 2,type 8,3.5,9e2b06736b477b7a924f60de14a7e329d82d6f4f,2010-01-08 11:59:19.963157,2010-01-08 12:00:01.550000,2010-01-08 11:59:30.083588,2010-01-08 12:00:01.550000,,2010-01-08 11:59:23.241032,2010-01-08 11:59:59.834544,2010-01-08 12:00:01.550000
1f34d424566faf4ef08daadfd526da0bca3ccaaa,e67095adf654ddc631bcfd3f7aa3c7e43424ce0f,CAD,failed,v3,expired,authorizing,f01dc54a26fe2a3def3dee28f7fb7c56c83ee7e7,vertical 5,type 8,2.0,9e2b06736b477b7a924f60de14a7e329d82d6f4f,2009-10-02 00:25:56.610148,2009-10-02 00:40:56.639420,,,2009-10-02 00:40:56.639420,2009-10-02 00:26:00.231521,,
991500b32409a0b17c1f7b9e178ea1721241646b,b5ab8f51d35b64af079485e5bbbc335213f3a0ae,CAD,Executed,v3,,,f01dc54a26fe2a3def3dee28f7fb7c56c83ee7e7,vertical 5,type 8,2.0,9e2b06736b477b7a924f60de14a7e329d82d6f4f,2010-01-23 23:35:27.074022,2010-01-23 23:36:37.884538,2010-01-23 23:35:40.832845,2010-01-23 23:36:37.884538,,2010-01-23 23:35:39.243781,2010-01-23 23:36:36.229938,2010-01-23 23:36:37.577000
4ee8f12a43af00b1b2a256864276640930b59b07,b5ab8f51d35b64af079485e5bbbc335213f3a0ae,CAD,Executed,v3,,,64c370a753b1db282770cdbf2aba5434a3185b3d,vertical 2,type 8,250.0,9e2b06736b477b7a924f60de14a7e329d82d6f4f,2009-10-24 06:52:58.962548,2009-10-24 06:53:24.779792,2009-10-24 06:53:03.538186,2009-10-24 06:53:23.979817,,2009-10-24 06:52:59.635581,2009-10-24 06:53:22.279638,2009-10-24 06:53:24.779792
bce22256310b41c06c74f702e80e46cf5f422ea4,0090e57640ed78b0c16ac4606a6773769545bb17,CAD,failed,v3,not_authorized,initiated,64c370a753b1db282770cdbf2aba5434a3185b3d,vertical 2,type 8,194.48,9e2b06736b477b7a924f60de14a7e329d82d6f4f,2010-02-01 18:04:36.247258,2010-02-01 18:05:14.354826,2010-02-01 18:04:51.438739,,2010-02-01 18:05:14.354826,2010-02-01 18:04:42.130912,,
7937fa5efc1fdca4da811c64dea7e98f42e6bf7b,0090e57640ed78b0c16ac4606a6773769545bb17,CAD,Executed,v3,,,f01dc54a26fe2a3def3dee28f7fb7c56c83ee7e7,vertical 5,type 8,1.0,9e2b06736b477b7a924f60de14a7e329d82d6f4f,2009-09-10 13:24:45.138248,2009-09-10 13:26:25.634356,2009-09-10 13:24:52.711090,2009-09-10 13:26:25.634356,,2009-09-10 13:24:50.533071,2009-09-10 13:26:24.483669,2009-09-10 13:26:25.634356
afda1688ffeca89669aa60b2d5e0fa746bb713ec,b5ab8f51d35b64af079485e5bbbc335213f3a0ae,CAD,Executed,v3,,,f01dc54a26fe2a3def3dee28f7fb7c56c83ee7e7,vertical 5,type 8,2.0,9e2b06736b477b7a924f60de14a7e329d82d6f4f,2009-10-23 21:56:18.922918,2009-10-23 21:56:36.737192,2009-10-23 21:56:22.160210,2009-10-23 21:56:36.221921,,2009-10-23 21:56:20.719459,2009-10-23 21:56:34.029261,2009-10-23 21:56:36.737192
269a9576de9f0406bba23e031614d0be24b664f1,660054a4565377c6e43ff7709abf56d8494ba604,CAD,Executed,v3,,,f01dc54a26fe2a3def3dee28f7fb7c56c83ee7e7,vertical 5,type 8,2.0,9e2b06736b477b7a924f60de14a7e329d82d6f4f,2010-01-25 00:00:23.441792,2010-01-25 00:01:04.980000,2010-01-25 00:00:27.659773,2010-01-25 00:00:52.139573,,2010-01-25 00:00:26.005934,2010-01-25 00:00:48.202155,2010-01-25 00:01:04.980000
ad4d0ec5f87281946498da6c522259f649f6e979,e9b3eef71fa711e7f8be41affba46f0a1727713d,USD,Executed,v3,,,6e00ad8c3ecee4ef5ba5f8ddf15527a0493951a9,vertical 2,type 3,5.0,1ef393c389ad6e2b2d4d865f843dcf351b1d19f5,2008-01-29 09:24:15.617749,2008-01-29 09:24:59.895337,2008-01-29 09:24:17.530066,2008-01-29 09:24:59.895337,,2008-01-29 09:24:15.617749,2008-01-29 09:24:54.468157,
7dd07a80362abdfc2063b49463f5ec4b63d4e5e3,0090e57640ed78b0c16ac4606a6773769545bb17,CAD,Executed,v3,,,f01dc54a26fe2a3def3dee28f7fb7c56c83ee7e7,vertical 5,type 8,0.5,9e2b06736b477b7a924f60de14a7e329d82d6f4f,2010-01-20 23:31:34.079516,2010-01-21 01:24:54.040000,2010-01-20 23:31:41.753527,2010-01-21 01:24:54.040000,,2010-01-20 23:31:39.711123,2010-01-20 23:32:35.309436,2010-01-21 01:24:54.040000
ab9c12e70544b030fb9ce3b56619bd0bedbd411b,6926610db1dfc17aca46a6f67789d7d6c24a7185,CAD,Executed,v3,,,64c370a753b1db282770cdbf2aba5434a3185b3d,vertical 2,type 8,10.16,9e2b06736b477b7a924f60de14a7e329d82d6f4f,2009-11-20 17:00:37.656565,2009-11-20 17:01:26.507000,2009-11-20 17:00:42.664028,2009-11-20 17:01:26.507000,,2009-11-20 17:00:38.453899,2009-11-20 17:01:25.295382,2009-11-20 17:01:26.507000
d710a5a772bee4a106ad9136580224ef40fffda5,e9b3eef71fa711e7f8be41affba46f0a1727713d,USD,Executed,v3,,,6e00ad8c3ecee4ef5ba5f8ddf15527a0493951a9,vertical 2,type 3,20.0,1ef393c389ad6e2b2d4d865f843dcf351b1d19f5,2008-02-07 18:42:19.490093,2008-02-07 18:47:44.146489,2008-02-07 18:42:20.476330,2008-02-07 18:47:44.146489,,2008-02-07 18:42:19.490093,2008-02-07 18:47:29.064473,
8bcbf9a902dfcc0d4c962b08f14ed64cd05bda1d,3e3b704ede474cd3cb38721a374cbfe582825415,USD,failed,v3,internal_server_error,authorization_required,6e00ad8c3ecee4ef5ba5f8ddf15527a0493951a9,vertical 2,type 2,50.0,f69ad584c025f9b756ce1e8c70de3a33aef50b32,2008-01-31 18:01:14.108485,2008-01-31 18:01:14.426941,,,2008-01-31 18:01:14.426941,,,
65be616609b0899e8b2968d7c61d93217b3a7c4a,3e3b704ede474cd3cb38721a374cbfe582825415,USD,failed,v3,internal_server_error,authorization_required,6e00ad8c3ecee4ef5ba5f8ddf15527a0493951a9,vertical 2,type 2,100.0,f69ad584c025f9b756ce1e8c70de3a33aef50b32,2008-01-29 15:15:49.620585,2008-01-29 15:15:50.162772,,,2008-01-29 15:15:50.162772,,,
d75e01354a763825ea08735949953a52ffc970db,b5ab8f51d35b64af079485e5bbbc335213f3a0ae,CAD,Executed,v3,,,64c370a753b1db282770cdbf2aba5434a3185b3d,vertical 2,type 8,4.0,9e2b06736b477b7a924f60de14a7e329d82d6f4f,2009-10-20 15:14:21.441139,2009-10-20 15:15:07.214041,2009-10-20 15:14:30.941527,2009-10-20 15:15:07.214041,,2009-10-20 15:14:22.687930,2009-10-20 15:15:05.589273,2009-10-20 15:15:07.214041
9df33e3d7b48fc137cb5296d2b1ccd0c734e0746,b5ab8f51d35b64af079485e5bbbc335213f3a0ae,CAD,failed,v3,expired,initiated,64c370a753b1db282770cdbf2aba5434a3185b3d,vertical 2,type 8,68.76,9e2b06736b477b7a924f60de14a7e329d82d6f4f,2010-02-06 04:20:47.478639,2010-02-06 04:35:47.710084,2010-02-06 04:21:07.804124,,2010-02-06 04:35:47.710084,2010-02-06 04:20:47.940839,,
28a4c09f42af6700b9e4d60a9c58196f8c684db2,6cd7d8d37b110668afdca42fc0e1d366b322783e,CAD,Executed,v3,,,64c370a753b1db282770cdbf2aba5434a3185b3d,vertical 2,type 8,2.9,9e2b06736b477b7a924f60de14a7e329d82d6f4f,2010-02-07 11:29:16.406625,2010-02-07 11:29:46.388722,2010-02-07 11:29:19.678775,2010-02-07 11:29:46.388722,,2010-02-07 11:29:16.881435,2010-02-07 11:29:44.010774,2010-02-07 11:29:46.163000
9f9a897c69baef98d9da7396615227bb011952a6,b5ab8f51d35b64af079485e5bbbc335213f3a0ae,CAD,Executed,v3,,,64c370a753b1db282770cdbf2aba5434a3185b3d,vertical 2,type 8,7.01,9e2b06736b477b7a924f60de14a7e329d82d6f4f,2009-12-10 09:41:01.371915,2009-12-10 09:42:22.533000,2009-12-10 09:41:10.267200,2009-12-10 09:42:21.260408,,2009-12-10 09:41:01.942697,2009-12-10 09:42:18.026528,2009-12-10 09:42:22.533000
11bf428ed0c89437ddcc22431ee656cf6e8c1fe5,34a0061ba48d1c2810cd930dd69d42482ca92d85,CAD,Executed,v3,,,64c370a753b1db282770cdbf2aba5434a3185b3d,vertical 2,type 8,2.5,9e2b06736b477b7a924f60de14a7e329d82d6f4f,2009-11-22 06:27:16.839858,2009-11-22 06:27:50.663000,2009-11-22 06:27:28.711904,2009-11-22 06:27:48.280576,,2009-11-22 06:27:23.906726,2009-11-22 06:27:46.824341,2009-11-22 06:27:50.663000
90ea07038070b3ac71d8fd9b02dfade36df31ce5,b5ab8f51d35b64af079485e5bbbc335213f3a0ae,CAD,Executed,v3,,,64c370a753b1db282770cdbf2aba5434a3185b3d,vertical 2,type 8,20.0,9e2b06736b477b7a924f60de14a7e329d82d6f4f,2009-11-25 08:55:08.740262,2009-11-25 08:55:53.027000,2009-11-25 08:55:15.742287,2009-11-25 08:55:52.735690,,2009-11-25 08:55:09.289666,2009-11-25 08:55:51.268616,2009-11-25 08:55:53.027000
dec5d3c4aef2e31181d3febd2f0c091eb651b310,e8085010136a26d0ebc200ac0751b1d9d673a764,CAD,Executed,v3,,,64c370a753b1db282770cdbf2aba5434a3185b3d,vertical 2,type 8,5.0,9e2b06736b477b7a924f60de14a7e329d82d6f4f,2009-11-28 07:11:47.854032,2009-11-28 07:12:18.327000,2009-11-28 07:11:57.992566,2009-11-28 07:12:18.327000,,2009-11-28 07:11:54.358775,2009-11-28 07:12:15.694853,2009-11-28 07:12:18.327000
35a0972525c3ae1d47db857e6d605dd48c78878d,e8085010136a26d0ebc200ac0751b1d9d673a764,CAD,Executed,v3,,,64c370a753b1db282770cdbf2aba5434a3185b3d,vertical 2,type 8,24.09,9e2b06736b477b7a924f60de14a7e329d82d6f4f,2010-01-24 13:30:01.119133,2010-01-24 13:30:28.508328,2010-01-24 13:30:08.538539,2010-01-24 13:30:28.508328,,2010-01-24 13:30:04.165455,2010-01-24 13:30:24.326254,2010-01-24 13:30:28.063000
b526499b33cc7b5eef6911837cea1cbd8414d88d,3674b4d292131698ba6c946dda67a8fd8b63f12a,CAD,Executed,v3,,,64c370a753b1db282770cdbf2aba5434a3185b3d,vertical 2,type 8,2.0,9e2b06736b477b7a924f60de14a7e329d82d6f4f,2009-11-07 08:25:18.976422,2009-11-07 08:25:41.940000,2009-11-07 08:25:23.448455,2009-11-07 08:25:41.940000,,2009-11-07 08:25:19.880192,2009-11-07 08:25:40.868326,2009-11-07 08:25:41.940000
56f0b4e9351a34a7918405d46a1cffc56d5f71c2,6cd7d8d37b110668afdca42fc0e1d366b322783e,CAD,failed,v3,expired,initiated,64c370a753b1db282770cdbf2aba5434a3185b3d,vertical 2,type 8,6.95,9e2b06736b477b7a924f60de14a7e329d82d6f4f,2009-11-28 07:33:43.620369,2009-11-28 07:48:43.776511,2009-11-28 07:33:53.870505,,2009-11-28 07:48:43.776511,2009-11-28 07:33:46.952098,,
78d984630b12a84a5bcb91095edcb370d42cbb03,fa485aff3f9e34d55d25f78856d4a2526a5f8e6f,CAD,Executed,v3,,,1911acfcfdc29f5349706da6c1494009e7125da0,vertical 5,type 8,1.5,9e2b06736b477b7a924f60de14a7e329d82d6f4f,2010-02-09 16:04:35.524388,2010-02-09 16:04:57.600000,2010-02-09 16:04:40.525088,2010-02-09 16:04:57.600000,,2010-02-09 16:04:38.706759,2010-02-09 16:04:55.254496,2010-02-09 16:04:57.600000
baadc1abef4a98d58cdb7b2b51fe81de22a42862,34a0061ba48d1c2810cd930dd69d42482ca92d85,CAD,Executed,v3,,,64c370a753b1db282770cdbf2aba5434a3185b3d,vertical 2,type 8,10.0,9e2b06736b477b7a924f60de14a7e329d82d6f4f,2009-11-10 09:08:57.699264,2009-11-10 09:09:20.830761,2009-11-10 09:09:03.371570,2009-11-10 09:09:20.830761,,2009-11-10 09:08:58.142190,2009-11-10 09:09:19.548460,2009-11-10 09:09:20.743000
a1426cc8a47e759b06e1e542f8e50b9004c07910,b5ab8f51d35b64af079485e5bbbc335213f3a0ae,CAD,Executed,v3,,,64c370a753b1db282770cdbf2aba5434a3185b3d,vertical 2,type 8,10.0,9e2b06736b477b7a924f60de14a7e329d82d6f4f,2009-12-20 08:44:39.453574,2009-12-20 08:45:19.523000,2009-12-20 08:44:49.272275,2009-12-20 08:45:17.290618,,2009-12-20 08:44:43.198188,2009-12-20 08:45:15.666953,2009-12-20 08:45:19.523000
2727ece510f1337dd7f09daea324b916b9734154,34a0061ba48d1c2810cd930dd69d42482ca92d85,CAD,Executed,v3,,,64c370a753b1db282770cdbf2aba5434a3185b3d,vertical 2,type 8,10.0,9e2b06736b477b7a924f60de14a7e329d82d6f4f,2009-09-12 08:09:22.348398,2009-09-12 08:10:02.856689,2009-09-12 08:09:29.906177,2009-09-12 08:09:59.942737,,2009-09-12 08:09:23.250045,2009-09-12 08:09:58.594049,2009-09-12 08:10:02.856689
8038bcc9850a4b3f54a6fc853901b3b702b68bd7,660054a4565377c6e43ff7709abf56d8494ba604,CAD,Executed,v3,,,01e10adf72398bdf40b668926be2809ccf68b4dd,vertical 2,type 8,12.83,9e2b06736b477b7a924f60de14a7e329d82d6f4f,2008-05-03 15:10:54.367816,2008-05-03 15:11:18.846558,2008-05-03 15:10:59.644698,2008-05-03 15:11:18.846558,,2008-05-03 15:10:54.367816,2008-05-03 15:11:16.339883,
f966f7590ff5398b47ef9a7d73e9487a148c4ee1,b5ab8f51d35b64af079485e5bbbc335213f3a0ae,CAD,Executed,v3,,,01e10adf72398bdf40b668926be2809ccf68b4dd,vertical 2,type 8,0.97,9e2b06736b477b7a924f60de14a7e329d82d6f4f,2009-12-13 08:54:12.258425,2009-12-13 08:55:01.571742,2009-12-13 08:54:19.731029,2009-12-13 08:55:01.571742,,2009-12-13 08:54:13.881921,2009-12-13 08:54:59.849841,
a5b648830254b83db04c628f0670ad71030ffb92,4d762ce64874cd49be593313e92a1e61cf74417e,CAD,Executed,v3,,,64c370a753b1db282770cdbf2aba5434a3185b3d,vertical 2,type 8,10.0,9e2b06736b477b7a924f60de14a7e329d82d6f4f,2009-10-08 10:50:54.986229,2009-10-08 10:51:29.114748,2009-10-08 10:51:00.842098,2009-10-08 10:51:29.114748,,2009-10-08 10:50:56.231483,2009-10-08 10:51:28.887263,2009-10-08 10:51:29.114748
6cfd81d942932472193c2aadb4bdae1f5ad17ed6,e8085010136a26d0ebc200ac0751b1d9d673a764,CAD,Executed,v3,,,64c370a753b1db282770cdbf2aba5434a3185b3d,vertical 2,type 8,3.58,9e2b06736b477b7a924f60de14a7e329d82d6f4f,2009-11-15 07:28:40.126378,2009-11-15 07:29:08.187000,2009-11-15 07:28:45.999589,2009-11-15 07:29:08.112749,,2009-11-15 07:28:40.664213,2009-11-15 07:29:05.036122,2009-11-15 07:29:08.187000
09367980458fd6dee4d2050efe00e00b185aca1d,6cd7d8d37b110668afdca42fc0e1d366b322783e,CAD,Executed,v3,,,64c370a753b1db282770cdbf2aba5434a3185b3d,vertical 2,type 8,99.05,9e2b06736b477b7a924f60de14a7e329d82d6f4f,2009-10-01 10:11:35.951625,2009-10-01 10:12:14.279402,2009-10-01 10:11:43.889635,2009-10-01 10:12:13.947236,,2009-10-01 10:11:36.986967,2009-10-01 10:12:12.405339,2009-10-01 10:12:14.279402
2d6819808c8a57eaf48c3036de2de45b4554f682,6926610db1dfc17aca46a6f67789d7d6c24a7185,CAD,Executed,v3,,,64c370a753b1db282770cdbf2aba5434a3185b3d,vertical 2,type 8,1.97,9e2b06736b477b7a924f60de14a7e329d82d6f4f,2009-08-29 07:16:06.243939,2009-08-29 07:17:10.462418,2009-08-29 07:16:14.337025,2009-08-29 07:17:10.191756,,2009-08-29 07:16:07.211145,2009-08-29 07:17:08.649616,2009-08-29 07:17:10.462418
b4954bcb678566700acac0bc7b712a75f9f8b17c,eb1c4738ae6ac9c907a46a541af2d02d6be2f05b,CAD,Executed,v3,,,f01dc54a26fe2a3def3dee28f7fb7c56c83ee7e7,vertical 5,type 8,1.0,9e2b06736b477b7a924f60de14a7e329d82d6f4f,2010-01-08 21:34:07.490881,2010-01-08 21:34:36.040000,2010-01-08 21:34:12.749402,2010-01-08 21:34:35.976332,,2010-01-08 21:34:10.801955,2010-01-08 21:34:34.383345,2010-01-08 21:34:36.040000
074d00bf32c6fa0e3d4edb4912171afb9c939f12,b5ab8f51d35b64af079485e5bbbc335213f3a0ae,CAD,Executed,v3,,,f01dc54a26fe2a3def3dee28f7fb7c56c83ee7e7,vertical 5,type 8,1.0,9e2b06736b477b7a924f60de14a7e329d82d6f4f,2009-09-06 08:17:05.955161,2009-09-06 08:17:47.211993,2009-09-06 08:17:11.627779,2009-09-06 08:17:47.007201,,2009-09-06 08:17:08.368505,2009-09-06 08:17:45.317469,2009-09-06 08:17:47.211993
5ee4c2b5e5f7cec5ac7cb7f6198ea068219245f1,660054a4565377c6e43ff7709abf56d8494ba604,CAD,Executed,v3,,,f01dc54a26fe2a3def3dee28f7fb7c56c83ee7e7,vertical 5,type 8,2.0,9e2b06736b477b7a924f60de14a7e329d82d6f4f,2010-01-06 07:45:00.009005,2010-01-06 07:45:31.230000,2010-01-06 07:45:06.977768,2010-01-06 07:45:31.230000,,2010-01-06 07:45:03.000599,2010-01-06 07:45:30.344184,2010-01-06 07:45:31.230000
e87ac9db3f426b199728315bb11a3e338a6f7ebf,7b0989e83b311f16897c87d015e25d5d1838f3f0,USD,authorizing,v3,,,6e00ad8c3ecee4ef5ba5f8ddf15527a0493951a9,vertical 2,type 6,50.0,6cdea52ce51f6e135c958a0e37b24c58f571b638,2008-01-22 10:43:05.188775,2008-01-22 10:43:05.526691,2008-01-22 10:43:05.526691,,,2008-01-22 10:43:05.423952,,
24e47ee4cd441d8f2ddb04579bd1dc1533a65f1a,e9b3eef71fa711e7f8be41affba46f0a1727713d,USD,failed,v3,not_authorized,authorizing,6e00ad8c3ecee4ef5ba5f8ddf15527a0493951a9,vertical 2,type 3,1.0,1ef393c389ad6e2b2d4d865f843dcf351b1d19f5,2008-02-18 21:19:40.519036,2008-02-18 21:23:35.067381,2008-02-18 21:19:41.108762,,2008-02-18 21:23:35.067381,2008-02-18 21:19:40.519036,,
2bdc034a72f050f7a0c7827d50f567fed566b4ff,b5ab8f51d35b64af079485e5bbbc335213f3a0ae,CAD,Executed,v3,,,64c370a753b1db282770cdbf2aba5434a3185b3d,vertical 2,type 8,14.6,9e2b06736b477b7a924f60de14a7e329d82d6f4f,2009-08-04 19:31:10.330091,2009-08-04 19:32:41.856040,2009-08-04 19:31:18.810077,2009-08-04 19:32:41.392314,,2009-08-04 19:31:11.252750,2009-08-04 19:32:39.507505,2009-08-04 19:32:41.856040
c99abe9ccbf381f12bd2a15ca418ff5fbab123ac,b5ab8f51d35b64af079485e5bbbc335213f3a0ae,CAD,Executed,v3,,,64c370a753b1db282770cdbf2aba5434a3185b3d,vertical 2,type 8,2.58,9e2b06736b477b7a924f60de14a7e329d82d6f4f,2009-11-10 11:44:50.258697,2009-11-10 11:45:31.650917,2009-11-10 11:44:56.657270,2009-11-10 11:45:31.650917,,2009-11-10 11:44:51.489417,2009-11-10 11:45:30.035760,2009-11-10 11:45:31.540000
4aad0fbcc4bb028718a1225477a393baa499bb22,b5ab8f51d35b64af079485e5bbbc335213f3a0ae,CAD,Executed,v3,,,f01dc54a26fe2a3def3dee28f7fb7c56c83ee7e7,vertical 5,type 8,0.61,9e2b06736b477b7a924f60de14a7e329d82d6f4f,2009-09-08 08:12:17.968809,2009-09-08 08:12:37.489283,2009-09-08 08:12:22.737982,2009-09-08 08:12:37.189651,,2009-09-08 08:12:21.051580,2009-09-08 08:12:35.284863,2009-09-08 08:12:37.489283
8d109b658b96e620555b4b33a380d3e010e415f7,b5ab8f51d35b64af079485e5bbbc335213f3a0ae,CAD,Executed,v3,,,f01dc54a26fe2a3def3dee28f7fb7c56c83ee7e7,vertical 5,type 8,1.1,9e2b06736b477b7a924f60de14a7e329d82d6f4f,2010-02-03 05:22:58.607895,2010-02-03 05:23:33.913000,2010-02-03 05:23:06.661150,2010-02-03 05:23:31.996584,,2010-02-03 05:23:04.919299,2010-02-03 05:23:30.380583,2010-02-03 05:23:33.913000
09d64d3186f08ca4ab9764ee8a78d046273f5088,6cd7d8d37b110668afdca42fc0e1d366b322783e,CAD,Executed,v3,,,6e00ad8c3ecee4ef5ba5f8ddf15527a0493951a9,vertical 2,type 8,2.5,9e2b06736b477b7a924f60de14a7e329d82d6f4f,2008-01-26 17:54:02.309988,2008-01-26 17:55:20.041420,2008-01-26 17:54:03.873099,2008-01-26 17:55:20.041420,,2008-01-26 17:54:02.309988,2008-01-26 17:55:18.913090,
734ce0d4480648692986c2977fabcea33fb3cf52,f013de7e1aee607a6c2f86a5c09b2017a5813be0,USD,Executed,v3,,,6e00ad8c3ecee4ef5ba5f8ddf15527a0493951a9,vertical 2,type 6,20.0,1ef393c389ad6e2b2d4d865f843dcf351b1d19f5,2008-02-16 07:33:38.993034,2008-02-16 07:34:41.396129,2008-02-16 07:33:39.622876,2008-02-16 07:34:41.396129,,2008-02-16 07:33:38.993034,2008-02-16 07:34:10.234087,
24342951fbd8562ceb84291ee6946207eed0b497,9c23cc6c80b5af209d7f2be501e4d77cb9657429,USD,Executed,v3,,,6e00ad8c3ecee4ef5ba5f8ddf15527a0493951a9,vertical 2,type 3,39.79,37eec10a53dd5fd2f024a17be5961dfceb0c66e6,2008-02-26 07:35:30.177939,2008-02-26 07:35:50.240175,2008-02-26 07:35:31.173703,2008-02-26 07:35:50.240175,,2008-02-26 07:35:30.177939,2008-02-26 07:35:48.003536,
928214e1427d6353c00027b3fef96c6fb78e9c89,e67095adf654ddc631bcfd3f7aa3c7e43424ce0f,CAD,failed,v3,expired,authorizing,6e00ad8c3ecee4ef5ba5f8ddf15527a0493951a9,vertical 2,type 8,1.0,9e2b06736b477b7a924f60de14a7e329d82d6f4f,2008-02-22 05:34:05.541669,2008-02-22 05:49:05.619520,2008-02-22 05:34:06.657123,,2008-02-22 05:49:05.619520,2008-02-22 05:34:05.541669,,
98be77835c65b91dfe81f1047759b86182146780,b5ab8f51d35b64af079485e5bbbc335213f3a0ae,CAD,Executed,v3,,,f66f2f438fc87dd7deff8e022a67cc5d71aa6968,vertical 2,type 8,7.49,9e2b06736b477b7a924f60de14a7e329d82d6f4f,2009-09-01 11:46:32.447180,2009-09-01 11:47:22.262484,2009-09-01 11:46:42.304016,2009-09-01 11:47:21.464743,,2009-09-01 11:46:33.311797,2009-09-01 11:47:19.670516,2009-09-01 11:47:22.262484
dce47d77baff25bf1f34c2b719c3135dbbd450cd,660054a4565377c6e43ff7709abf56d8494ba604,CAD,Executed,v3,,,f01dc54a26fe2a3def3dee28f7fb7c56c83ee7e7,vertical 5,type 8,4.0,9e2b06736b477b7a924f60de14a7e329d82d6f4f,2009-10-21 21:39:21.794454,2009-10-21 21:39:53.737645,2009-10-21 21:39:26.835821,2009-10-21 21:39:53.737645,,2009-10-21 21:39:25.163552,2009-10-21 21:39:51.832656,2009-10-21 21:39:53.737645
e557c67941c5980cddd94964c51765c17c70dfa3,b5ab8f51d35b64af079485e5bbbc335213f3a0ae,CAD,Executed,v3,,,f66f2f438fc87dd7deff8e022a67cc5d71aa6968,vertical 2,type 8,6.0,9e2b06736b477b7a924f60de14a7e329d82d6f4f,2009-11-23 23:54:20.596583,2009-11-23 23:55:02.833334,2009-11-23 23:54:27.348377,2009-11-23 23:55:02.833334,,2009-11-23 23:54:23.458405,2009-11-23 23:55:01.251800,2009-11-23 23:55:02.713000
37224aa72e08aa1bf575a338f8ffd1d636841d05,6cd7d8d37b110668afdca42fc0e1d366b322783e,CAD,Executed,v3,,,f66f2f438fc87dd7deff8e022a67cc5d71aa6968,vertical 2,type 8,100.0,9e2b06736b477b7a924f60de14a7e329d82d6f4f,2010-02-05 05:45:27.874641,2010-02-05 05:46:08.162566,2010-02-05 05:45:38.395400,2010-02-05 05:46:08.162566,,2010-02-05 05:45:31.608582,2010-02-05 05:46:06.848112,2010-02-05 05:46:07.807000
b5dcdd37470515d5866ba10e6f9e7af67954699e,b5ab8f51d35b64af079485e5bbbc335213f3a0ae,CAD,failed,v3,canceled,authorizing,64c370a753b1db282770cdbf2aba5434a3185b3d,vertical 2,type 8,2.27,9e2b06736b477b7a924f60de14a7e329d82d6f4f,2010-01-29 22:07:38.114959,2010-01-29 22:07:57.669977,,,2010-01-29 22:07:57.669977,2010-01-29 22:07:41.696528,,
7c2ddcf192bbe71a801d99a77c21e8ed23e71499,e8085010136a26d0ebc200ac0751b1d9d673a764,CAD,Executed,v3,,,64c370a753b1db282770cdbf2aba5434a3185b3d,vertical 2,type 8,2.5,9e2b06736b477b7a924f60de14a7e329d82d6f4f,2010-02-06 11:23:28.336090,2010-02-06 11:23:53.297000,2010-02-06 11:23:35.198340,2010-02-06 11:23:53.297000,,2010-02-06 11:23:31.217756,2010-02-06 11:23:50.683066,2010-02-06 11:23:53.297000
60d9ad10c8632f7043ed63379a82121d81e22d81,b5ab8f51d35b64af079485e5bbbc335213f3a0ae,CAD,Executed,v3,,,64c370a753b1db282770cdbf2aba5434a3185b3d,vertical 2,type 8,4.19,9e2b06736b477b7a924f60de14a7e329d82d6f4f,2009-12-04 14:52:38.396714,2009-12-04 14:53:13.197000,2009-12-04 14:52:51.281254,2009-12-04 14:53:13.197000,,2009-12-04 14:52:41.750211,2009-12-04 14:53:11.894656,2009-12-04 14:53:13.197000
b0039143bc3c117ec5e6940a35005ae5487aac4d,b5ab8f51d35b64af079485e5bbbc335213f3a0ae,CAD,Executed,v3,,,f01dc54a26fe2a3def3dee28f7fb7c56c83ee7e7,vertical 5,type 8,1.0,9e2b06736b477b7a924f60de14a7e329d82d6f4f,2010-01-15 22:31:43.230969,2010-01-15 22:32:04.097000,2010-01-15 22:31:46.738120,2010-01-15 22:32:03.954087,,2010-01-15 22:31:45.259707,2010-01-15 22:32:02.037107,2010-01-15 22:32:04.097000
734f794beda3688f6ff825736d8522b36b25d8dd,6cd7d8d37b110668afdca42fc0e1d366b322783e,CAD,failed,v3,expired,initiated,64c370a753b1db282770cdbf2aba5434a3185b3d,vertical 2,type 8,29.7,9e2b06736b477b7a924f60de14a7e329d82d6f4f,2010-02-09 04:53:09.774560,2010-02-09 05:08:10.004347,2010-02-09 04:53:17.058275,,2010-02-09 05:08:10.004347,2010-02-09 04:53:13.282813,,
c85419c6e6fad9f31e4cdca8b909e7915e5d9585,660054a4565377c6e43ff7709abf56d8494ba604,CAD,Executed,v3,,,f01dc54a26fe2a3def3dee28f7fb7c56c83ee7e7,vertical 5,type 8,1.0,9e2b06736b477b7a924f60de14a7e329d82d6f4f,2009-11-11 14:32:52.517014,2009-11-11 14:33:21.253000,2009-11-11 14:32:58.705053,2009-11-11 14:33:21.253000,,2009-11-11 14:32:56.898738,2009-11-11 14:33:19.419984,2009-11-11 14:33:21.253000
4bd6e9c5ec528c3af397b14a4a40a233ff05df24,b5ab8f51d35b64af079485e5bbbc335213f3a0ae,CAD,Executed,v3,,,f66f2f438fc87dd7deff8e022a67cc5d71aa6968,vertical 2,type 8,10.0,9e2b06736b477b7a924f60de14a7e329d82d6f4f,2010-01-06 11:41:21.287481,2010-01-06 11:42:10.053000,2010-01-06 11:41:28.321629,2010-01-06 11:42:07.443324,,2010-01-06 11:41:24.357139,2010-01-06 11:42:05.592507,2010-01-06 11:42:10.053000
59fe5130100fce52fb15bfe53af0fb17193cb586,0090e57640ed78b0c16ac4606a6773769545bb17,CAD,failed,v3,expired,initiated,f66f2f438fc87dd7deff8e022a67cc5d71aa6968,vertical 2,type 8,2.0,9e2b06736b477b7a924f60de14a7e329d82d6f4f,2009-09-03 11:04:28.071365,2009-09-03 11:19:28.281024,2009-09-03 11:04:38.043799,,2009-09-03 11:19:28.281024,2009-09-03 11:04:29.386251,,
3b3bc162aaa3f4af4b2550fb3a7ee1a25d69ae2b,4d762ce64874cd49be593313e92a1e61cf74417e,CAD,failed,v3,expired,initiated,f66f2f438fc87dd7deff8e022a67cc5d71aa6968,vertical 2,type 8,1.5,9e2b06736b477b7a924f60de14a7e329d82d6f4f,2010-01-30 21:03:25.016178,2010-01-30 21:18:25.124686,2010-01-30 21:03:41.597092,,2010-01-30 21:18:25.124686,2010-01-30 21:03:31.636903,,
3a927823c23f8c0483e5c22fc62d68bbb0fb919c,e8085010136a26d0ebc200ac0751b1d9d673a764,CAD,Executed,v3,,,64c370a753b1db282770cdbf2aba5434a3185b3d,vertical 2,type 8,9.92,9e2b06736b477b7a924f60de14a7e329d82d6f4f,2009-07-23 16:40:36.686230,2009-07-23 16:41:08.619441,2009-07-23 16:40:43.427495,2009-07-23 16:41:07.980042,,2009-07-23 16:40:37.722451,2009-07-23 16:41:04.905970,2009-07-23 16:41:08.619441
c335656b851c116fc45a2592fb0ee7f1e5d40fb9,0090e57640ed78b0c16ac4606a6773769545bb17,CAD,failed,v3,expired,authorization_required,f01dc54a26fe2a3def3dee28f7fb7c56c83ee7e7,vertical 5,type 8,0.5,9e2b06736b477b7a924f60de14a7e329d82d6f4f,2010-01-22 01:34:02.813545,2010-01-22 01:49:03.048160,,,2010-01-22 01:49:03.048160,,,
e1f189b10796fd3e6dca16d045f73312c8fb0010,e8085010136a26d0ebc200ac0751b1d9d673a764,CAD,Executed,v3,,,f01dc54a26fe2a3def3dee28f7fb7c56c83ee7e7,vertical 5,type 8,2.0,9e2b06736b477b7a924f60de14a7e329d82d6f4f,2010-02-04 18:14:11.383145,2010-02-04 18:14:35.780618,2010-02-04 18:14:16.594210,2010-02-04 18:14:35.780618,,2010-02-04 18:14:14.962989,2010-02-04 18:14:33.126394,2010-02-04 18:14:35.697000
c88577b1cf4cec76020d60a3ce13357bb4d57b82,fa485aff3f9e34d55d25f78856d4a2526a5f8e6f,CAD,Executed,v3,,,f01dc54a26fe2a3def3dee28f7fb7c56c83ee7e7,vertical 5,type 8,0.5,9e2b06736b477b7a924f60de14a7e329d82d6f4f,2009-11-23 12:41:35.850252,2009-11-23 12:41:55.385477,2009-11-23 12:41:40.473909,2009-11-23 12:41:55.385477,,2009-11-23 12:41:38.799661,2009-11-23 12:41:52.728937,2009-11-23 12:41:54.787000
8f9c58afcbda402aa7b320fbd5db9c356bc02c87,e8085010136a26d0ebc200ac0751b1d9d673a764,CAD,failed,v3,canceled,initiated,f01dc54a26fe2a3def3dee28f7fb7c56c83ee7e7,vertical 5,type 8,0.9,9e2b06736b477b7a924f60de14a7e329d82d6f4f,2009-12-13 11:13:51.503809,2009-12-13 11:14:17.768737,2009-12-13 11:13:58.832692,,2009-12-13 11:14:17.768737,2009-12-13 11:13:54.342888,,
f327d3149e242e553e4824e26018b31262ea0355,6926610db1dfc17aca46a6f67789d7d6c24a7185,CAD,Executed,v3,,,f01dc54a26fe2a3def3dee28f7fb7c56c83ee7e7,vertical 5,type 8,0.5,9e2b06736b477b7a924f60de14a7e329d82d6f4f,2009-08-14 09:18:48.619636,2009-08-14 09:19:31.665330,2009-08-14 09:18:58.579928,2009-08-14 09:19:31.665330,,2009-08-14 09:18:51.158685,2009-08-14 09:19:30.595115,2009-08-14 09:19:31.665330
5c5a6a284d2d0494e8556112eadbae55af0a7e50,b5ab8f51d35b64af079485e5bbbc335213f3a0ae,CAD,Executed,v3,,,f01dc54a26fe2a3def3dee28f7fb7c56c83ee7e7,vertical 5,type 8,1.0,9e2b06736b477b7a924f60de14a7e329d82d6f4f,2009-10-04 10:42:01.384375,2009-10-04 10:42:22.903516,2009-10-04 10:42:06.172354,2009-10-04 10:42:22.858800,,2009-10-04 10:42:04.469992,2009-10-04 10:42:21.007296,2009-10-04 10:42:22.903516
2d5822038e1e6a9218002865b9570b133d130d0a,6cd7d8d37b110668afdca42fc0e1d366b322783e,CAD,Executed,v3,,,64c370a753b1db282770cdbf2aba5434a3185b3d,vertical 2,type 8,8.0,9e2b06736b477b7a924f60de14a7e329d82d6f4f,2009-11-02 21:31:07.868876,2009-11-02 21:32:12.792745,2009-11-02 21:31:19.644079,2009-11-02 21:32:11.019409,,2009-11-02 21:31:08.806940,2009-11-02 21:32:09.543633,2009-11-02 21:32:12.792745
08edda5db20404d7049be1a54d22ef91c3fbd2cc,e8085010136a26d0ebc200ac0751b1d9d673a764,CAD,Executed,v3,,,64c370a753b1db282770cdbf2aba5434a3185b3d,vertical 2,type 8,10.0,9e2b06736b477b7a924f60de14a7e329d82d6f4f,2009-09-06 15:35:34.283164,2009-09-06 15:36:03.338412,2009-09-06 15:35:39.105888,2009-09-06 15:36:03.338412,,2009-09-06 15:35:35.256292,2009-09-06 15:35:59.667318,2009-09-06 15:36:03.338412
dde2ab07335816713622cba6fedac2d1a564606e,6926610db1dfc17aca46a6f67789d7d6c24a7185,CAD,Executed,v3,,,f66f2f438fc87dd7deff8e022a67cc5d71aa6968,vertical 2,type 8,2.0,9e2b06736b477b7a924f60de14a7e329d82d6f4f,2009-08-13 09:24:46.218288,2009-08-13 09:25:27.186175,2009-08-13 09:24:52.824291,2009-08-13 09:25:26.800360,,2009-08-13 09:24:47.135322,2009-08-13 09:25:25.335001,2009-08-13 09:25:27.186175
558998a6749c05ffb982b9512c9f174665d35296,fa485aff3f9e34d55d25f78856d4a2526a5f8e6f,CAD,Executed,v3,,,f66f2f438fc87dd7deff8e022a67cc5d71aa6968,vertical 2,type 8,2.0,9e2b06736b477b7a924f60de14a7e329d82d6f4f,2009-08-01 07:21:21.067819,2009-08-01 07:21:47.960713,2009-08-01 07:21:32.098014,2009-08-01 07:21:47.960713,,2009-08-01 07:21:21.796050,2009-08-01 07:21:45.690385,2009-08-01 07:21:47.960713
fe5d4fd0a1550dae22eb462044f8c9ee3e558da8,b5ab8f51d35b64af079485e5bbbc335213f3a0ae,CAD,failed,v3,expired,initiated,f66f2f438fc87dd7deff8e022a67cc5d71aa6968,vertical 2,type 8,5.0,9e2b06736b477b7a924f60de14a7e329d82d6f4f,2009-08-25 12:24:35.730912,2009-08-25 12:39:35.898261,2009-08-25 12:24:47.169630,,2009-08-25 12:39:35.898261,2009-08-25 12:24:38.763872,,
7b1d4d39e93d493a33d0073e7295615dc27dfdaf,f4203d6b7658cb7252d6afdf95a6b692e93c2f7b,CAD,Executed,v3,,,f66f2f438fc87dd7deff8e022a67cc5d71aa6968,vertical 2,type 8,7.0,9e2b06736b477b7a924f60de14a7e329d82d6f4f,2010-01-09 07:45:47.351740,2010-01-09 07:46:18.430000,2010-01-09 07:45:52.118365,2010-01-09 07:46:18.430000,,2010-01-09 07:45:48.142915,2010-01-09 07:46:16.696716,2010-01-09 07:46:18.430000
c10906ac67fce2ec96069566576f249447ed05ce,b5ab8f51d35b64af079485e5bbbc335213f3a0ae,CAD,Executed,v3,,,f66f2f438fc87dd7deff8e022a67cc5d71aa6968,vertical 2,type 8,11.92,9e2b06736b477b7a924f60de14a7e329d82d6f4f,2009-08-07 17:01:28.025843,2009-08-07 17:02:30.530549,2009-08-07 17:01:38.955656,2009-08-07 17:02:24.812866,,2009-08-07 17:01:31.709585,2009-08-07 17:02:22.903373,2009-08-07 17:02:30.530549
7efa7858563e60705e020447fbda7d8128f8c6ba,b5ab8f51d35b64af079485e5bbbc335213f3a0ae,CAD,Executed,v3,,,f01dc54a26fe2a3def3dee28f7fb7c56c83ee7e7,vertical 5,type 8,10.0,9e2b06736b477b7a924f60de14a7e329d82d6f4f,2009-10-10 23:45:56.490465,2009-10-10 23:46:16.640980,2009-10-10 23:46:00.067696,2009-10-10 23:46:15.638784,,2009-10-10 23:45:58.468381,2009-10-10 23:46:13.906077,2009-10-10 23:46:16.640980
5afe7cd6346469f7b0c4c39e58ce99f9fd43db0c,e8085010136a26d0ebc200ac0751b1d9d673a764,CAD,Executed,v3,,,f66f2f438fc87dd7deff8e022a67cc5d71aa6968,vertical 2,type 8,17.2,9e2b06736b477b7a924f60de14a7e329d82d6f4f,2009-10-28 07:46:37.775945,2009-10-28 07:47:16.168061,2009-10-28 07:46:46.315831,2009-10-28 07:47:16.168061,,2009-10-28 07:46:38.414864,2009-10-28 07:47:12.197448,2009-10-28 07:47:16.168061
3ab76d7c3f1c529aae85fdd6faf36e9b9bfde9f6,34a0061ba48d1c2810cd930dd69d42482ca92d85,CAD,Executed,v3,,,64c370a753b1db282770cdbf2aba5434a3185b3d,vertical 2,type 8,13.83,9e2b06736b477b7a924f60de14a7e329d82d6f4f,2010-01-25 05:42:03.313720,2010-01-25 06:09:30.740000,2010-01-25 05:42:08.947359,2010-01-25 05:42:33.544280,,2010-01-25 05:42:03.887647,2010-01-25 05:42:32.246756,2010-01-25 06:09:30.740000
fbe32dd2ddd5156682281d7797f747008e8633b4,4d762ce64874cd49be593313e92a1e61cf74417e,CAD,Executed,v3,,,f66f2f438fc87dd7deff8e022a67cc5d71aa6968,vertical 2,type 8,0.7,9e2b06736b477b7a924f60de14a7e329d82d6f4f,2009-12-31 02:15:33.934467,2009-12-31 02:16:11.923050,2009-12-31 02:15:45.199984,2009-12-31 02:16:11.923050,,2009-12-31 02:15:37.405497,2009-12-31 02:16:11.558018,2009-12-31 02:16:11.533000
86a8b5991570bd61989db439892c4c5b882b5d3c,34a0061ba48d1c2810cd930dd69d42482ca92d85,CAD,Executed,v3,,,f01dc54a26fe2a3def3dee28f7fb7c56c83ee7e7,vertical 5,type 8,2.0,9e2b06736b477b7a924f60de14a7e329d82d6f4f,2009-11-18 22:46:30.298329,2009-11-18 22:47:07.457000,2009-11-18 22:46:42.224293,2009-11-18 22:47:06.965126,,2009-11-18 22:46:40.280436,2009-11-18 22:47:05.478523,2009-11-18 22:47:07.457000
98b5042b70bc589f35920468824c5346ea01c561,660054a4565377c6e43ff7709abf56d8494ba604,CAD,Executed,v3,,,f01dc54a26fe2a3def3dee28f7fb7c56c83ee7e7,vertical 5,type 8,5.0,9e2b06736b477b7a924f60de14a7e329d82d6f4f,2009-10-27 22:21:18.892813,2009-10-27 22:22:05.031511,2009-10-27 22:21:23.030646,2009-10-27 22:22:05.031511,,2009-10-27 22:21:21.375286,2009-10-27 22:22:02.677370,2009-10-27 22:22:05.031511
96fa8c95b7882a6ec89c48a002dcd3ccad6af183,e8085010136a26d0ebc200ac0751b1d9d673a764,CAD,Executed,v3,,,d292da2283043c07accb1086a004caaf05472d44,vertical 5,type 8,20.0,9e2b06736b477b7a924f60de14a7e329d82d6f4f,2009-07-02 23:18:04.424202,2009-07-02 23:18:45.795258,2009-07-02 23:18:15.383982,2009-07-02 23:18:43.988037,,2009-07-02 23:18:10.461813,2009-07-02 23:18:40.967705,2009-07-02 23:18:45.795258
5b68935d054dbc030cabd559477faf4f40c53794,6926610db1dfc17aca46a6f67789d7d6c24a7185,CAD,failed,v3,provider_error,authorizing,d292da2283043c07accb1086a004caaf05472d44,vertical 5,type 8,2.3,9e2b06736b477b7a924f60de14a7e329d82d6f4f,2008-07-11 00:23:32.566499,2008-07-11 00:23:42.235912,,,2008-07-11 00:23:42.235912,2008-07-11 00:23:35.703477,,
0934fb8e6d2017a5891d57121322884380b5d363,e8085010136a26d0ebc200ac0751b1d9d673a764,CAD,Executed,v3,,,d292da2283043c07accb1086a004caaf05472d44,vertical 5,type 8,2.0,9e2b06736b477b7a924f60de14a7e329d82d6f4f,2009-08-14 01:30:23.167024,2009-08-14 01:30:52.731893,2009-08-14 01:30:28.324868,2009-08-14 01:30:52.201035,,2009-08-14 01:30:25.370292,2009-08-14 01:30:49.430333,2009-08-14 01:30:52.731893
b73097e07211a0c499c298f651d5cda8c68daa8c,660054a4565377c6e43ff7709abf56d8494ba604,CAD,failed,v3,user_canceled_at_provider,initiated,f66f2f438fc87dd7deff8e022a67cc5d71aa6968,vertical 2,type 8,4.8,9e2b06736b477b7a924f60de14a7e329d82d6f4f,2010-01-30 15:14:51.577431,2010-01-30 15:15:39.683895,2010-01-30 15:15:00.790530,,2010-01-30 15:15:39.683895,2010-01-30 15:14:56.379144,,
3a58ea8bec9ba210e43e3696062bf8ba0c00ef2a,b5ab8f51d35b64af079485e5bbbc335213f3a0ae,CAD,Executed,v3,,,f66f2f438fc87dd7deff8e022a67cc5d71aa6968,vertical 2,type 8,20.0,9e2b06736b477b7a924f60de14a7e329d82d6f4f,2010-02-06 07:05:46.696002,2010-02-06 07:06:13.812036,2010-02-06 07:05:55.094835,2010-02-06 07:06:13.812036,,2010-02-06 07:05:50.273961,2010-02-06 07:06:12.268114,2010-02-06 07:06:13.603000
de76dba21b04e6aa6adb4060ce4efd70b85ff13d,6926610db1dfc17aca46a6f67789d7d6c24a7185,CAD,Executed,v3,,,64c370a753b1db282770cdbf2aba5434a3185b3d,vertical 2,type 8,121.46,9e2b06736b477b7a924f60de14a7e329d82d6f4f,2009-10-10 09:26:29.586916,2009-10-10 09:27:12.962049,2009-10-10 09:26:36.159214,2009-10-10 09:27:12.090808,,2009-10-10 09:26:30.307231,2009-10-10 09:27:10.564455,2009-10-10 09:27:12.962049
68f541d1e72ba8c6b9b59875010b635449334314,4d762ce64874cd49be593313e92a1e61cf74417e,CAD,Executed,v3,,,d292da2283043c07accb1086a004caaf05472d44,vertical 5,type 8,2.5,9e2b06736b477b7a924f60de14a7e329d82d6f4f,2008-10-12 23:38:33.970431,2008-10-12 23:39:19.116324,2008-10-12 23:38:43.750989,2008-10-12 23:39:18.475528,,2008-10-12 23:38:40.131217,2008-10-12 23:39:18.474311,2008-10-12 23:39:19.116324
64f01855632520e45883507c283bd8e132a93546,34a0061ba48d1c2810cd930dd69d42482ca92d85,CAD,Executed,v3,,,f66f2f438fc87dd7deff8e022a67cc5d71aa6968,vertical 2,type 8,0.58,9e2b06736b477b7a924f60de14a7e329d82d6f4f,2009-12-31 04:39:03.312015,2009-12-31 04:39:31.360000,2009-12-31 04:39:15.165510,2009-12-31 04:39:31.243159,,2009-12-31 04:39:07.373738,2009-12-31 04:39:29.961856,2009-12-31 04:39:31.360000
ec7d514bebdc2130fe853aa9bcb891883ac9c0d3,4d762ce64874cd49be593313e92a1e61cf74417e,CAD,Executed,v3,,,f01dc54a26fe2a3def3dee28f7fb7c56c83ee7e7,vertical 5,type 8,0.5,9e2b06736b477b7a924f60de14a7e329d82d6f4f,2009-08-27 05:56:56.560561,2009-08-27 05:57:54.646362,2009-08-27 05:57:05.678104,2009-08-27 05:57:54.646362,,2009-08-27 05:57:02.791356,2009-08-27 05:57:54.237295,2009-08-27 05:57:54.646362
e5f0b3a31b31ad8c39378057b1d329c3c4f809f1,f4203d6b7658cb7252d6afdf95a6b692e93c2f7b,CAD,Executed,v3,,,f66f2f438fc87dd7deff8e022a67cc5d71aa6968,vertical 2,type 8,6.6,9e2b06736b477b7a924f60de14a7e329d82d6f4f,2009-07-08 08:45:57.712876,2009-07-08 08:46:34.688401,2009-07-08 08:46:18.878130,2009-07-08 08:46:34.688401,,2009-07-08 08:45:59.043022,2009-07-08 08:46:33.086085,2009-07-08 08:46:34.688401
d97793091a894de891d8a43538c946e549b07b36,34a0061ba48d1c2810cd930dd69d42482ca92d85,CAD,failed,v3,not_authorized,initiated,f01dc54a26fe2a3def3dee28f7fb7c56c83ee7e7,vertical 5,type 8,1.0,9e2b06736b477b7a924f60de14a7e329d82d6f4f,2009-11-08 21:46:51.581763,2009-11-08 21:47:07.669969,2009-11-08 21:46:55.923397,,2009-11-08 21:47:07.669969,2009-11-08 21:46:54.004177,,
d593995fa0138ac47320b9b899fcb8979a31aa52,fa485aff3f9e34d55d25f78856d4a2526a5f8e6f,CAD,Executed,v3,,,f66f2f438fc87dd7deff8e022a67cc5d71aa6968,vertical 2,type 8,4.82,9e2b06736b477b7a924f60de14a7e329d82d6f4f,2009-11-25 21:38:31.513453,2009-11-25 21:39:01.321390,2009-11-25 21:38:45.082116,2009-11-25 21:39:01.321390,,2009-11-25 21:38:35.349963,2009-11-25 21:38:58.719628,2009-11-25 21:39:01.070000
84b69174e04ddfc0d3eb72757da3f91bb9b1b116,0090e57640ed78b0c16ac4606a6773769545bb17,CAD,Executed,v3,,,6e00ad8c3ecee4ef5ba5f8ddf15527a0493951a9,vertical 2,type 8,3.0,9e2b06736b477b7a924f60de14a7e329d82d6f4f,2008-02-03 13:10:06.159429,2008-02-03 13:13:02.900834,2008-02-03 13:10:08.165356,2008-02-03 13:13:02.900834,,2008-02-03 13:10:06.159429,2008-02-03 13:12:59.117498,
d62f63a90c26ab6b6511ef3caac6e594f5c2c399,b5ab8f51d35b64af079485e5bbbc335213f3a0ae,CAD,Executed,v3,,,f66f2f438fc87dd7deff8e022a67cc5d71aa6968,vertical 2,type 8,2.42,9e2b06736b477b7a924f60de14a7e329d82d6f4f,2009-11-04 23:13:35.715246,2009-11-04 23:13:57.903000,2009-11-04 23:13:40.681110,2009-11-04 23:13:57.289585,,2009-11-04 23:13:36.556225,2009-11-04 23:13:55.739154,2009-11-04 23:13:57.903000
d43c41695ec4322714a9ddf3fa2cff539369654f,b5ab8f51d35b64af079485e5bbbc335213f3a0ae,CAD,Executed,v3,,,f66f2f438fc87dd7deff8e022a67cc5d71aa6968,vertical 2,type 8,14.0,9e2b06736b477b7a924f60de14a7e329d82d6f4f,2009-11-07 16:10:10.475793,2009-11-07 16:10:31.900000,2009-11-07 16:10:15.420332,2009-11-07 16:10:31.868481,,2009-11-07 16:10:11.301880,2009-11-07 16:10:30.323470,2009-11-07 16:10:31.900000
bc74290057fba9b51874239a89dd65110db0b41e,c6e647f7497bcd595c4e4cff311261cb006e88e5,USD,authorizing,v3,,,6e00ad8c3ecee4ef5ba5f8ddf15527a0493951a9,vertical 2,type 8,1.0,7ec009376b8bf0c03561b3f6ba251ab9d96efd42,2008-02-21 17:41:49.147211,2008-02-21 17:41:49.721200,2008-02-21 17:41:49.721200,,,2008-02-21 17:41:49.420923,,
96030547c25c5a19564acd401f882e9b9de9b39a,3eeb5d2bf319ebe9099e4161f993c47fa98822de,USD,Executed,v3,,,6e00ad8c3ecee4ef5ba5f8ddf15527a0493951a9,vertical 2,type 3,39.6,beb7a78398a040dadb3da1ba0474ba3899285e46,2008-02-27 10:26:03.678779,2008-02-27 10:26:57.131805,2008-02-27 10:26:04.902624,2008-02-27 10:26:57.131805,,2008-02-27 10:26:03.678779,2008-02-27 10:26:45.594015,
0672c523ec763e017176e75f856be9c65df33ff4,628c7618ec5bef64bbb9f61fa3c462692bf4520a,USD,Executed,v3,,,6e00ad8c3ecee4ef5ba5f8ddf15527a0493951a9,vertical 2,type 2,10.0,f69ad584c025f9b756ce1e8c70de3a33aef50b32,2008-02-09 10:52:37.593194,2008-02-09 10:56:57.257551,2008-02-09 10:52:38.489744,2008-02-09 10:56:57.257551,,2008-02-09 10:52:37.593194,2008-02-09 10:56:15.953046,
6f29a4ab43344b033ee550b75425e7eb4b990f8e,b7fdda6d8957d76f5537a7b43f39060422c52953,USD,Executed,v3,,,6e00ad8c3ecee4ef5ba5f8ddf15527a0493951a9,vertical 2,type 6,2.0,e663a75ca1d25c297c92ca032b7bd8d1af3b0b5c,2008-02-08 15:26:47.190672,2008-02-08 15:31:54.461263,2008-02-08 15:26:47.898329,2008-02-08 15:31:54.461263,,2008-02-08 15:26:47.190672,2008-02-08 15:29:13.467928,
967364d18cb39a936efcb98b6ea168bcb0895267,e9b3eef71fa711e7f8be41affba46f0a1727713d,USD,initiated,v3,,,6e00ad8c3ecee4ef5ba5f8ddf15527a0493951a9,vertical 2,type 3,80.0,1ef393c389ad6e2b2d4d865f843dcf351b1d19f5,2008-02-28 16:37:16.088629,2008-02-28 16:37:17.236703,2008-02-28 16:37:17.236703,,,2008-02-28 16:37:16.327532,,
f2eaa51b55ad2e42e628121e14b677acdbf68c22,312dccf7c915f4e8819eb22102edaf29d22e2922,USD,Executed,v3,,,6e00ad8c3ecee4ef5ba5f8ddf15527a0493951a9,vertical 2,type 6,50.0,e663a75ca1d25c297c92ca032b7bd8d1af3b0b5c,2008-01-21 18:51:14.121083,2008-01-21 18:53:18.877425,2008-01-21 18:51:15.377277,2008-01-21 18:53:18.877425,,2008-01-21 18:51:14.121083,2008-01-21 18:52:47.496901,
831d54aafd7c0732eebe74a4c72a77df9e7e0605,b7fdda6d8957d76f5537a7b43f39060422c52953,USD,Executed,v3,,,6e00ad8c3ecee4ef5ba5f8ddf15527a0493951a9,vertical 2,type 6,50.0,e663a75ca1d25c297c92ca032b7bd8d1af3b0b5c,2008-01-20 13:58:00.887066,2008-01-20 14:02:04.124937,2008-01-20 13:58:01.815632,2008-01-20 14:02:04.124937,,2008-01-20 13:58:00.887066,2008-01-20 13:59:12.274556,
b198c900b4238812ab506a32ab1f910ab56938b7,8216651c8989eb69415e6fd793175c69351debc5,USD,authorized,v3,,,6e00ad8c3ecee4ef5ba5f8ddf15527a0493951a9,vertical 2,type 2,30.0,f69ad584c025f9b756ce1e8c70de3a33aef50b32,2008-01-12 16:56:38.529305,2008-01-13 16:57:12.697299,2008-01-12 16:57:07.039302,,,2008-01-12 16:56:38.529305,2008-01-13 16:57:12.697299,
f4f6e2b6ccc26078a84ba360dad1b7a3b2bd64a6,3e3b704ede474cd3cb38721a374cbfe582825415,USD,failed,v3,not_authorized,authorizing,6e00ad8c3ecee4ef5ba5f8ddf15527a0493951a9,vertical 2,type 2,1.0,f69ad584c025f9b756ce1e8c70de3a33aef50b32,2008-02-26 16:46:11.734284,2008-02-27 16:46:26.661039,2008-02-26 16:46:13.233167,,2008-02-27 16:46:26.661039,2008-02-26 16:46:11.734284,,
ec6ea052a625bf08718de32de44dc38bb7e77b21,6b31ec3a861dc91a33bbf4ca681a11a5f5eefc8c,USD,failed,v3,provider_error,authorization_required,6e00ad8c3ecee4ef5ba5f8ddf15527a0493951a9,vertical 2,type 2,10.0,6cdea52ce51f6e135c958a0e37b24c58f571b638,2008-01-29 20:03:42.591481,2008-01-29 20:03:45.529642,,,2008-01-29 20:03:45.529642,,,
435c6dbca239755b90fe27077b5263f3840f407e,ac22a3e90a223e0fbb4e0779b6f445083c672064,USD,authorizing,v3,,,6e00ad8c3ecee4ef5ba5f8ddf15527a0493951a9,vertical 2,type 2,10.0,2709cc79b96641fdf25b1da4ed76b33b0f0cde57,2008-01-25 12:33:17.593005,2008-01-25 12:33:18.924087,2008-01-25 12:33:18.924087,,,2008-01-25 12:33:17.807751,,
7d2da2864e29feceebf5e0c9a6635dab3d66d439,e9b3eef71fa711e7f8be41affba46f0a1727713d,USD,authorizing,v3,,,6e00ad8c3ecee4ef5ba5f8ddf15527a0493951a9,vertical 2,type 3,1.0,1ef393c389ad6e2b2d4d865f843dcf351b1d19f5,2008-02-28 11:02:32.380621,2008-02-28 11:02:32.971343,2008-02-28 11:02:32.971343,,,2008-02-28 11:02:32.615139,,
0ab6443973b1111eaefe395dee8848d8f442028e,4d762ce64874cd49be593313e92a1e61cf74417e,CAD,Executed,v3,,,64c370a753b1db282770cdbf2aba5434a3185b3d,vertical 2,type 8,0.5,9e2b06736b477b7a924f60de14a7e329d82d6f4f,2009-10-02 15:34:29.139316,2009-10-02 15:35:35.262340,2009-10-02 15:34:45.100339,2009-10-02 15:35:31.979737,,2009-10-02 15:34:32.056194,2009-10-02 15:35:30.963013,2009-10-02 15:35:35.262340
3d97e8d78ca0f60603f32d78b6f272c7116d72c6,34a0061ba48d1c2810cd930dd69d42482ca92d85,CAD,Executed,v3,,,f01dc54a26fe2a3def3dee28f7fb7c56c83ee7e7,vertical 5,type 8,1.5,9e2b06736b477b7a924f60de14a7e329d82d6f4f,2010-02-05 17:42:41.542934,2010-02-05 17:43:05.867000,2010-02-05 17:42:46.223300,2010-02-05 17:43:05.769065,,2010-02-05 17:42:44.560734,2010-02-05 17:43:04.619401,2010-02-05 17:43:05.867000
f723d1ac34831ae253f9ad7ba0ba82ed9f44c005,660054a4565377c6e43ff7709abf56d8494ba604,CAD,Executed,v3,,,f01dc54a26fe2a3def3dee28f7fb7c56c83ee7e7,vertical 5,type 8,1.0,9e2b06736b477b7a924f60de14a7e329d82d6f4f,2009-11-19 20:11:39.950904,2009-11-19 20:12:10.147000,2009-11-19 20:11:47.348152,2009-11-19 20:12:09.990268,,2009-11-19 20:11:45.267531,2009-11-19 20:12:08.751106,2009-11-19 20:12:10.147000
631055eb09ad870424a48e772141b980ddf201d8,b5ab8f51d35b64af079485e5bbbc335213f3a0ae,CAD,Executed,v3,,,f66f2f438fc87dd7deff8e022a67cc5d71aa6968,vertical 2,type 8,8.0,9e2b06736b477b7a924f60de14a7e329d82d6f4f,2010-01-05 03:30:27.363482,2010-01-05 03:31:11.417000,2010-01-05 03:30:42.959625,2010-01-05 03:31:11.417000,,2010-01-05 03:30:30.737948,2010-01-05 03:31:10.198771,2010-01-05 03:31:11.417000
a548b5149ebcc5a1df06857466def0b4499a2949,4d762ce64874cd49be593313e92a1e61cf74417e,CAD,failed,v3,expired,initiated,f66f2f438fc87dd7deff8e022a67cc5d71aa6968,vertical 2,type 8,4.91,9e2b06736b477b7a924f60de14a7e329d82d6f4f,2009-10-03 12:21:05.415308,2009-10-03 12:36:05.537770,2009-10-03 12:21:28.412506,,2009-10-03 12:36:05.537770,2009-10-03 12:21:06.947623,,
aa9134ee46832faaa3547c1132cc9ff692db2c5e,312dccf7c915f4e8819eb22102edaf29d22e2922,USD,Executed,v3,,,6e00ad8c3ecee4ef5ba5f8ddf15527a0493951a9,vertical 2,type 6,5.0,e663a75ca1d25c297c92ca032b7bd8d1af3b0b5c,2008-02-21 19:23:08.771793,2008-02-21 19:28:24.754707,2008-02-21 19:23:09.971142,2008-02-21 19:28:24.754707,,2008-02-21 19:23:08.771793,2008-02-21 19:27:53.717399,
ffe8f51fd4a45b97bba65b33f9c332bced60f879,0c13594466c8f4c9996801c4cc3f822975978c2d,USD,authorizing,v3,,,6e00ad8c3ecee4ef5ba5f8ddf15527a0493951a9,vertical 2,type 3,10.0,f69ad584c025f9b756ce1e8c70de3a33aef50b32,2008-02-26 19:07:32.293852,2008-02-26 19:07:32.847864,2008-02-26 19:07:32.847864,,,2008-02-26 19:07:32.544038,,
93a4c6199ce66a3b78ee8e68d8ae7d6ae31ae4e2,6926610db1dfc17aca46a6f67789d7d6c24a7185,CAD,Executed,v3,,,64c370a753b1db282770cdbf2aba5434a3185b3d,vertical 2,type 8,7.23,9e2b06736b477b7a924f60de14a7e329d82d6f4f,2009-09-15 09:51:15.210592,2009-09-15 09:51:56.052979,2009-09-15 09:51:20.459470,2009-09-15 09:51:55.932714,,2009-09-15 09:51:16.315831,2009-09-15 09:51:53.839252,2009-09-15 09:51:56.052979
664efd76b9012d8327bd67ab81c46b6dfdf9ac5d,e8085010136a26d0ebc200ac0751b1d9d673a764,CAD,failed,v3,canceled,authorizing,f66f2f438fc87dd7deff8e022a67cc5d71aa6968,vertical 2,type 8,25.0,9e2b06736b477b7a924f60de14a7e329d82d6f4f,2010-01-12 22:38:00.270231,2010-01-12 22:38:12.914894,,,2010-01-12 22:38:12.914894,2010-01-12 22:38:03.561192,,
42a95e0c62590ccc1aeaba11563beb5378411938,6cd7d8d37b110668afdca42fc0e1d366b322783e,CAD,Executed,v3,,,f66f2f438fc87dd7deff8e022a67cc5d71aa6968,vertical 2,type 8,15.0,9e2b06736b477b7a924f60de14a7e329d82d6f4f,2009-06-12 19:39:24.460453,2009-06-12 19:40:06.320708,2009-06-12 19:39:35.485686,2009-06-12 19:40:06.320708,,2009-06-12 19:39:25.170977,2009-06-12 19:40:04.717936,2009-06-12 19:40:06.320708
e04bab7f6ae68b9e72e3242283b7df5f2210a5ab,6cd7d8d37b110668afdca42fc0e1d366b322783e,CAD,Executed,v3,,,f66f2f438fc87dd7deff8e022a67cc5d71aa6968,vertical 2,type 8,9.81,9e2b06736b477b7a924f60de14a7e329d82d6f4f,2009-12-03 07:23:56.969723,2009-12-03 07:24:47.293123,2009-12-03 07:24:15.409370,2009-12-03 07:24:47.293123,,2009-12-03 07:24:00.658671,2009-12-03 07:24:45.704606,2009-12-03 07:24:46.883000
1559bfd21582a98149e505f33ad06e9c5cd58c02,3674b4d292131698ba6c946dda67a8fd8b63f12a,CAD,Executed,v3,,,f66f2f438fc87dd7deff8e022a67cc5d71aa6968,vertical 2,type 8,48.0,9e2b06736b477b7a924f60de14a7e329d82d6f4f,2009-09-30 05:31:38.478700,2009-09-30 05:32:10.285271,2009-09-30 05:31:45.574979,2009-09-30 05:32:10.285271,,2009-09-30 05:31:39.440143,2009-09-30 05:32:07.551144,2009-09-30 05:32:10.285271
e9b0a8bb3616118c70b2460d373060bd4b70ba61,6926610db1dfc17aca46a6f67789d7d6c24a7185,CAD,Executed,v3,,,f66f2f438fc87dd7deff8e022a67cc5d71aa6968,vertical 2,type 8,2.0,9e2b06736b477b7a924f60de14a7e329d82d6f4f,2010-01-09 06:00:34.005524,2010-01-09 06:01:11.690000,2010-01-09 06:00:42.882735,2010-01-09 06:01:11.645568,,2010-01-09 06:00:37.625596,2010-01-09 06:01:10.275166,2010-01-09 06:01:11.690000
630e62ace6e042b16590f3065cbd8ddcd09df82a,36d5855cad7c3ea0d5165027ba21056dd5bfb12e,USD,failed,v3,expired,authorization_required,6e00ad8c3ecee4ef5ba5f8ddf15527a0493951a9,vertical 2,type 2,5.0,f69ad584c025f9b756ce1e8c70de3a33aef50b32,2008-02-28 20:26:37.787804,2008-02-28 20:41:37.801328,,,2008-02-28 20:41:37.801328,,,
8ba0e8ef075917e8f49b71ef1510929d682a8029,980e611df8af4e06750fe987556082ad8fa69991,USD,failed,v3,internal_server_error,authorization_required,6e00ad8c3ecee4ef5ba5f8ddf15527a0493951a9,vertical 2,type 2,10.1,2709cc79b96641fdf25b1da4ed76b33b0f0cde57,2008-02-18 23:16:34.160149,2008-02-18 23:16:35.284663,,,2008-02-18 23:16:35.284663,,,
9990e8a1724ee5fcccaad4c07309d0fa419b61ac,34a0061ba48d1c2810cd930dd69d42482ca92d85,CAD,Executed,v3,,,64c370a753b1db282770cdbf2aba5434a3185b3d,vertical 2,type 8,82.78,9e2b06736b477b7a924f60de14a7e329d82d6f4f,2009-08-29 14:08:12.033966,2009-08-29 14:09:14.260371,2009-08-29 14:08:27.744123,2009-08-29 14:09:14.148550,,2009-08-29 14:08:13.110396,2009-08-29 14:09:12.759774,2009-08-29 14:09:14.260371
5699d308e102be2edb0087d3fc65af59447df554,fa485aff3f9e34d55d25f78856d4a2526a5f8e6f,CAD,Executed,v3,,,64c370a753b1db282770cdbf2aba5434a3185b3d,vertical 2,type 8,4.0,9e2b06736b477b7a924f60de14a7e329d82d6f4f,2009-10-30 10:25:02.361827,2009-10-30 10:25:32.646614,2009-10-30 10:25:19.451306,2009-10-30 10:25:32.646614,,2009-10-30 10:25:03.562933,2009-10-30 10:25:30.526042,2009-10-30 10:25:32.646614
805f7fab5e913bb2bd4c2088ccbeb3a336895af6,3674b4d292131698ba6c946dda67a8fd8b63f12a,CAD,Executed,v3,,,64c370a753b1db282770cdbf2aba5434a3185b3d,vertical 2,type 8,30.0,9e2b06736b477b7a924f60de14a7e329d82d6f4f,2009-11-03 17:36:12.138299,2009-11-03 17:36:38.010795,2009-11-03 17:36:17.554522,2009-11-03 17:36:38.010795,,2009-11-03 17:36:13.422396,2009-11-03 17:36:36.756446,2009-11-03 17:36:38.010795
582bd2fbdaa667aaa8d94ee9f26c06609db0047e,b7308502f039e303a048625c725d4aea3380c2ac,CAD,failed,v3,expired,initiated,f66f2f438fc87dd7deff8e022a67cc5d71aa6968,vertical 2,type 8,3.0,9e2b06736b477b7a924f60de14a7e329d82d6f4f,2010-01-12 09:42:17.296588,2010-01-12 09:57:17.413180,2010-01-12 09:42:22.488616,,2010-01-12 09:57:17.413180,2010-01-12 09:42:17.705199,,
629513835415bfb3f95c237bf17c3c80c61c7afc,6926610db1dfc17aca46a6f67789d7d6c24a7185,CAD,Executed,v3,,,f66f2f438fc87dd7deff8e022a67cc5d71aa6968,vertical 2,type 8,10.0,9e2b06736b477b7a924f60de14a7e329d82d6f4f,2010-01-30 01:41:18.754493,2010-01-30 01:42:12.960000,2010-01-30 01:41:36.252688,2010-01-30 01:42:12.887773,,2010-01-30 01:41:22.037224,2010-01-30 01:42:11.481613,2010-01-30 01:42:12.960000
e4fdb9ad837e5d2c9ff518177340cbf6242a6eb9,b5ab8f51d35b64af079485e5bbbc335213f3a0ae,CAD,failed,v3,expired,authorizing,f66f2f438fc87dd7deff8e022a67cc5d71aa6968,vertical 2,type 8,9.95,9e2b06736b477b7a924f60de14a7e329d82d6f4f,2009-11-27 06:41:52.773153,2009-11-27 06:56:52.778500,,,2009-11-27 06:56:52.778500,2009-11-27 06:41:55.666109,,
bbb703e18c20b2625dde6245c542c06011d03d1e,b5ab8f51d35b64af079485e5bbbc335213f3a0ae,CAD,Executed,v3,,,f66f2f438fc87dd7deff8e022a67cc5d71aa6968,vertical 2,type 8,4.68,9e2b06736b477b7a924f60de14a7e329d82d6f4f,2009-12-12 09:14:59.848642,2009-12-12 09:15:31.523349,2009-12-12 09:15:09.454287,2009-12-12 09:15:31.523349,,2009-12-12 09:15:03.406342,2009-12-12 09:15:29.672756,2009-12-12 09:15:31.140000
66d830da5c63984c290b365f9ad9e9dea940be45,660054a4565377c6e43ff7709abf56d8494ba604,CAD,Executed,v3,,,f66f2f438fc87dd7deff8e022a67cc5d71aa6968,vertical 2,type 8,176.75,9e2b06736b477b7a924f60de14a7e329d82d6f4f,2009-07-15 09:52:41.858450,2009-07-15 09:53:10.505376,2009-07-15 09:52:48.396042,2009-07-15 09:53:10.505376,,2009-07-15 09:52:42.779043,2009-07-15 09:53:07.993101,2009-07-15 09:53:10.505376
8c70f3dff5295a679eadfe91b9a461de65cb1a1d,0090e57640ed78b0c16ac4606a6773769545bb17,CAD,Executed,v3,,,f66f2f438fc87dd7deff8e022a67cc5d71aa6968,vertical 2,type 8,3.37,9e2b06736b477b7a924f60de14a7e329d82d6f4f,2009-12-24 15:00:14.320416,2009-12-24 15:01:05.947000,2009-12-24 15:00:22.812096,2009-12-24 15:01:05.947000,,2009-12-24 15:00:18.108379,2009-12-24 15:01:04.749596,2009-12-24 15:01:05.947000
01a344d017980dc85bd12b5fd90b9c8f69cb4ce6,b5ab8f51d35b64af079485e5bbbc335213f3a0ae,CAD,failed,v3,expired,initiated,f01dc54a26fe2a3def3dee28f7fb7c56c83ee7e7,vertical 5,type 8,10.0,9e2b06736b477b7a924f60de14a7e329d82d6f4f,2010-01-16 08:37:32.856268,2010-01-16 08:52:32.923682,2010-01-16 08:37:37.661163,,2010-01-16 08:52:32.923682,2010-01-16 08:37:36.110589,,
08566bea26b4163dd18579d87b53fa6779f6684b,6cd7d8d37b110668afdca42fc0e1d366b322783e,CAD,Executed,v3,,,f01dc54a26fe2a3def3dee28f7fb7c56c83ee7e7,vertical 5,type 8,1.5,9e2b06736b477b7a924f60de14a7e329d82d6f4f,2010-02-09 18:02:21.297199,2010-02-09 18:02:54.687000,2010-02-09 18:02:25.849630,2010-02-09 18:02:53.281424,,2010-02-09 18:02:24.186281,2010-02-09 18:02:50.966915,2010-02-09 18:02:54.687000
2fa86e3aa4d519ccd264970dea58a3b4eb158e94,f013de7e1aee607a6c2f86a5c09b2017a5813be0,USD,authorizing,v3,,,6e00ad8c3ecee4ef5ba5f8ddf15527a0493951a9,vertical 2,type 6,5.0,1ef393c389ad6e2b2d4d865f843dcf351b1d19f5,2008-02-18 09:07:36.085291,2008-02-18 09:07:36.701475,2008-02-18 09:07:36.701475,,,2008-02-18 09:07:36.334752,,
8442e361bc567afa2a222ee1c0bfc9a2989119e2,9c23cc6c80b5af209d7f2be501e4d77cb9657429,USD,failed,v3,not_authorized,authorizing,6e00ad8c3ecee4ef5ba5f8ddf15527a0493951a9,vertical 2,type 3,80.2,37eec10a53dd5fd2f024a17be5961dfceb0c66e6,2008-02-25 09:32:55.735246,2008-02-25 09:33:37.118221,2008-02-25 09:32:56.280518,,2008-02-25 09:33:37.118221,2008-02-25 09:32:55.735246,,
93c9eb4ee4fcd05d4b21ef96f25dbfb3a4002c90,0c13594466c8f4c9996801c4cc3f822975978c2d,USD,Executed,v3,,,6e00ad8c3ecee4ef5ba5f8ddf15527a0493951a9,vertical 2,type 3,30.0,f69ad584c025f9b756ce1e8c70de3a33aef50b32,2008-01-26 21:33:19.847540,2008-01-26 21:34:06.076489,2008-01-26 21:33:21.669768,2008-01-26 21:34:06.076489,,2008-01-26 21:33:19.847540,2008-01-26 21:34:03.327851,
20d16560fb29439c93a7f7ff89f66672b5c242b8,6d77a220bbb7243351c30b54aec5d875dbd63a51,USD,failed,v3,rejected,authorization_required,6e00ad8c3ecee4ef5ba5f8ddf15527a0493951a9,vertical 2,type 2,1.1,a05b131fd348c62de04bce3d93a6cd396b1db85f,2008-02-21 06:29:23.414314,2008-02-21 06:29:23.954023,,,2008-02-21 06:29:23.954023,,,
4b154235435bf353d929215a3810371f98f6d504,b7fdda6d8957d76f5537a7b43f39060422c52953,USD,Executed,v3,,,6e00ad8c3ecee4ef5ba5f8ddf15527a0493951a9,vertical 2,type 6,500.0,e663a75ca1d25c297c92ca032b7bd8d1af3b0b5c,2008-01-15 12:56:02.166838,2008-01-15 13:03:08.275551,2008-01-15 12:56:03.264059,2008-01-15 13:03:08.275551,,2008-01-15 12:56:02.166838,2008-01-15 12:58:46.011168,
7ae1a7a088983cb4fe518bead758808a67d4e538,6926610db1dfc17aca46a6f67789d7d6c24a7185,CAD,Executed,v3,,,6e00ad8c3ecee4ef5ba5f8ddf15527a0493951a9,vertical 2,type 8,3.5,9e2b06736b477b7a924f60de14a7e329d82d6f4f,2008-02-21 15:52:43.579933,2008-02-21 15:53:15.532025,2008-02-21 15:52:44.614244,2008-02-21 15:53:15.532025,,2008-02-21 15:52:43.579933,2008-02-21 15:53:14.907811,
28b88e442158e14348c543bdb59fcb7a4cc0f5e6,4d762ce64874cd49be593313e92a1e61cf74417e,CAD,Executed,v3,,,f66f2f438fc87dd7deff8e022a67cc5d71aa6968,vertical 2,type 8,50.0,9e2b06736b477b7a924f60de14a7e329d82d6f4f,2009-12-26 11:56:50.772376,2009-12-26 11:57:35.943000,2009-12-26 11:57:03.223767,2009-12-26 11:57:35.943000,,2009-12-26 11:56:51.563249,2009-12-26 11:57:35.943000,2009-12-26 11:57:35.943000
7e873b15f891d41a3e1f646eaec6f110f80af72b,b5ab8f51d35b64af079485e5bbbc335213f3a0ae,CAD,Executed,v3,,,f01dc54a26fe2a3def3dee28f7fb7c56c83ee7e7,vertical 5,type 8,2.5,9e2b06736b477b7a924f60de14a7e329d82d6f4f,2009-08-15 15:00:53.803765,2009-08-15 15:01:29.097872,2009-08-15 15:01:00.822673,2009-08-15 15:01:29.097872,,2009-08-15 15:00:59.123786,2009-08-15 15:01:27.184804,2009-08-15 15:01:29.097872
abf8160cde7c8dd438b6754a542aeca3603bd1e8,6926610db1dfc17aca46a6f67789d7d6c24a7185,CAD,Executed,v3,,,64c370a753b1db282770cdbf2aba5434a3185b3d,vertical 2,type 8,20.0,9e2b06736b477b7a924f60de14a7e329d82d6f4f,2010-01-23 07:34:07.086053,2010-01-23 07:34:46.433000,2010-01-23 07:34:15.005849,2010-01-23 07:34:46.433000,,2010-01-23 07:34:07.535173,2010-01-23 07:34:44.668433,2010-01-23 07:34:46.433000
67fde4a94633b784ecd1552f04787e5071daf543,6cd7d8d37b110668afdca42fc0e1d366b322783e,CAD,Executed,v3,,,64c370a753b1db282770cdbf2aba5434a3185b3d,vertical 2,type 8,10.0,9e2b06736b477b7a924f60de14a7e329d82d6f4f,2009-11-28 16:30:35.579873,2009-11-28 16:31:11.671989,2009-11-28 16:30:43.522327,2009-11-28 16:31:11.671989,,2009-11-28 16:30:38.465480,2009-11-28 16:31:10.174833,2009-11-28 16:31:11.510000
3028d4a71f78d64416108d0e8adfef7f67143ff1,e67095adf654ddc631bcfd3f7aa3c7e43424ce0f,CAD,Executed,v3,,,64c370a753b1db282770cdbf2aba5434a3185b3d,vertical 2,type 8,0.88,9e2b06736b477b7a924f60de14a7e329d82d6f4f,2009-09-06 02:04:44.262244,2009-09-06 02:05:08.420417,2009-09-06 02:04:49.080214,2009-09-06 02:05:08.352412,,2009-09-06 02:04:44.747692,2009-09-06 02:05:06.793758,2009-09-06 02:05:08.420417
ed703a51f760f571d9f9e8202aa80ead1f0b26a6,b5ab8f51d35b64af079485e5bbbc335213f3a0ae,CAD,Executed,v3,,,f01dc54a26fe2a3def3dee28f7fb7c56c83ee7e7,vertical 5,type 8,2.0,9e2b06736b477b7a924f60de14a7e329d82d6f4f,2010-02-08 07:00:25.935381,2010-02-08 07:00:47.333000,2010-02-08 07:00:30.781551,2010-02-08 07:00:47.333000,,2010-02-08 07:00:29.258685,2010-02-08 07:00:46.137445,2010-02-08 07:00:47.333000
3293cc0358eba4d9da235310c2e7e728a410f70e,b5ab8f51d35b64af079485e5bbbc335213f3a0ae,CAD,Executed,v3,,,f66f2f438fc87dd7deff8e022a67cc5d71aa6968,vertical 2,type 8,2.0,9e2b06736b477b7a924f60de14a7e329d82d6f4f,2010-01-13 00:21:51.416483,2010-01-13 00:22:16.623000,2010-01-13 00:21:59.003563,2010-01-13 00:22:16.251460,,2010-01-13 00:21:54.719186,2010-01-13 00:22:14.569254,2010-01-13 00:22:16.623000
d0ef496fc412f3ecbaceb2715a636477b791a2b7,4d762ce64874cd49be593313e92a1e61cf74417e,CAD,failed,v3,expired,initiated,f66f2f438fc87dd7deff8e022a67cc5d71aa6968,vertical 2,type 8,0.5,9e2b06736b477b7a924f60de14a7e329d82d6f4f,2010-01-20 05:37:32.840758,2010-01-20 05:52:32.935652,2010-01-20 05:37:37.367249,,2010-01-20 05:52:32.935652,2010-01-20 05:37:33.224137,,
6247d9e95f38966bc8fc6c6e7e9b23e91d7cfa42,4d762ce64874cd49be593313e92a1e61cf74417e,CAD,failed,v3,expired,initiated,f66f2f438fc87dd7deff8e022a67cc5d71aa6968,vertical 2,type 8,3.67,9e2b06736b477b7a924f60de14a7e329d82d6f4f,2009-06-18 16:34:29.667096,2009-06-18 16:49:29.719387,2009-06-18 16:34:41.183518,,2009-06-18 16:49:29.719387,2009-06-18 16:34:30.590397,,
4bb4ee89836745625d7d74b6011a49f580a0ece3,f013de7e1aee607a6c2f86a5c09b2017a5813be0,USD,Executed,v3,,,6e00ad8c3ecee4ef5ba5f8ddf15527a0493951a9,vertical 2,type 6,100.0,1ef393c389ad6e2b2d4d865f843dcf351b1d19f5,2008-02-28 08:17:16.633526,2008-02-28 08:18:58.246559,2008-02-28 08:17:17.275959,2008-02-28 08:18:58.246559,,2008-02-28 08:17:16.633526,2008-02-28 08:18:27.224009,
1a56ed07e3a439af4dd560a94a2867a4314142ee,e9b3eef71fa711e7f8be41affba46f0a1727713d,USD,failed,v3,provider_rejected,authorized,6e00ad8c3ecee4ef5ba5f8ddf15527a0493951a9,vertical 2,type 3,153.23,1ef393c389ad6e2b2d4d865f843dcf351b1d19f5,2008-02-18 17:44:05.426984,2008-02-18 17:46:25.763037,2008-02-18 17:44:06.052298,,2008-02-18 17:46:25.763037,2008-02-18 17:44:05.426984,2008-02-18 17:44:46.031657,
784f4bad42834157bc36a6404cb6fb57fe65e9c9,c16630b24e79837e63acc50389586106961f7ed2,USD,authorizing,v3,,,6e00ad8c3ecee4ef5ba5f8ddf15527a0493951a9,vertical 2,type 8,10.5,7ec009376b8bf0c03561b3f6ba251ab9d96efd42,2008-02-21 21:05:07.563359,2008-02-21 21:05:19.468738,2008-02-21 21:05:19.468738,,,2008-02-21 21:05:07.803431,,
256891a3dd968a737b520428875c66cfbbd01124,e8085010136a26d0ebc200ac0751b1d9d673a764,CAD,Executed,v3,,,f01dc54a26fe2a3def3dee28f7fb7c56c83ee7e7,vertical 5,type 8,1.2,9e2b06736b477b7a924f60de14a7e329d82d6f4f,2010-02-09 19:29:56.487253,2010-02-09 19:30:28.610775,2010-02-09 19:30:02.156823,2010-02-09 19:30:28.610775,,2010-02-09 19:30:00.587108,2010-02-09 19:30:23.991582,2010-02-09 19:30:28.310000
91099ffd9a10fb3c0c8ac92a6e11f1f0824fd951,b5ab8f51d35b64af079485e5bbbc335213f3a0ae,CAD,Executed,v3,,,64c370a753b1db282770cdbf2aba5434a3185b3d,vertical 2,type 8,0.5,9e2b06736b477b7a924f60de14a7e329d82d6f4f,2010-02-05 07:21:42.702399,2010-02-05 07:22:21.386395,2010-02-05 07:21:57.132422,2010-02-05 07:22:21.386395,,2010-02-05 07:21:46.151735,2010-02-05 07:22:19.470958,2010-02-05 07:22:21.033000
4e54c347f8d5a2ce0777b8c2bf2f46894637dd4e,e9b3eef71fa711e7f8be41affba46f0a1727713d,USD,authorizing,v3,,,6e00ad8c3ecee4ef5ba5f8ddf15527a0493951a9,vertical 2,type 3,39.1,1ef393c389ad6e2b2d4d865f843dcf351b1d19f5,2008-02-21 19:08:59.000016,2008-02-21 19:09:09.030492,2008-02-21 19:09:09.030492,,,2008-02-21 19:08:59.280092,,
dcf21b6fc72ca56c6cfc37e910a627188a43b455,0b628c2e271ca4128039bf2fe476a428610674aa,USD,authorized,v3,,,6e00ad8c3ecee4ef5ba5f8ddf15527a0493951a9,vertical 2,type 2,61.0,6cdea52ce51f6e135c958a0e37b24c58f571b638,2008-02-04 16:29:02.433619,2008-02-04 16:30:25.363349,2008-02-04 16:29:04.866080,,,2008-02-04 16:29:02.433619,2008-02-04 16:30:25.363349,
fd7f7b197c6eefe84242a143a280a9c7a70796b9,c1c960e3d21882296803baae24e5b6acabcc0ced,USD,authorizing,v3,,,6e00ad8c3ecee4ef5ba5f8ddf15527a0493951a9,vertical 2,type 2,5.0,e663a75ca1d25c297c92ca032b7bd8d1af3b0b5c,2008-02-24 16:17:41.300097,2008-02-24 16:17:42.441977,2008-02-24 16:17:42.441977,,,2008-02-24 16:17:41.542811,,
09a9cff1830792a64cd50f108ad2e4333c01985f,34a0061ba48d1c2810cd930dd69d42482ca92d85,CAD,authorizing,v3,,,6e00ad8c3ecee4ef5ba5f8ddf15527a0493951a9,vertical 2,type 8,1.0,9e2b06736b477b7a924f60de14a7e329d82d6f4f,2008-01-12 13:25:09.966269,2008-01-12 13:25:11.118457,2008-01-12 13:25:11.118457,,,2008-01-12 13:25:10.432273,,
ee8ea98e28bd4861ffa275c4145dd57714696d4e,614f918e6feee31a627e487db0e58c331fc9d4b7,CAD,failed,v3,expired,authorizing,6e00ad8c3ecee4ef5ba5f8ddf15527a0493951a9,vertical 2,type 8,12.0,9e2b06736b477b7a924f60de14a7e329d82d6f4f,2008-02-16 23:37:35.492970,2008-02-16 23:52:35.672074,2008-02-16 23:37:35.836347,,2008-02-16 23:52:35.672074,2008-02-16 23:37:35.492970,,
535245162e1b26f6d334189ccfb6c1c4ac2d1aa3,fa485aff3f9e34d55d25f78856d4a2526a5f8e6f,CAD,Executed,v3,,,64c370a753b1db282770cdbf2aba5434a3185b3d,vertical 2,type 8,10.23,9e2b06736b477b7a924f60de14a7e329d82d6f4f,2010-01-27 07:18:07.266595,2010-01-27 07:18:31.513000,2010-01-27 07:18:17.063022,2010-01-27 07:18:31.513000,,2010-01-27 07:18:10.756022,2010-01-27 07:18:29.372020,2010-01-27 07:18:31.513000
7f20335ce46d5f4f5c946e45f8544855bbdc6029,34a0061ba48d1c2810cd930dd69d42482ca92d85,CAD,Executed,v3,,,64c370a753b1db282770cdbf2aba5434a3185b3d,vertical 2,type 8,20.0,9e2b06736b477b7a924f60de14a7e329d82d6f4f,2009-12-06 08:56:39.482995,2009-12-06 08:57:26.470000,2009-12-06 08:56:49.684876,2009-12-06 08:57:25.231777,,2009-12-06 08:56:39.984437,2009-12-06 08:57:23.864061,2009-12-06 08:57:26.470000
e8eb8bb2feb991c7264dfe9d8df0e2d75207a48f,4d762ce64874cd49be593313e92a1e61cf74417e,CAD,failed,v3,expired,authorizing,6e00ad8c3ecee4ef5ba5f8ddf15527a0493951a9,vertical 2,type 8,2.0,9e2b06736b477b7a924f60de14a7e329d82d6f4f,2008-02-26 09:04:06.330709,2008-02-26 09:19:06.396937,2008-02-26 09:04:18.234198,,2008-02-26 09:19:06.396937,2008-02-26 09:04:06.330709,,
38b2df8890101b6b87f118849b7811da7312b843,fa485aff3f9e34d55d25f78856d4a2526a5f8e6f,CAD,Executed,v3,,,1911acfcfdc29f5349706da6c1494009e7125da0,vertical 5,type 8,1.0,9e2b06736b477b7a924f60de14a7e329d82d6f4f,2010-01-23 14:28:54.776913,2010-01-23 14:29:11.767000,2010-01-23 14:29:00.713479,2010-01-23 14:29:11.767000,,2010-01-23 14:28:57.278671,2010-01-23 14:29:09.658824,2010-01-23 14:29:11.767000
d391283c6922a4de62245af903ceb39eff44ca19,3674b4d292131698ba6c946dda67a8fd8b63f12a,CAD,Executed,v3,,,64c370a753b1db282770cdbf2aba5434a3185b3d,vertical 2,type 8,6.0,9e2b06736b477b7a924f60de14a7e329d82d6f4f,2009-10-02 06:36:16.122533,2009-10-02 06:36:57.819257,2009-10-02 06:36:22.798694,2009-10-02 06:36:57.819257,,2009-10-02 06:36:16.548195,2009-10-02 06:36:56.219119,2009-10-02 06:36:57.819257
2c4bd836aa636e7b78da95cec606f66338e7276d,b5ab8f51d35b64af079485e5bbbc335213f3a0ae,CAD,Executed,v3,,,02abfe216906d699a48d39d56b71327b294027cb,vertical 2,type 8,5.0,9e2b06736b477b7a924f60de14a7e329d82d6f4f,2008-10-10 11:13:18.975091,2008-10-10 11:14:38.190327,2008-10-10 11:13:26.764592,2008-10-10 11:14:38.190327,,2008-10-10 11:13:21.143894,2008-10-10 11:14:35.461025,2008-10-10 11:14:38.190327
41342c2bf228ab90f988883df295be604f914686,b5ab8f51d35b64af079485e5bbbc335213f3a0ae,CAD,Executed,v3,,,02abfe216906d699a48d39d56b71327b294027cb,vertical 2,type 8,10.4,9e2b06736b477b7a924f60de14a7e329d82d6f4f,2008-07-16 11:37:58.826995,2008-07-16 11:38:49.841574,2008-07-16 11:38:07.144928,2008-07-16 11:38:49.677058,,2008-07-16 11:38:01.571669,2008-07-16 11:38:46.416703,2008-07-16 11:38:49.841574
b5f96dcfe53e9ddae46a1ecbc29625d54a3b93c1,34a0061ba48d1c2810cd930dd69d42482ca92d85,CAD,Executed,v3,,,01e10adf72398bdf40b668926be2809ccf68b4dd,vertical 2,type 8,41.0,9e2b06736b477b7a924f60de14a7e329d82d6f4f,2009-06-19 23:35:24.006394,2009-06-19 23:35:52.904824,2009-06-19 23:35:30.832685,2009-06-19 23:35:52.904824,,2009-06-19 23:35:24.543455,2009-06-19 23:35:50.417405,
160479e1f500d4906aad0a8c6b872a92d7e31082,34a0061ba48d1c2810cd930dd69d42482ca92d85,CAD,Executed,v3,,,01e10adf72398bdf40b668926be2809ccf68b4dd,vertical 2,type 8,303.11,9e2b06736b477b7a924f60de14a7e329d82d6f4f,2009-11-29 13:45:42.930248,2009-11-29 13:46:02.889996,2009-11-29 13:45:47.144080,2009-11-29 13:46:02.889996,,2009-11-29 13:45:43.609347,2009-11-29 13:46:01.618503,
d83f4f3c9ce2afdba37245fc17851f21bc627186,b5ab8f51d35b64af079485e5bbbc335213f3a0ae,CAD,Executed,v3,,,f01dc54a26fe2a3def3dee28f7fb7c56c83ee7e7,vertical 5,type 8,10.0,9e2b06736b477b7a924f60de14a7e329d82d6f4f,2009-08-23 17:58:26.879378,2009-08-23 17:59:05.413338,2009-08-23 17:58:32.371781,2009-08-23 17:59:04.615304,,2009-08-23 17:58:30.793853,2009-08-23 17:59:02.929022,2009-08-23 17:59:05.413338
b119d74b67423931dfe6c40b5299ddb84b36b669,b5ab8f51d35b64af079485e5bbbc335213f3a0ae,CAD,Executed,v3,,,d292da2283043c07accb1086a004caaf05472d44,vertical 5,type 8,5.0,9e2b06736b477b7a924f60de14a7e329d82d6f4f,2009-12-31 14:39:58.016973,2009-12-31 14:40:19.697000,2009-12-31 14:40:04.434692,2009-12-31 14:40:17.415994,,2009-12-31 14:40:00.815038,2009-12-31 14:40:15.884049,2009-12-31 14:40:19.697000
e00a62b288e702b5010a86a5e76f238acbadb037,fa485aff3f9e34d55d25f78856d4a2526a5f8e6f,CAD,Executed,v3,,,d292da2283043c07accb1086a004caaf05472d44,vertical 5,type 8,1.0,9e2b06736b477b7a924f60de14a7e329d82d6f4f,2009-11-10 11:38:40.196871,2009-11-10 11:41:20.017000,2009-11-10 11:38:47.634469,2009-11-10 11:41:20.017000,,2009-11-10 11:38:43.410972,2009-11-10 11:41:18.341840,2009-11-10 11:41:20.017000
ee4ab46fc3472ca1357ba50211ecb438197da7b6,6cd7d8d37b110668afdca42fc0e1d366b322783e,CAD,Executed,v3,,,d292da2283043c07accb1086a004caaf05472d44,vertical 5,type 8,2.0,9e2b06736b477b7a924f60de14a7e329d82d6f4f,2008-09-16 07:15:15.548221,2008-09-16 07:15:58.723753,2008-09-16 07:15:25.294601,2008-09-16 07:15:58.314525,,2008-09-16 07:15:23.134841,2008-09-16 07:15:58.300984,2008-09-16 07:15:58.723753
b78d37d2cb55d7eee8eefd86ef7cc91f4bdbf9ee,660054a4565377c6e43ff7709abf56d8494ba604,CAD,Executed,v3,,,d292da2283043c07accb1086a004caaf05472d44,vertical 5,type 8,3.0,9e2b06736b477b7a924f60de14a7e329d82d6f4f,2008-09-24 18:10:37.345740,2008-09-24 18:11:59.344305,2008-09-24 18:10:42.223152,2008-09-24 18:11:59.344305,,2008-09-24 18:10:39.702899,2008-09-24 18:11:57.351937,2008-09-24 18:11:59.344305
d5976aed97ff3d70ab6bd8343b00989d5a963960,e8085010136a26d0ebc200ac0751b1d9d673a764,CAD,failed,v3,canceled,initiated,f01dc54a26fe2a3def3dee28f7fb7c56c83ee7e7,vertical 5,type 8,3.0,9e2b06736b477b7a924f60de14a7e329d82d6f4f,2009-07-12 00:54:58.593606,2009-07-12 00:57:38.472757,2009-07-12 00:55:03.788063,,2009-07-12 00:57:38.472757,2009-07-12 00:55:01.914221,,
17d26151988425870731fdfbae605115c00b8e12,6cd7d8d37b110668afdca42fc0e1d366b322783e,CAD,Executed,v3,,,64c370a753b1db282770cdbf2aba5434a3185b3d,vertical 2,type 8,25.0,9e2b06736b477b7a924f60de14a7e329d82d6f4f,2009-09-19 07:51:59.733942,2009-09-19 07:52:34.312805,2009-09-19 07:52:03.082727,2009-09-19 07:52:33.909392,,2009-09-19 07:52:00.108604,2009-09-19 07:52:32.480808,2009-09-19 07:52:34.312805
dc8b54340eb2bba2a89a31e8228e2b281c7ab68f,e8085010136a26d0ebc200ac0751b1d9d673a764,CAD,Executed,v3,,,f01dc54a26fe2a3def3dee28f7fb7c56c83ee7e7,vertical 5,type 8,1.0,9e2b06736b477b7a924f60de14a7e329d82d6f4f,2009-10-31 11:34:12.781621,2009-10-31 11:34:46.073357,2009-10-31 11:34:19.726480,2009-10-31 11:34:45.655206,,2009-10-31 11:34:18.003069,2009-10-31 11:34:42.972260,2009-10-31 11:34:46.073357
e263f5cad1c69d30fc42c1b50f8ae213cc8e2f41,b5ab8f51d35b64af079485e5bbbc335213f3a0ae,CAD,Executed,v3,,,f01dc54a26fe2a3def3dee28f7fb7c56c83ee7e7,vertical 5,type 8,10.0,9e2b06736b477b7a924f60de14a7e329d82d6f4f,2009-10-08 07:21:00.739588,2009-10-08 07:21:29.956978,2009-10-08 07:21:06.366270,2009-10-08 07:21:27.047535,,2009-10-08 07:21:04.618536,2009-10-08 07:21:25.368913,2009-10-08 07:21:29.956978
bd35a9aa46532a88f2dd76a1ec43df02ec871356,b5ab8f51d35b64af079485e5bbbc335213f3a0ae,CAD,failed,v3,expired,authorizing,6e00ad8c3ecee4ef5ba5f8ddf15527a0493951a9,vertical 2,type 8,50.0,9e2b06736b477b7a924f60de14a7e329d82d6f4f,2008-02-20 20:41:23.423741,2008-02-20 20:56:23.566547,2008-02-20 20:41:24.402852,,2008-02-20 20:56:23.566547,2008-02-20 20:41:23.423741,,
a4f5354558cf5f73b42e2354623604891df629de,b5ab8f51d35b64af079485e5bbbc335213f3a0ae,CAD,Executed,v3,,,f01dc54a26fe2a3def3dee28f7fb7c56c83ee7e7,vertical 5,type 8,0.6,9e2b06736b477b7a924f60de14a7e329d82d6f4f,2009-11-02 08:36:01.249583,2009-11-02 08:36:35.188647,2009-11-02 08:36:06.491830,2009-11-02 08:36:34.486069,,2009-11-02 08:36:04.905634,2009-11-02 08:36:32.797959,2009-11-02 08:36:35.188647
640b4f5aa01d819396532a23f9e5e8696d878828,e8085010136a26d0ebc200ac0751b1d9d673a764,CAD,Executed,v3,,,f66f2f438fc87dd7deff8e022a67cc5d71aa6968,vertical 2,type 8,1.0,9e2b06736b477b7a924f60de14a7e329d82d6f4f,2010-01-24 22:06:33.999543,2010-01-24 22:07:16.923000,2010-01-24 22:06:52.173120,2010-01-24 22:07:16.923000,,2010-01-24 22:06:37.881347,2010-01-24 22:07:13.157679,2010-01-24 22:07:16.923000
9def58c11390e6f819d7462057b5b7ab280b3d08,6cd7d8d37b110668afdca42fc0e1d366b322783e,CAD,Executed,v3,,,f66f2f438fc87dd7deff8e022a67cc5d71aa6968,vertical 2,type 8,10.0,9e2b06736b477b7a924f60de14a7e329d82d6f4f,2010-01-17 13:13:37.990797,2010-01-17 13:14:22.290000,2010-01-17 13:13:45.276496,2010-01-17 13:14:21.699860,,2010-01-17 13:13:41.363480,2010-01-17 13:14:18.641374,2010-01-17 13:14:22.290000
b8a56adfa843a0177d43bc0193470908a25f2781,f013de7e1aee607a6c2f86a5c09b2017a5813be0,USD,Executed,v3,,,6e00ad8c3ecee4ef5ba5f8ddf15527a0493951a9,vertical 2,type 6,1.1,1ef393c389ad6e2b2d4d865f843dcf351b1d19f5,2008-02-24 08:46:37.960828,2008-02-24 08:47:43.257852,2008-02-24 08:46:38.568203,2008-02-24 08:47:43.257852,,2008-02-24 08:46:37.960828,2008-02-24 08:47:12.026655,
ed1eff1d91d85fe3699b9acf7ad33130aa990a79,e9b3eef71fa711e7f8be41affba46f0a1727713d,USD,Executed,v3,,,6e00ad8c3ecee4ef5ba5f8ddf15527a0493951a9,vertical 2,type 3,81.27,1ef393c389ad6e2b2d4d865f843dcf351b1d19f5,2008-02-24 11:51:32.915941,2008-02-24 11:52:06.371458,2008-02-24 11:51:33.488615,2008-02-24 11:52:06.371458,,2008-02-24 11:51:32.915941,2008-02-24 11:52:04.331655,
a06cad08b89df1b255ca2ffe9445e1e5b524006c,e8085010136a26d0ebc200ac0751b1d9d673a764,CAD,failed,v3,expired,authorizing,6e00ad8c3ecee4ef5ba5f8ddf15527a0493951a9,vertical 2,type 8,50.0,9e2b06736b477b7a924f60de14a7e329d82d6f4f,2008-02-21 19:50:57.704725,2008-02-21 20:05:57.941758,2008-02-21 19:50:58.396969,,2008-02-21 20:05:57.941758,2008-02-21 19:50:57.704725,,
f35f853d8532a560144c1c432b8f472513a59542,4d762ce64874cd49be593313e92a1e61cf74417e,CAD,Executed,v3,,,f01dc54a26fe2a3def3dee28f7fb7c56c83ee7e7,vertical 5,type 8,2.0,9e2b06736b477b7a924f60de14a7e329d82d6f4f,2009-10-04 11:10:19.915574,2009-10-04 11:10:56.491978,2009-10-04 11:10:31.720332,2009-10-04 11:10:56.061622,,2009-10-04 11:10:23.492123,2009-10-04 11:10:56.058938,2009-10-04 11:10:56.491978
d4e1a2d6ccbe640d72b02a5d71011997033006c0,b5ab8f51d35b64af079485e5bbbc335213f3a0ae,CAD,failed,v3,provider_rejected,initiated,64c370a753b1db282770cdbf2aba5434a3185b3d,vertical 2,type 8,14.64,9e2b06736b477b7a924f60de14a7e329d82d6f4f,2009-12-28 13:13:35.724107,2009-12-28 13:14:15.570404,2009-12-28 13:13:50.391892,,2009-12-28 13:14:15.570404,2009-12-28 13:13:36.297670,,
aa7a5b40e04596f154d06ff5c6be099a4b85e7ec,b7308502f039e303a048625c725d4aea3380c2ac,CAD,failed,v3,canceled,initiated,f01dc54a26fe2a3def3dee28f7fb7c56c83ee7e7,vertical 5,type 8,2.0,9e2b06736b477b7a924f60de14a7e329d82d6f4f,2009-12-09 16:49:20.582280,2009-12-09 16:49:55.550816,2009-12-09 16:49:27.025409,,2009-12-09 16:49:55.550816,2009-12-09 16:49:25.477304,,
10aac4ce42f5ef47d046419960419085223ec532,b5ab8f51d35b64af079485e5bbbc335213f3a0ae,CAD,Executed,v3,,,f01dc54a26fe2a3def3dee28f7fb7c56c83ee7e7,vertical 5,type 8,8.0,9e2b06736b477b7a924f60de14a7e329d82d6f4f,2009-08-10 10:50:58.590800,2009-08-10 10:51:38.129350,2009-08-10 10:51:03.038668,2009-08-10 10:51:19.198125,,2009-08-10 10:51:01.393702,2009-08-10 10:51:17.640272,2009-08-10 10:51:38.129350
cc7027b7049d58ae9adc2bdeba6e6dbcd6ca6617,660054a4565377c6e43ff7709abf56d8494ba604,CAD,failed,v3,not_authorized,initiated,f66f2f438fc87dd7deff8e022a67cc5d71aa6968,vertical 2,type 8,3.2,9e2b06736b477b7a924f60de14a7e329d82d6f4f,2009-08-14 13:51:29.119397,2009-08-14 13:51:55.742369,2009-08-14 13:51:35.394682,,2009-08-14 13:51:55.742369,2009-08-14 13:51:30.475740,,
4e20af4d92f9c41e8335636f9d506bc24fa9b400,5f832a6dbf1b4303b057cda65035e89fa1e0dc22,USD,authorizing,v3,,,6e00ad8c3ecee4ef5ba5f8ddf15527a0493951a9,vertical 2,type 2,5.0,229fcb7e40c6421b7091c1e9fccf6d94da25d396,2008-02-21 22:37:42.615319,2008-02-21 22:37:58.616261,2008-02-21 22:37:58.616261,,,2008-02-21 22:37:42.865213,,
79a6e5499b9a5980aac65b60fceff623baac07bd,e8085010136a26d0ebc200ac0751b1d9d673a764,CAD,failed,v3,expired,authorizing,6e00ad8c3ecee4ef5ba5f8ddf15527a0493951a9,vertical 2,type 8,5.0,9e2b06736b477b7a924f60de14a7e329d82d6f4f,2008-02-11 19:52:53.116166,2008-02-11 20:07:53.260314,2008-02-11 19:52:53.872654,,2008-02-11 20:07:53.260314,2008-02-11 19:52:53.116166,,
069b4499bb41f9ec27107e52a3f69ac827ecdb4a,e8085010136a26d0ebc200ac0751b1d9d673a764,CAD,Executed,v3,,,f01dc54a26fe2a3def3dee28f7fb7c56c83ee7e7,vertical 5,type 8,1.0,9e2b06736b477b7a924f60de14a7e329d82d6f4f,2009-12-10 18:36:31.379119,2009-12-10 18:36:50.827000,2009-12-10 18:36:35.061856,2009-12-10 18:36:50.818316,,2009-12-10 18:36:33.475629,2009-12-10 18:36:48.035302,2009-12-10 18:36:50.827000
3d4b1ed213a24fca11d8fdb7d5bb064b419e491f,b5ab8f51d35b64af079485e5bbbc335213f3a0ae,CAD,Executed,v3,,,f01dc54a26fe2a3def3dee28f7fb7c56c83ee7e7,vertical 5,type 8,2.0,9e2b06736b477b7a924f60de14a7e329d82d6f4f,2010-01-22 18:32:58.120128,2010-01-22 18:34:02.907000,2010-01-22 18:33:05.919280,2010-01-22 18:34:02.907000,,2010-01-22 18:33:01.717907,2010-01-22 18:34:01.527071,2010-01-22 18:34:02.907000
5c26266e6d953e5fad50b92fdb714249fb96d59a,0090e57640ed78b0c16ac4606a6773769545bb17,CAD,Executed,v3,,,64c370a753b1db282770cdbf2aba5434a3185b3d,vertical 2,type 8,4.66,9e2b06736b477b7a924f60de14a7e329d82d6f4f,2010-01-30 13:34:45.571862,2010-01-30 13:35:32.897000,2010-01-30 13:34:55.922667,2010-01-30 13:35:32.897000,,2010-01-30 13:34:50.178619,2010-01-30 13:35:31.581368,2010-01-30 13:35:32.897000
c93845471e602dd47c48de1370475865309306f9,660054a4565377c6e43ff7709abf56d8494ba604,CAD,failed,v3,expired,initiated,64c370a753b1db282770cdbf2aba5434a3185b3d,vertical 2,type 8,2.0,9e2b06736b477b7a924f60de14a7e329d82d6f4f,2010-01-07 14:15:43.101052,2010-01-07 14:30:43.229134,2010-01-07 14:15:54.099703,,2010-01-07 14:30:43.229134,2010-01-07 14:15:47.695312,,
71367260234d3c6d5aef027c4b6bd8741564b959,b5ab8f51d35b64af079485e5bbbc335213f3a0ae,CAD,Executed,v3,,,64c370a753b1db282770cdbf2aba5434a3185b3d,vertical 2,type 8,15.0,9e2b06736b477b7a924f60de14a7e329d82d6f4f,2009-11-21 08:54:14.035332,2009-11-21 08:55:04.707000,2009-11-21 08:54:24.023450,2009-11-21 08:55:03.902749,,2009-11-21 08:54:14.516764,2009-11-21 08:55:02.252134,2009-11-21 08:55:04.707000
8d31c1ce1b348f36ff920bd2e9d0c25201694672,6926610db1dfc17aca46a6f67789d7d6c24a7185,CAD,failed,v3,canceled,authorizing,64c370a753b1db282770cdbf2aba5434a3185b3d,vertical 2,type 8,5.45,9e2b06736b477b7a924f60de14a7e329d82d6f4f,2009-09-02 10:44:15.788335,2009-09-02 10:44:48.902468,,,2009-09-02 10:44:48.902468,2009-09-02 10:44:19.317606,,
98259f9c87bedeb6bc651df0c6cf2bede65bd9f2,6926610db1dfc17aca46a6f67789d7d6c24a7185,CAD,failed,v3,expired,initiated,1911acfcfdc29f5349706da6c1494009e7125da0,vertical 5,type 8,1.0,9e2b06736b477b7a924f60de14a7e329d82d6f4f,2010-01-15 18:40:20.297138,2010-01-15 18:55:20.541700,2010-01-15 18:40:25.698372,,2010-01-15 18:55:20.541700,2010-01-15 18:40:22.227953,,
580875da5bce1875fec330fca19019370510d776,6cd7d8d37b110668afdca42fc0e1d366b322783e,CAD,Executed,v3,,,02abfe216906d699a48d39d56b71327b294027cb,vertical 2,type 8,6.1,9e2b06736b477b7a924f60de14a7e329d82d6f4f,2008-08-29 12:04:53.528430,2008-08-29 12:07:00.086357,2008-08-29 12:04:58.809327,2008-08-29 12:06:59.324075,,2008-08-29 12:04:56.059820,2008-08-29 12:06:59.308511,2008-08-29 12:07:00.086357
b28a2e6d256c72a0caf89654308bf02bf5b76017,6cd7d8d37b110668afdca42fc0e1d366b322783e,CAD,failed,v3,not_authorized,authorizing,d292da2283043c07accb1086a004caaf05472d44,vertical 5,type 8,5.0,9e2b06736b477b7a924f60de14a7e329d82d6f4f,2008-12-23 18:08:47.201556,2008-12-23 18:09:15.316967,2008-12-23 18:08:53.435611,,2008-12-23 18:09:15.316967,2008-12-23 18:08:49.940253,,
5065e34f60c661eb75a1183993a041f4b34d3706,6cd7d8d37b110668afdca42fc0e1d366b322783e,CAD,Executed,v3,,,f01dc54a26fe2a3def3dee28f7fb7c56c83ee7e7,vertical 5,type 8,5.4,9e2b06736b477b7a924f60de14a7e329d82d6f4f,2010-01-30 16:20:27.759685,2010-01-30 16:21:05.797410,2010-01-30 16:20:33.425884,2010-01-30 16:21:05.797410,,2010-01-30 16:20:31.617578,2010-01-30 16:21:04.396569,2010-01-30 16:21:05.323000
77473401e1a7805ebff13f34f987d660346bd3b8,b5ab8f51d35b64af079485e5bbbc335213f3a0ae,CAD,Executed,v3,,,f01dc54a26fe2a3def3dee28f7fb7c56c83ee7e7,vertical 5,type 8,8.5,9e2b06736b477b7a924f60de14a7e329d82d6f4f,2010-01-25 18:44:42.533373,2010-01-25 18:45:00.308290,2010-01-25 18:44:46.637577,2010-01-25 18:45:00.308290,,2010-01-25 18:44:45.145689,2010-01-25 18:44:58.577380,2010-01-25 18:45:00.290000
f6cdae2e134dfede24346715d89a12ee6ae168d2,3e3b704ede474cd3cb38721a374cbfe582825415,USD,failed,v3,not_authorized,authorizing,6e00ad8c3ecee4ef5ba5f8ddf15527a0493951a9,vertical 2,type 2,2.5,f69ad584c025f9b756ce1e8c70de3a33aef50b32,2008-02-16 16:27:30.728995,2008-02-17 16:27:36.272555,2008-02-16 16:27:31.945361,,2008-02-17 16:27:36.272555,2008-02-16 16:27:30.728995,,
57a7c32ad4e726a4d0ca7ebd795ebc8e71dc9ae9,b7308502f039e303a048625c725d4aea3380c2ac,CAD,Executed,v3,,,1911acfcfdc29f5349706da6c1494009e7125da0,vertical 5,type 8,2.0,9e2b06736b477b7a924f60de14a7e329d82d6f4f,2010-01-21 16:08:48.663619,2010-01-21 16:09:26.083000,2010-01-21 16:08:54.569236,2010-01-21 16:09:26.083000,,2010-01-21 16:08:52.921043,2010-01-21 16:09:24.375915,2010-01-21 16:09:26.083000
971e853aa143b681313738b7492c492522a0e0ae,b7fdda6d8957d76f5537a7b43f39060422c52953,USD,authorizing,v3,,,6e00ad8c3ecee4ef5ba5f8ddf15527a0493951a9,vertical 2,type 6,1.0,e663a75ca1d25c297c92ca032b7bd8d1af3b0b5c,2008-02-25 17:39:22.499093,2008-02-25 17:39:23.948701,2008-02-25 17:39:23.948701,,,2008-02-25 17:39:22.753278,,
f34fd16ff844424d11458dc59ceaf2e9fcbc1a31,b5ab8f51d35b64af079485e5bbbc335213f3a0ae,CAD,failed,v3,canceled,authorizing,6e00ad8c3ecee4ef5ba5f8ddf15527a0493951a9,vertical 2,type 8,1600.0,9e2b06736b477b7a924f60de14a7e329d82d6f4f,2008-01-10 22:46:28.988849,2008-01-10 22:50:40.019890,2008-01-10 22:46:30.623118,,2008-01-10 22:50:40.019890,2008-01-10 22:46:28.988849,,
9f2506deaa845b90b6091bf0d2ebdcf3bc073c83,6926610db1dfc17aca46a6f67789d7d6c24a7185,CAD,Executed,v3,,,1911acfcfdc29f5349706da6c1494009e7125da0,vertical 5,type 8,5.0,9e2b06736b477b7a924f60de14a7e329d82d6f4f,2010-02-08 22:58:01.984990,2010-02-08 22:58:29.637000,2010-02-08 22:58:05.638178,2010-02-08 22:58:28.324379,,2010-02-08 22:58:03.930917,2010-02-08 22:58:25.914441,2010-02-08 22:58:29.637000
9c55fa2fafd2f69d5ab35f703335a9b64376aaa8,b5ab8f51d35b64af079485e5bbbc335213f3a0ae,CAD,failed,v3,expired,initiated,f01dc54a26fe2a3def3dee28f7fb7c56c83ee7e7,vertical 5,type 8,7.5,9e2b06736b477b7a924f60de14a7e329d82d6f4f,2009-08-28 14:03:35.291603,2009-08-28 14:18:35.488821,2009-08-28 14:03:46.929909,,2009-08-28 14:18:35.488821,2009-08-28 14:03:45.315423,,
bc6741bec63ae79d076972a65cdc5dadcb9bd92f,e8085010136a26d0ebc200ac0751b1d9d673a764,CAD,failed,v3,expired,authorizing,6e00ad8c3ecee4ef5ba5f8ddf15527a0493951a9,vertical 2,type 8,50.0,9e2b06736b477b7a924f60de14a7e329d82d6f4f,2008-02-19 18:17:09.494964,2008-02-19 18:32:09.509502,2008-02-19 18:17:11.024676,,2008-02-19 18:32:09.509502,2008-02-19 18:17:09.494964,,
fd24a40d0ed25783d950e82f41295828a95c1ef2,e8085010136a26d0ebc200ac0751b1d9d673a764,CAD,Executed,v3,,,f01dc54a26fe2a3def3dee28f7fb7c56c83ee7e7,vertical 5,type 8,1.1,9e2b06736b477b7a924f60de14a7e329d82d6f4f,2009-09-01 11:25:20.964293,2009-09-01 11:25:58.845172,2009-09-01 11:25:25.272249,2009-09-01 11:25:58.845172,,2009-09-01 11:25:23.691878,2009-09-01 11:25:54.617679,2009-09-01 11:25:58.845172
61f15a78c0e897846559810d6f42c5f8178790b0,b7fdda6d8957d76f5537a7b43f39060422c52953,USD,Executed,v3,,,6e00ad8c3ecee4ef5ba5f8ddf15527a0493951a9,vertical 2,type 6,2.5,e663a75ca1d25c297c92ca032b7bd8d1af3b0b5c,2008-01-19 12:52:23.299724,2008-01-19 13:02:16.160909,2008-01-19 12:52:24.220067,2008-01-19 13:02:16.160909,,2008-01-19 12:52:23.299724,2008-01-19 12:53:51.493725,
8838ef5e149f6cf78018c8dbac04a4aada6c6954,603364a15bf8abd4b8a2f7d46e6934c397ced244,USD,Executed,v3,,,6e00ad8c3ecee4ef5ba5f8ddf15527a0493951a9,vertical 2,type 2,5.0,f69ad584c025f9b756ce1e8c70de3a33aef50b32,2008-02-13 16:40:49.496083,2008-02-15 00:54:54.830816,2008-02-13 16:40:50.853688,2008-02-15 00:54:54.830816,,2008-02-13 16:40:49.496083,2008-02-13 16:41:26.620144,
5425afea3fa06cb7939fca14e75d50ebb988c7b2,6926610db1dfc17aca46a6f67789d7d6c24a7185,CAD,Executed,v3,,,02abfe216906d699a48d39d56b71327b294027cb,vertical 2,type 8,14.7,9e2b06736b477b7a924f60de14a7e329d82d6f4f,2008-11-26 16:24:58.381443,2008-11-26 16:27:14.826659,2008-11-26 16:25:07.663124,2008-11-26 16:27:13.485913,,2008-11-26 16:25:01.691438,2008-11-26 16:27:12.992865,2008-11-26 16:27:14.826659
cd224f5ce3d155222a27d5f4a340ecb66c214120,6cd7d8d37b110668afdca42fc0e1d366b322783e,CAD,Executed,v3,,,6e00ad8c3ecee4ef5ba5f8ddf15527a0493951a9,vertical 2,type 8,5.0,9e2b06736b477b7a924f60de14a7e329d82d6f4f,2008-02-15 10:57:53.123747,2008-02-15 10:58:45.669265,2008-02-15 10:57:56.596798,2008-02-15 10:58:45.669265,,2008-02-15 10:57:53.123747,2008-02-15 10:58:45.033836,
77dea2113e3388922b24b7320a12f9d9d13b2c62,b5ab8f51d35b64af079485e5bbbc335213f3a0ae,CAD,Executed,v3,,,02abfe216906d699a48d39d56b71327b294027cb,vertical 2,type 8,10.4,9e2b06736b477b7a924f60de14a7e329d82d6f4f,2008-10-15 10:23:53.311029,2008-10-15 10:26:38.220545,2008-10-15 10:24:04.336761,2008-10-15 10:26:38.220545,,2008-10-15 10:23:59.076715,2008-10-15 10:26:35.294075,2008-10-15 10:26:38.220545
817c91f39868a4a863dd5d9a4c919697bbf2dd63,6926610db1dfc17aca46a6f67789d7d6c24a7185,CAD,failed,v3,expired,authorizing,02abfe216906d699a48d39d56b71327b294027cb,vertical 2,type 8,15.0,9e2b06736b477b7a924f60de14a7e329d82d6f4f,2008-08-06 13:24:57.140956,2008-08-06 13:39:57.288256,2008-08-06 13:25:05.439357,,2008-08-06 13:39:57.288256,2008-08-06 13:24:59.839095,,
4a5f9a9ee06a26160f75452bca8b2c8ed2e7c012,0090e57640ed78b0c16ac4606a6773769545bb17,CAD,Executed,v3,,,02abfe216906d699a48d39d56b71327b294027cb,vertical 2,type 8,100.0,9e2b06736b477b7a924f60de14a7e329d82d6f4f,2008-11-16 10:44:52.063471,2008-11-16 10:47:10.950253,2008-11-16 10:44:59.770628,2008-11-16 10:47:10.950253,,2008-11-16 10:44:54.877981,2008-11-16 10:47:09.371559,2008-11-16 10:47:10.950253
a406eea01fa835bbbf6cae29431ae642e353d536,5f832a6dbf1b4303b057cda65035e89fa1e0dc22,USD,authorizing,v3,,,6e00ad8c3ecee4ef5ba5f8ddf15527a0493951a9,vertical 2,type 2,1.0,229fcb7e40c6421b7091c1e9fccf6d94da25d396,2008-02-26 08:32:02.615818,2008-02-26 08:32:03.831686,2008-02-26 08:32:03.831686,,,2008-02-26 08:32:02.879804,,
82537175221adc33a7f85d0e7d4e585d9707a94b,9c23cc6c80b5af209d7f2be501e4d77cb9657429,USD,Executed,v3,,,6e00ad8c3ecee4ef5ba5f8ddf15527a0493951a9,vertical 2,type 3,39.0,37eec10a53dd5fd2f024a17be5961dfceb0c66e6,2008-02-19 22:17:30.189817,2008-02-19 22:17:48.142553,2008-02-19 22:17:30.771636,2008-02-19 22:17:48.142553,,2008-02-19 22:17:30.189817,2008-02-19 22:17:45.836860,
cdae60efdec06e7d17d913817d268624bdc8a1db,6cd7d8d37b110668afdca42fc0e1d366b322783e,CAD,Executed,v3,,,f01dc54a26fe2a3def3dee28f7fb7c56c83ee7e7,vertical 5,type 8,20.0,9e2b06736b477b7a924f60de14a7e329d82d6f4f,2010-01-15 12:35:28.766523,2010-01-15 12:36:30.311044,2010-01-15 12:35:33.291858,2010-01-15 12:36:30.311044,,2010-01-15 12:35:31.724592,2010-01-15 12:36:28.878823,2010-01-15 12:36:29.940000
bf3c17ac900972edc00f7a0fd81e941dd559a499,4d762ce64874cd49be593313e92a1e61cf74417e,CAD,failed,v3,provider_rejected,authorized,01e10adf72398bdf40b668926be2809ccf68b4dd,vertical 2,type 8,2.39,9e2b06736b477b7a924f60de14a7e329d82d6f4f,2008-08-08 09:04:42.403427,2008-08-08 09:05:33.311351,2008-08-08 09:04:50.504477,,2008-08-08 09:05:33.311351,2008-08-08 09:04:43.088695,2008-08-08 09:05:33.309376,
57b4a7272c435ce0ad0ce30dbba22a6344fba6c8,6926610db1dfc17aca46a6f67789d7d6c24a7185,CAD,Executed,v3,,,64c370a753b1db282770cdbf2aba5434a3185b3d,vertical 2,type 8,2.0,9e2b06736b477b7a924f60de14a7e329d82d6f4f,2009-11-07 09:53:58.162927,2009-11-07 09:54:46.547000,2009-11-07 09:54:09.393582,2009-11-07 09:54:46.188702,,2009-11-07 09:53:58.814125,2009-11-07 09:54:42.825196,2009-11-07 09:54:46.547000
8b2a86f7bd66ba5028cdfe25b47381724d3496aa,30f7c597c23522d4038935c6491bb91e74647c22,USD,failed,v3,not_authorized,authorizing,6e00ad8c3ecee4ef5ba5f8ddf15527a0493951a9,vertical 2,type 2,1.0,f69ad584c025f9b756ce1e8c70de3a33aef50b32,2008-02-08 20:42:04.948231,2008-02-08 20:42:59.095875,2008-02-08 20:42:06.120324,,2008-02-08 20:42:59.095875,2008-02-08 20:42:04.948231,,
3efb31382fbc80eea98a2b0ea08683a10aa2f92a,34a0061ba48d1c2810cd930dd69d42482ca92d85,CAD,New,v1,,,01e10adf72398bdf40b668926be2809ccf68b4dd,vertical 2,type 8,2.81,9e2b06736b477b7a924f60de14a7e329d82d6f4f,2008-02-20 08:13:35.990126,2008-02-20 08:13:38.501655,,,,,,
88b5a3378d7c17759feb0117718ee0a2f549c6cc,34a0061ba48d1c2810cd930dd69d42482ca92d85,CAD,Executed,v3,,,01e10adf72398bdf40b668926be2809ccf68b4dd,vertical 2,type 8,20.05,9e2b06736b477b7a924f60de14a7e329d82d6f4f,2008-04-27 13:45:12.060789,2008-04-27 13:45:55.776567,2008-04-27 13:45:24.832632,2008-04-27 13:45:55.776567,,2008-04-27 13:45:12.060789,2008-04-27 13:45:53.273646,
b58075d43fbd3ee1b956b2a719b650891740c98b,4883d73d58b93df33cdf0f61b362b31ab0fcf5b6,CAD,failed,v3,canceled,authorizing,01e10adf72398bdf40b668926be2809ccf68b4dd,vertical 2,type 8,30.05,9e2b06736b477b7a924f60de14a7e329d82d6f4f,2008-12-06 15:02:32.027549,2008-12-06 15:02:39.120207,,,2008-12-06 15:02:39.120207,2008-12-06 15:02:33.525221,,
ff659112278a034d3e5ac5ac4d0287362c65c56c,6cd7d8d37b110668afdca42fc0e1d366b322783e,CAD,Executed,v3,,,f01dc54a26fe2a3def3dee28f7fb7c56c83ee7e7,vertical 5,type 8,5.0,9e2b06736b477b7a924f60de14a7e329d82d6f4f,2010-01-24 20:30:11.822942,2010-01-24 20:30:55.413000,2010-01-24 20:30:19.800868,2010-01-24 20:30:54.923325,,2010-01-24 20:30:18.036934,2010-01-24 20:30:53.542580,2010-01-24 20:30:55.413000
18c82a8f84cb1ee637cb2b074e5e7d3983fdb4be,b5ab8f51d35b64af079485e5bbbc335213f3a0ae,CAD,Executed,v3,,,f01dc54a26fe2a3def3dee28f7fb7c56c83ee7e7,vertical 5,type 8,10.0,9e2b06736b477b7a924f60de14a7e329d82d6f4f,2010-01-04 15:52:25.900991,2010-01-04 15:52:55.170000,2010-01-04 15:52:33.860862,2010-01-04 15:52:53.752259,,2010-01-04 15:52:32.213826,2010-01-04 15:52:52.326830,2010-01-04 15:52:55.170000
3ec6ea5b1c620ccc80a564deb2860c497a3f3ca0,b5ab8f51d35b64af079485e5bbbc335213f3a0ae,CAD,Executed,v3,,,f01dc54a26fe2a3def3dee28f7fb7c56c83ee7e7,vertical 5,type 8,10.0,9e2b06736b477b7a924f60de14a7e329d82d6f4f,2010-01-24 20:25:16.468547,2010-01-24 20:25:37.997000,2010-01-24 20:25:21.038275,2010-01-24 20:25:37.997000,,2010-01-24 20:25:19.508305,2010-01-24 20:25:36.792302,2010-01-24 20:25:37.997000
f4de016263af1855e42477e01ee0538df218a96a,30f7c597c23522d4038935c6491bb91e74647c22,USD,failed,v3,not_authorized,authorizing,6e00ad8c3ecee4ef5ba5f8ddf15527a0493951a9,vertical 2,type 2,5.0,f69ad584c025f9b756ce1e8c70de3a33aef50b32,2008-02-23 12:24:06.837203,2008-02-23 12:24:51.038128,2008-02-23 12:24:08.271980,,2008-02-23 12:24:51.038128,2008-02-23 12:24:06.837203,,
3aec831714160849d6dc3cded267b7f064e30415,b5ab8f51d35b64af079485e5bbbc335213f3a0ae,CAD,Executed,v3,,,6e00ad8c3ecee4ef5ba5f8ddf15527a0493951a9,vertical 2,type 8,9.5,9e2b06736b477b7a924f60de14a7e329d82d6f4f,2008-02-25 00:51:13.651041,2008-02-25 00:51:46.828381,2008-02-25 00:51:14.590133,2008-02-25 00:51:46.828381,,2008-02-25 00:51:13.651041,2008-02-25 00:51:43.769577,
1a99eae75e0772d8b014bd0ce8bcd08ab24bc665,b5ab8f51d35b64af079485e5bbbc335213f3a0ae,CAD,Executed,v3,,,f01dc54a26fe2a3def3dee28f7fb7c56c83ee7e7,vertical 5,type 8,10.0,9e2b06736b477b7a924f60de14a7e329d82d6f4f,2009-08-30 22:27:05.654239,2009-08-30 22:27:27.252898,2009-08-30 22:27:09.927146,2009-08-30 22:27:27.252898,,2009-08-30 22:27:08.361109,2009-08-30 22:27:25.480675,2009-08-30 22:27:27.252898
5fbd095b87968679af703abeb93882f819775991,6cd7d8d37b110668afdca42fc0e1d366b322783e,CAD,Executed,v3,,,f01dc54a26fe2a3def3dee28f7fb7c56c83ee7e7,vertical 5,type 8,2.5,9e2b06736b477b7a924f60de14a7e329d82d6f4f,2009-09-13 14:04:30.518812,2009-09-13 14:05:14.208011,2009-09-13 14:04:38.828596,2009-09-13 14:05:13.866854,,2009-09-13 14:04:34.251661,2009-09-13 14:05:12.156234,2009-09-13 14:05:14.208011
13ad315b0fa9e39e372308162e9e60746a4213c1,fa485aff3f9e34d55d25f78856d4a2526a5f8e6f,CAD,Executed,v3,,,f01dc54a26fe2a3def3dee28f7fb7c56c83ee7e7,vertical 5,type 8,5.5,9e2b06736b477b7a924f60de14a7e329d82d6f4f,2009-10-31 15:11:42.060193,2009-10-31 15:12:12.599451,2009-10-31 15:11:54.575216,2009-10-31 15:12:12.599451,,2009-10-31 15:11:46.992440,2009-10-31 15:12:10.251429,2009-10-31 15:12:12.599451
3af535356eff1b43d1dfee238d29d06a50b0b606,e9b3eef71fa711e7f8be41affba46f0a1727713d,USD,Executed,v3,,,6e00ad8c3ecee4ef5ba5f8ddf15527a0493951a9,vertical 2,type 3,5.0,1ef393c389ad6e2b2d4d865f843dcf351b1d19f5,2008-02-28 08:15:49.208033,2008-02-28 08:16:07.639457,2008-02-28 08:15:49.788271,2008-02-28 08:16:07.639457,,2008-02-28 08:15:49.208033,2008-02-28 08:16:05.387719,
c6adc8e378f1a4b51d8e9e7ff1041059f997bc98,b5ab8f51d35b64af079485e5bbbc335213f3a0ae,CAD,Executed,v3,,,d292da2283043c07accb1086a004caaf05472d44,vertical 5,type 8,2.0,9e2b06736b477b7a924f60de14a7e329d82d6f4f,2009-11-02 17:01:45.225814,2009-11-02 17:02:09.806474,2009-11-02 17:01:53.036443,2009-11-02 17:02:09.329114,,2009-11-02 17:01:50.158585,2009-11-02 17:02:07.707536,2009-11-02 17:02:09.806474
fd6e0bfb50a1da9df2737aec9d22b4c580cfea4a,4d762ce64874cd49be593313e92a1e61cf74417e,CAD,Executed,v3,,,d292da2283043c07accb1086a004caaf05472d44,vertical 5,type 8,5.0,9e2b06736b477b7a924f60de14a7e329d82d6f4f,2008-12-03 12:50:54.153461,2008-12-03 12:51:51.761109,2008-12-03 12:51:06.170983,2008-12-03 12:51:51.153023,,2008-12-03 12:51:01.001169,2008-12-03 12:51:51.139720,2008-12-03 12:51:51.761109
97ce72557dc448ad385ecb94ecdaf1ee137d1d85,e8085010136a26d0ebc200ac0751b1d9d673a764,CAD,failed,v3,expired,initiated,f01dc54a26fe2a3def3dee28f7fb7c56c83ee7e7,vertical 5,type 8,2.0,9e2b06736b477b7a924f60de14a7e329d82d6f4f,2010-02-09 23:12:43.027824,2010-02-09 23:27:43.105117,2010-02-09 23:12:48.287273,,2010-02-09 23:27:43.105117,2010-02-09 23:12:46.709768,,
3599ccbd3353e5a3fac3f5bdea9f647745671f8b,0090e57640ed78b0c16ac4606a6773769545bb17,CAD,Executed,v3,,,1911acfcfdc29f5349706da6c1494009e7125da0,vertical 5,type 8,3.0,9e2b06736b477b7a924f60de14a7e329d82d6f4f,2010-02-09 07:41:17.935304,2010-02-09 07:42:08.097000,2010-02-09 07:41:22.797447,2010-02-09 07:42:08.097000,,2010-02-09 07:41:20.915975,2010-02-09 07:42:06.820808,2010-02-09 07:42:08.097000
73508438d187e2a4d4807caab6c008041b01888f,b5ab8f51d35b64af079485e5bbbc335213f3a0ae,CAD,Executed,v3,,,f01dc54a26fe2a3def3dee28f7fb7c56c83ee7e7,vertical 5,type 8,3.0,9e2b06736b477b7a924f60de14a7e329d82d6f4f,2010-02-07 18:52:31.821833,2010-02-07 18:53:09.770000,2010-02-07 18:52:40.179461,2010-02-07 18:53:09.770000,,2010-02-07 18:52:38.517457,2010-02-07 18:53:08.033669,2010-02-07 18:53:09.770000
62326dd2537ab493ad6bc06f572114cc73cf46ac,312dccf7c915f4e8819eb22102edaf29d22e2922,USD,Executed,v3,,,6e00ad8c3ecee4ef5ba5f8ddf15527a0493951a9,vertical 2,type 6,5.0,e663a75ca1d25c297c92ca032b7bd8d1af3b0b5c,2008-02-25 09:18:40.861651,2008-02-25 09:19:35.988209,2008-02-25 09:18:42.463169,2008-02-25 09:19:35.988209,,2008-02-25 09:18:40.861651,2008-02-25 09:19:05.610853,
5feab8422d7408124136f2531bac5ba9447cf85c,b7fdda6d8957d76f5537a7b43f39060422c52953,USD,authorizing,v3,,,6e00ad8c3ecee4ef5ba5f8ddf15527a0493951a9,vertical 2,type 6,1.0,e663a75ca1d25c297c92ca032b7bd8d1af3b0b5c,2008-02-02 10:53:38.829435,2008-02-02 10:53:39.880587,2008-02-02 10:53:39.880587,,,2008-02-02 10:53:39.062364,,
1a3c11870b15616df76b9df59686e419c721e0ea,6926610db1dfc17aca46a6f67789d7d6c24a7185,CAD,Executed,v3,,,02abfe216906d699a48d39d56b71327b294027cb,vertical 2,type 8,5.9,9e2b06736b477b7a924f60de14a7e329d82d6f4f,2008-07-01 13:57:02.263179,2008-07-01 13:58:04.494181,2008-07-01 13:57:08.936366,2008-07-01 13:58:03.253191,,2008-07-01 13:57:03.838291,2008-07-01 13:58:03.250853,2008-07-01 13:58:04.494181
6d46f7612c16af45a3295161ad305bfb8010ca12,b5ab8f51d35b64af079485e5bbbc335213f3a0ae,CAD,Executed,v3,,,02abfe216906d699a48d39d56b71327b294027cb,vertical 2,type 8,15.0,9e2b06736b477b7a924f60de14a7e329d82d6f4f,2009-03-23 10:03:53.486984,2009-03-23 10:05:23.098278,2009-03-23 10:04:01.230163,2009-03-23 10:05:23.098278,,2009-03-23 10:03:55.547747,2009-03-23 10:05:20.243696,2009-03-23 10:05:23.098278
4f12556c718ba559617e9a25551b4b87b5d1fee7,6cd7d8d37b110668afdca42fc0e1d366b322783e,CAD,Executed,v3,,,02abfe216906d699a48d39d56b71327b294027cb,vertical 2,type 8,2.2,9e2b06736b477b7a924f60de14a7e329d82d6f4f,2008-12-23 19:25:04.487371,2008-12-23 19:26:02.417428,2008-12-23 19:25:11.591818,2008-12-23 19:26:00.168341,,2008-12-23 19:25:06.925968,2008-12-23 19:26:00.166569,2008-12-23 19:26:02.417428
3152c16012320e4de8bcf190ce2a6eb80d1248f1,b5ab8f51d35b64af079485e5bbbc335213f3a0ae,CAD,Executed,v3,,,02abfe216906d699a48d39d56b71327b294027cb,vertical 2,type 8,132.7,9e2b06736b477b7a924f60de14a7e329d82d6f4f,2008-09-27 16:35:44.182121,2008-09-27 16:38:25.430977,2008-09-27 16:35:54.104423,2008-09-27 16:38:24.515645,,2008-09-27 16:35:48.782285,2008-09-27 16:38:21.639983,2008-09-27 16:38:25.430977
712a4fef28eafc34121f15ee7b3b817671fefb36,e9b3eef71fa711e7f8be41affba46f0a1727713d,USD,authorizing,v3,,,6e00ad8c3ecee4ef5ba5f8ddf15527a0493951a9,vertical 2,type 3,1500.0,1ef393c389ad6e2b2d4d865f843dcf351b1d19f5,2008-02-21 10:52:07.397649,2008-02-21 10:52:08.513311,2008-02-21 10:52:08.513311,,,2008-02-21 10:52:08.112846,,
b17fd7d2db90fecb667276c831f6837d30e0ffdb,660054a4565377c6e43ff7709abf56d8494ba604,CAD,Executed,v3,,,1911acfcfdc29f5349706da6c1494009e7125da0,vertical 5,type 8,1.5,9e2b06736b477b7a924f60de14a7e329d82d6f4f,2010-01-30 12:28:57.093560,2010-01-30 12:29:19.150000,2010-01-30 12:29:00.816770,2010-01-30 12:29:19.150000,,2010-01-30 12:28:59.012094,2010-01-30 12:29:18.727565,2010-01-30 12:29:19.150000
b1f803aefb1bcf0a85935cea2459ed8c83904287,660054a4565377c6e43ff7709abf56d8494ba604,CAD,failed,v3,expired,initiated,1911acfcfdc29f5349706da6c1494009e7125da0,vertical 5,type 8,8.0,9e2b06736b477b7a924f60de14a7e329d82d6f4f,2010-01-31 16:38:47.244449,2010-01-31 16:53:47.462329,2010-01-31 16:38:52.350011,,2010-01-31 16:53:47.462329,2010-01-31 16:38:50.616115,,
8db6f163a2bc00d401c7493651107788c68a91d0,6cd7d8d37b110668afdca42fc0e1d366b322783e,CAD,Executed,v3,,,01e10adf72398bdf40b668926be2809ccf68b4dd,vertical 2,type 8,50.0,9e2b06736b477b7a924f60de14a7e329d82d6f4f,2009-11-27 15:23:32.736746,2009-11-27 15:26:48.089099,2009-11-27 15:23:44.246951,2009-11-27 15:26:48.089099,,2009-11-27 15:23:34.136309,2009-11-27 15:26:45.068939,
800b59feeefb45b816cab449f8a76b16303fbf59,b5ab8f51d35b64af079485e5bbbc335213f3a0ae,CAD,failed,v3,expired,authorizing,6e00ad8c3ecee4ef5ba5f8ddf15527a0493951a9,vertical 2,type 8,150.0,9e2b06736b477b7a924f60de14a7e329d82d6f4f,2008-02-17 18:51:12.884005,2008-02-17 19:06:12.928485,2008-02-17 18:51:14.611171,,2008-02-17 19:06:12.928485,2008-02-17 18:51:12.884005,,
966b08fc73e504943ef4020667afe7127f2e3615,9b9923c2934458e610a7aeeea9efbb1845be3dd8,USD,failed,v3,internal_server_error,authorization_required,6e00ad8c3ecee4ef5ba5f8ddf15527a0493951a9,vertical 2,type 2,50.0,f69ad584c025f9b756ce1e8c70de3a33aef50b32,2008-01-30 21:27:05.433295,2008-01-30 21:27:05.724726,,,2008-01-30 21:27:05.724726,,,
051f0ef58dc05fa52e4b3e209cc720dde2225159,e9b3eef71fa711e7f8be41affba46f0a1727713d,USD,initiated,v3,,,6e00ad8c3ecee4ef5ba5f8ddf15527a0493951a9,vertical 2,type 3,27.0,1ef393c389ad6e2b2d4d865f843dcf351b1d19f5,2008-02-28 16:26:04.993301,2008-02-28 16:26:05.608445,2008-02-28 16:26:05.608445,,,2008-02-28 16:26:05.243224,,
4e4d3b476f19fbb51fa56e2866e405f67a1b6c09,b7fdda6d8957d76f5537a7b43f39060422c52953,USD,Executed,v3,,,6e00ad8c3ecee4ef5ba5f8ddf15527a0493951a9,vertical 2,type 6,10.0,e663a75ca1d25c297c92ca032b7bd8d1af3b0b5c,2008-02-12 10:50:51.869318,2008-02-12 11:06:51.151302,2008-02-12 10:50:53.151126,2008-02-12 11:06:51.151302,,2008-02-12 10:50:51.869318,2008-02-12 10:53:05.831993,
8b8a62213142d5cba2f0325510994cbbcbaf23de,7793607afc91c55351f23d75015223501cd65cd2,USD,failed,v3,provider_rejected,authorized,6e00ad8c3ecee4ef5ba5f8ddf15527a0493951a9,vertical 2,type 2,20.0,f69ad584c025f9b756ce1e8c70de3a33aef50b32,2008-02-03 17:12:43.964453,2008-02-04 17:13:27.750034,2008-02-03 17:12:45.705293,,2008-02-04 17:13:27.750034,2008-02-03 17:12:43.964453,2008-02-04 17:12:53.182704,
bb44a1e230334ebd624961df205f2c3d45dc2483,34a0061ba48d1c2810cd930dd69d42482ca92d85,CAD,Executed,v3,,,6e00ad8c3ecee4ef5ba5f8ddf15527a0493951a9,vertical 2,type 8,25.0,9e2b06736b477b7a924f60de14a7e329d82d6f4f,2008-02-02 01:41:20.316567,2008-02-02 01:43:47.124615,2008-02-02 01:41:21.348703,2008-02-02 01:43:47.124615,,2008-02-02 01:41:20.316567,2008-02-02 01:43:44.618747,
a6fc5389534a7fac5575f062b350c96b74acf20c,3674b4d292131698ba6c946dda67a8fd8b63f12a,CAD,Executed,v3,,,1911acfcfdc29f5349706da6c1494009e7125da0,vertical 5,type 8,2.2,9e2b06736b477b7a924f60de14a7e329d82d6f4f,2010-01-27 09:38:38.401954,2010-01-27 09:39:12.063000,2010-01-27 09:38:43.398125,2010-01-27 09:39:12.063000,,2010-01-27 09:38:41.764763,2010-01-27 09:39:09.679727,2010-01-27 09:39:12.063000
97ab8ff67795a90a19e646e780079e9aa2865305,b5ab8f51d35b64af079485e5bbbc335213f3a0ae,CAD,Executed,v3,,,f01dc54a26fe2a3def3dee28f7fb7c56c83ee7e7,vertical 5,type 8,1.0,9e2b06736b477b7a924f60de14a7e329d82d6f4f,2010-01-25 07:15:26.442533,2010-01-25 07:16:45.903000,2010-01-25 07:15:36.442542,2010-01-25 07:16:45.903000,,2010-01-25 07:15:34.688880,2010-01-25 07:16:44.744788,2010-01-25 07:16:45.903000
82fc6bf37cbcd7136ffef0c83f9fd9a57fd10d75,b5ab8f51d35b64af079485e5bbbc335213f3a0ae,CAD,Executed,v3,,,f01dc54a26fe2a3def3dee28f7fb7c56c83ee7e7,vertical 5,type 8,10.0,9e2b06736b477b7a924f60de14a7e329d82d6f4f,2010-02-03 14:27:52.290641,2010-02-03 14:29:09.290000,2010-02-03 14:27:58.872481,2010-02-03 14:29:09.290000,,2010-02-03 14:27:57.193488,2010-02-03 14:29:07.830865,2010-02-03 14:29:09.290000
52abd7878b8f3c64813614d31ef0e94bb67de9ba,4f854bb13478893164129f795e7304d755c7558e,USD,initiated,v3,,,6e00ad8c3ecee4ef5ba5f8ddf15527a0493951a9,vertical 2,type 6,4.5,1ef393c389ad6e2b2d4d865f843dcf351b1d19f5,2008-02-29 05:48:39.652520,2008-02-29 05:48:39.981806,2008-02-29 05:48:39.981806,,,2008-02-29 05:48:39.923006,,
1ca8fd30144437520ad8c213f84739f4fccec08c,2806cc87ef4428a0e02d69be4c55e86c26c1a39d,USD,authorizing,v3,,,6e00ad8c3ecee4ef5ba5f8ddf15527a0493951a9,vertical 2,type 2,50.0,2709cc79b96641fdf25b1da4ed76b33b0f0cde57,2008-02-02 17:18:28.598327,2008-02-02 17:18:30.424534,2008-02-02 17:18:30.424534,,,2008-02-02 17:18:28.831796,,
f637caab84e18b6a47b17d26c1ff984c13e7d4b4,3674b4d292131698ba6c946dda67a8fd8b63f12a,CAD,failed,v3,expired,authorizing,6e00ad8c3ecee4ef5ba5f8ddf15527a0493951a9,vertical 2,type 8,1.0,9e2b06736b477b7a924f60de14a7e329d82d6f4f,2008-02-23 13:46:04.541235,2008-02-23 14:01:04.702577,2008-02-23 13:46:05.674087,,2008-02-23 14:01:04.702577,2008-02-23 13:46:04.541235,,
6f60dc6af11b27f2d35bead54d64e86a4c889153,3fe4892bae411b0fcb10910a8068d2853fb5058d,USD,failed,v3,rejected,authorization_required,6e00ad8c3ecee4ef5ba5f8ddf15527a0493951a9,vertical 2,type 2,2.0,229fcb7e40c6421b7091c1e9fccf6d94da25d396,2008-02-19 11:59:56.910959,2008-02-19 11:59:57.228010,,,2008-02-19 11:59:57.228010,,,
b6f9505f8bcfb23fc36bbd638dd7350b4dbe02fb,ef5fd3772894624523e41ab5fa5205af0a62d902,CAD,failed,v3,canceled,authorizing,f66f2f438fc87dd7deff8e022a67cc5d71aa6968,vertical 2,type 8,102.33,9e2b06736b477b7a924f60de14a7e329d82d6f4f,2010-02-10 11:17:34.505448,2010-02-10 11:17:52.065641,,,2010-02-10 11:17:52.065641,2010-02-10 11:17:37.416441,,
5a5b135c583b4c9aec851b85c1ffa7a541f56f28,0090e57640ed78b0c16ac4606a6773769545bb17,CAD,Executed,v3,,,f66f2f438fc87dd7deff8e022a67cc5d71aa6968,vertical 2,type 8,6.5,9e2b06736b477b7a924f60de14a7e329d82d6f4f,2009-10-22 10:49:05.579037,2009-10-22 10:49:37.739556,2009-10-22 10:49:11.169327,2009-10-22 10:49:37.739556,,2009-10-22 10:49:05.885497,2009-10-22 10:49:36.381117,2009-10-22 10:49:37.739556
ba5bd4e8f00ff699fc95f7aa91c1274226beab99,b5ab8f51d35b64af079485e5bbbc335213f3a0ae,CAD,Executed,v3,,,f01dc54a26fe2a3def3dee28f7fb7c56c83ee7e7,vertical 5,type 8,2.0,9e2b06736b477b7a924f60de14a7e329d82d6f4f,2010-02-05 20:42:53.877075,2010-02-05 20:43:17.010809,2010-02-05 20:43:01.238041,2010-02-05 20:43:17.010809,,2010-02-05 20:42:59.611480,2010-02-05 20:43:14.994465,2010-02-05 20:43:16.567000
107891c35a3d168a467af32bdc2ad864cee24f33,6cd7d8d37b110668afdca42fc0e1d366b322783e,CAD,failed,v3,not_authorized,initiated,f01dc54a26fe2a3def3dee28f7fb7c56c83ee7e7,vertical 5,type 8,0.5,9e2b06736b477b7a924f60de14a7e329d82d6f4f,2009-11-16 18:29:33.110202,2009-11-16 18:30:04.035685,2009-11-16 18:29:38.589212,,2009-11-16 18:30:04.035685,2009-11-16 18:29:36.864253,,
03409f88165ab76f5b3caaafedf13fb32a147680,e8085010136a26d0ebc200ac0751b1d9d673a764,CAD,Executed,v3,,,f01dc54a26fe2a3def3dee28f7fb7c56c83ee7e7,vertical 5,type 8,10.0,9e2b06736b477b7a924f60de14a7e329d82d6f4f,2009-12-22 18:02:10.015287,2009-12-22 18:02:37.395795,2009-12-22 18:02:15.379729,2009-12-22 18:02:37.395795,,2009-12-22 18:02:13.860160,2009-12-22 18:02:33.374193,2009-12-22 18:02:37.150000
68eb32eba1238ff8673261419d60106abfb3a5e6,34a0061ba48d1c2810cd930dd69d42482ca92d85,CAD,Executed,v3,,,6e00ad8c3ecee4ef5ba5f8ddf15527a0493951a9,vertical 2,type 8,30.0,9e2b06736b477b7a924f60de14a7e329d82d6f4f,2008-02-27 21:03:42.866282,2008-02-27 21:04:10.210979,2008-02-27 21:03:43.833804,2008-02-27 21:04:10.210979,,2008-02-27 21:03:42.866282,2008-02-27 21:04:07.575696,
605b76991d3a0deab6a3e63343a85e49fa229a32,b5ab8f51d35b64af079485e5bbbc335213f3a0ae,CAD,Executed,v3,,,f66f2f438fc87dd7deff8e022a67cc5d71aa6968,vertical 2,type 8,2.44,9e2b06736b477b7a924f60de14a7e329d82d6f4f,2010-01-27 10:30:07.363805,2010-01-27 10:31:04.772214,2010-01-27 10:30:15.811124,2010-01-27 10:31:04.772214,,2010-01-27 10:30:11.483100,2010-01-27 10:31:02.980336,2010-01-27 10:31:04.647000
65c37965477d42abcdb262f295bd89e27e624b5e,b5ab8f51d35b64af079485e5bbbc335213f3a0ae,CAD,Executed,v3,,,f66f2f438fc87dd7deff8e022a67cc5d71aa6968,vertical 2,type 8,9.94,9e2b06736b477b7a924f60de14a7e329d82d6f4f,2009-11-02 09:48:29.798733,2009-11-02 09:49:07.279697,2009-11-02 09:48:38.078649,2009-11-02 09:49:06.872810,,2009-11-02 09:48:32.054211,2009-11-02 09:49:05.231456,2009-11-02 09:49:07.279697
f1a5231d80f1dbf60773bf4a68752788d581ec2e,34a0061ba48d1c2810cd930dd69d42482ca92d85,CAD,failed,v3,expired,initiated,f66f2f438fc87dd7deff8e022a67cc5d71aa6968,vertical 2,type 8,31.76,9e2b06736b477b7a924f60de14a7e329d82d6f4f,2009-12-31 22:36:41.039467,2009-12-31 22:51:41.170773,2009-12-31 22:36:56.092778,,2009-12-31 22:51:41.170773,2009-12-31 22:36:51.077123,,
3a21f6b936a42be9305b82a9dd961e668598882c,eb1c4738ae6ac9c907a46a541af2d02d6be2f05b,CAD,Executed,v3,,,f01dc54a26fe2a3def3dee28f7fb7c56c83ee7e7,vertical 5,type 8,1.0,9e2b06736b477b7a924f60de14a7e329d82d6f4f,2010-01-08 00:27:47.390784,2010-01-08 00:28:24.282613,2010-01-08 00:27:52.675183,2010-01-08 00:28:24.282613,,2010-01-08 00:27:51.006826,2010-01-08 00:28:22.912152,2010-01-08 00:28:24.183000
21a57aeb1497133829fed243141e745c087f504b,b5ab8f51d35b64af079485e5bbbc335213f3a0ae,CAD,failed,v3,expired,authorization_required,f01dc54a26fe2a3def3dee28f7fb7c56c83ee7e7,vertical 5,type 8,1.0,9e2b06736b477b7a924f60de14a7e329d82d6f4f,2009-12-10 09:46:16.065697,2009-12-10 10:01:16.235564,,,2009-12-10 10:01:16.235564,,,
43295a73e4b92580deebfbe0ffdab8301037f648,e8085010136a26d0ebc200ac0751b1d9d673a764,CAD,Executed,v3,,,f01dc54a26fe2a3def3dee28f7fb7c56c83ee7e7,vertical 5,type 8,1.0,9e2b06736b477b7a924f60de14a7e329d82d6f4f,2010-01-13 13:50:18.229292,2010-01-13 13:50:42.795110,2010-01-13 13:50:23.115336,2010-01-13 13:50:42.795110,,2010-01-13 13:50:21.529301,2010-01-13 13:50:40.020735,2010-01-13 13:50:42.683000
c88791c9e2852ab03577f9017f63d19ab4dfa8ce,0090e57640ed78b0c16ac4606a6773769545bb17,CAD,Executed,v3,,,f01dc54a26fe2a3def3dee28f7fb7c56c83ee7e7,vertical 5,type 8,0.5,9e2b06736b477b7a924f60de14a7e329d82d6f4f,2010-01-01 17:35:30.600452,2010-01-01 17:36:11.353000,2010-01-01 17:35:35.551371,2010-01-01 17:36:10.928322,,2010-01-01 17:35:33.550276,2010-01-01 17:36:08.359234,2010-01-01 17:36:11.353000
4a25e7f46b8799711fdeeb7d726aec5b15ca0239,30f7c597c23522d4038935c6491bb91e74647c22,USD,Executed,v3,,,6e00ad8c3ecee4ef5ba5f8ddf15527a0493951a9,vertical 2,type 2,20.0,f69ad584c025f9b756ce1e8c70de3a33aef50b32,2008-02-19 09:38:03.392057,2008-02-19 10:27:51.338423,2008-02-19 09:38:04.133434,2008-02-19 10:27:51.338423,,2008-02-19 09:38:03.392057,2008-02-19 09:38:58.915036,
e04f0ac766ab6fa4a63101c6132f2f6f77465cab,b7fdda6d8957d76f5537a7b43f39060422c52953,USD,Executed,v3,,,6e00ad8c3ecee4ef5ba5f8ddf15527a0493951a9,vertical 2,type 6,10.0,e663a75ca1d25c297c92ca032b7bd8d1af3b0b5c,2008-01-25 15:32:52.817026,2008-01-25 15:52:20.524026,2008-01-25 15:32:53.825914,2008-01-25 15:52:20.524026,,2008-01-25 15:32:52.817026,2008-01-25 15:33:35.503439,
2648d38c4091000bb95f42b4e75dc152827ad8ac,e9b3eef71fa711e7f8be41affba46f0a1727713d,USD,Executed,v3,,,6e00ad8c3ecee4ef5ba5f8ddf15527a0493951a9,vertical 2,type 3,499.0,1ef393c389ad6e2b2d4d865f843dcf351b1d19f5,2008-02-20 08:45:47.088738,2008-02-20 08:48:54.860959,2008-02-20 08:45:47.935323,2008-02-20 08:48:54.860959,,2008-02-20 08:45:47.088738,2008-02-20 08:46:00.148757,
7d333fe4fb37661fe24b4e94789e209c8b8a5ae2,b5ab8f51d35b64af079485e5bbbc335213f3a0ae,CAD,Executed,v3,,,f01dc54a26fe2a3def3dee28f7fb7c56c83ee7e7,vertical 5,type 8,1.0,9e2b06736b477b7a924f60de14a7e329d82d6f4f,2009-08-08 13:48:40.696900,2009-08-08 13:49:35.400126,2009-08-08 13:48:46.519005,2009-08-08 13:49:30.602763,,2009-08-08 13:48:45.065693,2009-08-08 13:49:28.882945,2009-08-08 13:49:35.400126
201130c008b3d8577b2d74ee55f0562f3b075083,b7308502f039e303a048625c725d4aea3380c2ac,CAD,Executed,v3,,,f66f2f438fc87dd7deff8e022a67cc5d71aa6968,vertical 2,type 8,0.04,9e2b06736b477b7a924f60de14a7e329d82d6f4f,2010-02-10 17:13:55.066778,2010-02-10 17:14:17.450000,2010-02-10 17:14:01.275021,2010-02-10 17:14:17.450000,,2010-02-10 17:13:56.023437,2010-02-10 17:14:16.438653,2010-02-10 17:14:17.450000
7e9f311b6df28536a3793a6ea03b06bd04696d6a,b5ab8f51d35b64af079485e5bbbc335213f3a0ae,CAD,Executed,v3,,,f66f2f438fc87dd7deff8e022a67cc5d71aa6968,vertical 2,type 8,29.16,9e2b06736b477b7a924f60de14a7e329d82d6f4f,2009-12-31 07:16:49.009191,2009-12-31 07:17:25.250000,2009-12-31 07:16:56.075744,2009-12-31 07:17:24.364898,,2009-12-31 07:16:52.341492,2009-12-31 07:17:22.982023,2009-12-31 07:17:25.250000
725157421ac9c1d89a60ac9c8c70164d60d83609,614f918e6feee31a627e487db0e58c331fc9d4b7,CAD,Executed,v3,,,6e00ad8c3ecee4ef5ba5f8ddf15527a0493951a9,vertical 2,type 8,80.0,9e2b06736b477b7a924f60de14a7e329d82d6f4f,2008-02-28 20:28:16.255245,2008-02-28 20:28:53.755563,2008-02-28 20:28:16.580244,2008-02-28 20:28:53.755563,,2008-02-28 20:28:16.255245,2008-02-28 20:28:49.328915,
e2b395f3e26afc965cdb7d551e80d1773f578863,b5ab8f51d35b64af079485e5bbbc335213f3a0ae,CAD,Executed,v3,,,f01dc54a26fe2a3def3dee28f7fb7c56c83ee7e7,vertical 5,type 8,3.0,9e2b06736b477b7a924f60de14a7e329d82d6f4f,2009-09-20 11:02:41.165435,2009-09-20 11:03:06.011929,2009-09-20 11:02:45.606298,2009-09-20 11:03:04.713527,,2009-09-20 11:02:44.087034,2009-09-20 11:03:03.128397,2009-09-20 11:03:06.011929
93fcc1672e643ae0fbec23e9d5aea2bfdb10d158,8216651c8989eb69415e6fd793175c69351debc5,USD,Executed,v3,,,6e00ad8c3ecee4ef5ba5f8ddf15527a0493951a9,vertical 2,type 2,4.0,f69ad584c025f9b756ce1e8c70de3a33aef50b32,2008-02-24 12:27:10.631663,2008-02-27 00:43:02.203037,2008-02-24 12:27:12.247660,2008-02-27 00:43:02.203037,,2008-02-24 12:27:10.631663,2008-02-24 12:28:09.499775,
35df81bd3572a194648292e381fce1e3cfb8d4ee,30f7c597c23522d4038935c6491bb91e74647c22,USD,failed,v3,canceled,authorizing,6e00ad8c3ecee4ef5ba5f8ddf15527a0493951a9,vertical 2,type 2,50.0,f69ad584c025f9b756ce1e8c70de3a33aef50b32,2008-01-31 09:57:23.386371,2008-01-31 10:00:30.921914,2008-01-31 09:57:24.736869,,2008-01-31 10:00:30.921914,2008-01-31 09:57:23.386371,,
e9e244dbbbf6498a43c23c3008fbcdef7c1f06b9,b5ab8f51d35b64af079485e5bbbc335213f3a0ae,CAD,Executed,v3,,,f01dc54a26fe2a3def3dee28f7fb7c56c83ee7e7,vertical 5,type 8,1.0,9e2b06736b477b7a924f60de14a7e329d82d6f4f,2010-01-31 06:23:21.711477,2010-01-31 06:24:05.430000,2010-01-31 06:23:26.857850,2010-01-31 06:24:05.430000,,2010-01-31 06:23:25.345193,2010-01-31 06:24:04.459810,2010-01-31 06:24:05.430000
752c53488a185628e612325c4a3b7203a11bcbfb,fa485aff3f9e34d55d25f78856d4a2526a5f8e6f,CAD,Executed,v3,,,f01dc54a26fe2a3def3dee28f7fb7c56c83ee7e7,vertical 5,type 8,5.0,9e2b06736b477b7a924f60de14a7e329d82d6f4f,2009-09-30 14:56:52.232252,2009-09-30 14:57:18.632190,2009-09-30 14:57:00.862986,2009-09-30 14:57:18.632190,,2009-09-30 14:56:58.997772,2009-09-30 14:57:16.242919,2009-09-30 14:57:18.632190
560b9ec449a85a27005d639d48060edbca198d9a,e9b3eef71fa711e7f8be41affba46f0a1727713d,USD,Executed,v3,,,6e00ad8c3ecee4ef5ba5f8ddf15527a0493951a9,vertical 2,type 3,90.0,1ef393c389ad6e2b2d4d865f843dcf351b1d19f5,2008-01-22 15:19:21.929088,2008-01-22 15:21:43.259815,2008-01-22 15:19:24.022044,2008-01-22 15:21:43.259815,,2008-01-22 15:19:21.929088,2008-01-22 15:21:36.954926,
1df535331ec84aa6ca9453fdffd6f1ef25ce89b1,3fe4892bae411b0fcb10910a8068d2853fb5058d,USD,failed,v3,rejected,authorization_required,6e00ad8c3ecee4ef5ba5f8ddf15527a0493951a9,vertical 2,type 2,80.0,229fcb7e40c6421b7091c1e9fccf6d94da25d396,2008-02-21 07:50:17.051972,2008-02-21 07:50:18.260767,,,2008-02-21 07:50:18.260767,,,
d9e9201772a329e81e8479f382a1f3685325d97c,e8085010136a26d0ebc200ac0751b1d9d673a764,CAD,failed,v3,provider_error,authorization_required,6e00ad8c3ecee4ef5ba5f8ddf15527a0493951a9,vertical 2,type 8,5.0,9e2b06736b477b7a924f60de14a7e329d82d6f4f,2008-02-27 17:12:50.676919,2008-02-27 17:12:51.974421,,,2008-02-27 17:12:51.974421,,,
97ac74f2ae8760b3fc182a9b70124b4a584d78e3,b5ab8f51d35b64af079485e5bbbc335213f3a0ae,CAD,Executed,v3,,,f01dc54a26fe2a3def3dee28f7fb7c56c83ee7e7,vertical 5,type 8,10.0,9e2b06736b477b7a924f60de14a7e329d82d6f4f,2009-12-03 11:14:29.353448,2009-12-03 11:14:59.580884,2009-12-03 11:14:35.870518,2009-12-03 11:14:59.580884,,2009-12-03 11:14:34.218380,2009-12-03 11:14:57.695117,2009-12-03 11:14:59.263000
a08bda31518dac4de73f4fbcfd5d7dc21a0cb109,b5ab8f51d35b64af079485e5bbbc335213f3a0ae,CAD,failed,v3,expired,authorization_required,f01dc54a26fe2a3def3dee28f7fb7c56c83ee7e7,vertical 5,type 8,0.5,9e2b06736b477b7a924f60de14a7e329d82d6f4f,2009-10-08 12:02:50.224087,2009-10-08 12:17:50.592543,,,2009-10-08 12:17:50.592543,,,
702974d94927a60802edaf1dfceb7aeb4bfd918f,b5ab8f51d35b64af079485e5bbbc335213f3a0ae,CAD,failed,v3,expired,initiated,f01dc54a26fe2a3def3dee28f7fb7c56c83ee7e7,vertical 5,type 8,2.0,9e2b06736b477b7a924f60de14a7e329d82d6f4f,2010-02-06 10:35:07.372950,2010-02-06 10:50:07.524711,2010-02-06 10:35:13.703854,,2010-02-06 10:50:07.524711,2010-02-06 10:35:12.056199,,
a9f2cdfb7977a6ccc43528f5e3095d8d2a9184e7,4d762ce64874cd49be593313e92a1e61cf74417e,CAD,failed,v3,expired,initiated,f01dc54a26fe2a3def3dee28f7fb7c56c83ee7e7,vertical 5,type 8,0.75,9e2b06736b477b7a924f60de14a7e329d82d6f4f,2010-01-19 10:14:00.664179,2010-01-19 10:29:00.882573,2010-01-19 10:14:18.694351,,2010-01-19 10:29:00.882573,2010-01-19 10:14:05.343270,,
0dc31cfc0d49dde55a46ab804adc22a710b75901,b5ab8f51d35b64af079485e5bbbc335213f3a0ae,CAD,Executed,v3,,,f66f2f438fc87dd7deff8e022a67cc5d71aa6968,vertical 2,type 8,4.0,9e2b06736b477b7a924f60de14a7e329d82d6f4f,2009-07-28 12:25:38.494563,2009-07-28 12:26:14.173821,2009-07-28 12:25:43.144289,2009-07-28 12:26:14.118581,,2009-07-28 12:25:39.057303,2009-07-28 12:26:12.188042,2009-07-28 12:26:14.173821
a0a06b619c15d12dcbe7913883651a9c78551f79,6cd7d8d37b110668afdca42fc0e1d366b322783e,CAD,Executed,v3,,,f66f2f438fc87dd7deff8e022a67cc5d71aa6968,vertical 2,type 8,5.0,9e2b06736b477b7a924f60de14a7e329d82d6f4f,2009-09-05 22:06:34.261260,2009-09-05 22:07:35.818408,2009-09-05 22:06:45.006982,2009-09-05 22:07:34.648699,,2009-09-05 22:06:38.674848,2009-09-05 22:07:32.908824,2009-09-05 22:07:35.818408
741b697e71dd9ccfd21a6f94e9a8fb261ace7ea5,fa485aff3f9e34d55d25f78856d4a2526a5f8e6f,CAD,Executed,v3,,,f66f2f438fc87dd7deff8e022a67cc5d71aa6968,vertical 2,type 8,2.0,9e2b06736b477b7a924f60de14a7e329d82d6f4f,2009-08-12 12:02:29.152480,2009-08-12 12:02:56.190682,2009-08-12 12:02:37.170990,2009-08-12 12:02:51.599676,,2009-08-12 12:02:30.093364,2009-08-12 12:02:49.014925,2009-08-12 12:02:56.190682
99569d3c5deac55724ef565ddeebd2aa4f1afde6,6cd7d8d37b110668afdca42fc0e1d366b322783e,CAD,Executed,v3,,,f01dc54a26fe2a3def3dee28f7fb7c56c83ee7e7,vertical 5,type 8,0.8,9e2b06736b477b7a924f60de14a7e329d82d6f4f,2009-11-25 16:35:14.254970,2009-11-25 16:35:45.230000,2009-11-25 16:35:17.890572,2009-11-25 16:35:45.230000,,2009-11-25 16:35:16.159976,2009-11-25 16:35:43.687841,2009-11-25 16:35:45.230000
2645d2aec5382cee3195f2de8aa810ef6a3f59b7,b5ab8f51d35b64af079485e5bbbc335213f3a0ae,CAD,Executed,v3,,,f01dc54a26fe2a3def3dee28f7fb7c56c83ee7e7,vertical 5,type 8,1.0,9e2b06736b477b7a924f60de14a7e329d82d6f4f,2009-11-05 23:30:13.235715,2009-11-05 23:30:58.927236,2009-11-05 23:30:20.630200,2009-11-05 23:30:58.927236,,2009-11-05 23:30:18.968613,2009-11-05 23:30:57.222320,2009-11-05 23:30:58.817000
4f8dab9b8b1c654c8dcf6354546ee3bdec60d667,660054a4565377c6e43ff7709abf56d8494ba604,CAD,Executed,v3,,,f01dc54a26fe2a3def3dee28f7fb7c56c83ee7e7,vertical 5,type 8,2.2,9e2b06736b477b7a924f60de14a7e329d82d6f4f,2009-09-27 06:12:55.258878,2009-09-27 06:13:29.721822,2009-09-27 06:13:02.771315,2009-09-27 06:13:29.721822,,2009-09-27 06:13:00.680943,2009-09-27 06:13:27.074134,2009-09-27 06:13:29.721822
6dfe6f5bd312c731514ea52457ea177bfe8a31d8,34a0061ba48d1c2810cd930dd69d42482ca92d85,CAD,Executed,v3,,,f66f2f438fc87dd7deff8e022a67cc5d71aa6968,vertical 2,type 8,15.0,9e2b06736b477b7a924f60de14a7e329d82d6f4f,2010-01-30 06:57:19.342798,2010-01-30 06:57:46.133000,2010-01-30 06:57:28.684748,2010-01-30 06:57:46.133000,,2010-01-30 06:57:23.567653,2010-01-30 06:57:43.243627,2010-01-30 06:57:46.133000
65483efa472e2011a77d0a218da63b332267c172,b5ab8f51d35b64af079485e5bbbc335213f3a0ae,CAD,failed,v3,expired,authorization_required,f01dc54a26fe2a3def3dee28f7fb7c56c83ee7e7,vertical 5,type 8,0.5,9e2b06736b477b7a924f60de14a7e329d82d6f4f,2009-09-18 17:45:57.142966,2009-09-18 18:00:57.223143,,,2009-09-18 18:00:57.223143,,,
2695f0e5a52ff0391c521e8b7b57cadcead18aa4,6cd7d8d37b110668afdca42fc0e1d366b322783e,CAD,Executed,v3,,,f66f2f438fc87dd7deff8e022a67cc5d71aa6968,vertical 2,type 8,14.8,9e2b06736b477b7a924f60de14a7e329d82d6f4f,2009-12-09 09:01:03.390703,2009-12-09 09:01:39.884808,2009-12-09 09:01:16.303114,2009-12-09 09:01:39.884808,,2009-12-09 09:01:06.607206,2009-12-09 09:01:38.496775,2009-12-09 09:01:39.797000
8f4975be0af80b9ec21b76089bbba14ce85ffc22,0090e57640ed78b0c16ac4606a6773769545bb17,CAD,Executed,v3,,,f66f2f438fc87dd7deff8e022a67cc5d71aa6968,vertical 2,type 8,0.27,9e2b06736b477b7a924f60de14a7e329d82d6f4f,2009-10-21 05:07:42.600279,2009-10-21 05:08:23.095579,2009-10-21 05:07:49.728868,2009-10-21 05:08:22.985656,,2009-10-21 05:07:43.175233,2009-10-21 05:08:20.529554,2009-10-21 05:08:23.095579
a637edb1f0ea0c99ae72a2ef02effe8249ffb2ca,e8085010136a26d0ebc200ac0751b1d9d673a764,CAD,Executed,v3,,,f66f2f438fc87dd7deff8e022a67cc5d71aa6968,vertical 2,type 8,10.36,9e2b06736b477b7a924f60de14a7e329d82d6f4f,2010-01-10 05:58:04.827389,2010-01-10 05:58:31.864400,2010-01-10 05:58:10.218347,2010-01-10 05:58:31.864400,,2010-01-10 05:58:05.459351,2010-01-10 05:58:29.110694,2010-01-10 05:58:31.473000
a2939c9d607681a30374b94c759e20fad4c85b01,6926610db1dfc17aca46a6f67789d7d6c24a7185,CAD,Executed,v3,,,f66f2f438fc87dd7deff8e022a67cc5d71aa6968,vertical 2,type 8,3.0,9e2b06736b477b7a924f60de14a7e329d82d6f4f,2010-01-30 11:47:47.511207,2010-01-30 11:48:44.220000,2010-01-30 11:47:54.061967,2010-01-30 11:48:44.220000,,2010-01-30 11:47:48.178797,2010-01-30 11:48:43.432323,2010-01-30 11:48:44.220000
fe0ec7bec43db6e0ff926a5f8ac6a4cc955c9d16,b5ab8f51d35b64af079485e5bbbc335213f3a0ae,CAD,Executed,v3,,,f66f2f438fc87dd7deff8e022a67cc5d71aa6968,vertical 2,type 8,3.79,9e2b06736b477b7a924f60de14a7e329d82d6f4f,2009-12-01 14:29:14.054985,2009-12-01 14:30:29.467000,2009-12-01 14:29:19.917903,2009-12-01 14:30:29.467000,,2009-12-01 14:29:14.560561,2009-12-01 14:30:27.362348,2009-12-01 14:30:29.467000
23ca117e1711629971c30414e3b9f5316fa4f093,b5ab8f51d35b64af079485e5bbbc335213f3a0ae,CAD,Executed,v3,,,f01dc54a26fe2a3def3dee28f7fb7c56c83ee7e7,vertical 5,type 8,1.0,9e2b06736b477b7a924f60de14a7e329d82d6f4f,2009-08-08 08:38:46.739191,2009-08-08 08:39:20.220501,2009-08-08 08:38:51.854032,2009-08-08 08:39:12.729841,,2009-08-08 08:38:50.099652,2009-08-08 08:39:10.591404,2009-08-08 08:39:20.220501
10c7a6760474be7d3339cc5925505c01deda6ab7,6cd7d8d37b110668afdca42fc0e1d366b322783e,CAD,Executed,v3,,,f66f2f438fc87dd7deff8e022a67cc5d71aa6968,vertical 2,type 8,0.7,9e2b06736b477b7a924f60de14a7e329d82d6f4f,2010-02-05 21:06:20.938069,2010-02-05 21:06:58.970000,2010-02-05 21:06:29.407257,2010-02-05 21:06:58.970000,,2010-02-05 21:06:25.298549,2010-02-05 21:06:58.049606,2010-02-05 21:06:58.970000
a7690dab260c33ec24375f81894e38a8d0a8f93f,3674b4d292131698ba6c946dda67a8fd8b63f12a,CAD,failed,v3,not_authorized,initiated,f01dc54a26fe2a3def3dee28f7fb7c56c83ee7e7,vertical 5,type 8,0.5,9e2b06736b477b7a924f60de14a7e329d82d6f4f,2009-09-17 14:42:37.770742,2009-09-17 14:43:34.501103,2009-09-17 14:42:54.488811,,2009-09-17 14:43:34.501103,2009-09-17 14:42:52.229380,,
e0be66a3a9f6e8f8cec161a99024acb3dc730c6d,b5ab8f51d35b64af079485e5bbbc335213f3a0ae,CAD,Executed,v3,,,f01dc54a26fe2a3def3dee28f7fb7c56c83ee7e7,vertical 5,type 8,4.1,9e2b06736b477b7a924f60de14a7e329d82d6f4f,2009-09-17 20:57:19.629599,2009-09-17 20:57:50.233843,2009-09-17 20:57:24.780617,2009-09-17 20:57:49.376023,,2009-09-17 20:57:23.099357,2009-09-17 20:57:47.532437,2009-09-17 20:57:50.233843
73a533c840652dd573ebf544e279102ec14db50d,660054a4565377c6e43ff7709abf56d8494ba604,CAD,Executed,v3,,,f01dc54a26fe2a3def3dee28f7fb7c56c83ee7e7,vertical 5,type 8,1.0,9e2b06736b477b7a924f60de14a7e329d82d6f4f,2010-01-17 02:24:53.725339,2010-01-17 02:25:16.243000,2010-01-17 02:24:57.856422,2010-01-17 02:25:16.243000,,2010-01-17 02:24:56.195750,2010-01-17 02:25:14.944595,2010-01-17 02:25:16.243000
3f3f58c7700d028cc663b4824a0fd94b529c6493,30f7c597c23522d4038935c6491bb91e74647c22,USD,failed,v3,not_authorized,authorizing,6e00ad8c3ecee4ef5ba5f8ddf15527a0493951a9,vertical 2,type 2,5.0,f69ad584c025f9b756ce1e8c70de3a33aef50b32,2008-02-02 14:58:49.126494,2008-02-02 14:59:21.843609,2008-02-02 14:58:50.189755,,2008-02-02 14:59:21.843609,2008-02-02 14:58:49.126494,,
d9796ee65d71f08df4cff03c01ccd2eaa380e44b,7a2ee07e5384a2111b0f093e94046a1eb50a47e4,USD,authorizing,v3,,,6e00ad8c3ecee4ef5ba5f8ddf15527a0493951a9,vertical 2,type 6,1.0,37eec10a53dd5fd2f024a17be5961dfceb0c66e6,2008-01-31 06:13:37.750667,2008-01-31 06:13:40.142182,2008-01-31 06:13:40.142182,,,2008-01-31 06:13:37.978970,,
7641a8db57319ba1f950e07f9f63b74a85c7d5e5,b7fdda6d8957d76f5537a7b43f39060422c52953,USD,Executed,v3,,,6e00ad8c3ecee4ef5ba5f8ddf15527a0493951a9,vertical 2,type 6,5.0,e663a75ca1d25c297c92ca032b7bd8d1af3b0b5c,2008-02-20 10:20:16.924763,2008-02-20 10:34:16.165798,2008-02-20 10:20:18.033591,2008-02-20 10:34:16.165798,,2008-02-20 10:20:16.924763,2008-02-20 10:20:39.892738,
9f398c1ec6e38c0bff7c8fc6c27fde624ebe5b8e,3e3b704ede474cd3cb38721a374cbfe582825415,USD,failed,v3,internal_server_error,authorization_required,6e00ad8c3ecee4ef5ba5f8ddf15527a0493951a9,vertical 2,type 2,60.0,f69ad584c025f9b756ce1e8c70de3a33aef50b32,2008-01-19 20:22:14.684037,2008-01-19 20:22:14.971122,,,2008-01-19 20:22:14.971122,,,
ea45523dd6abd2e79f5c84fd49254fc3b8dc3fda,b5ab8f51d35b64af079485e5bbbc335213f3a0ae,CAD,Executed,v3,,,64c370a753b1db282770cdbf2aba5434a3185b3d,vertical 2,type 8,10.16,9e2b06736b477b7a924f60de14a7e329d82d6f4f,2009-08-15 16:46:50.377067,2009-08-15 16:47:46.931384,2009-08-15 16:46:56.809043,2009-08-15 16:47:44.128199,,2009-08-15 16:46:51.495446,2009-08-15 16:47:42.495289,2009-08-15 16:47:46.931384
69ff04192e6d6d4b36a27f547bd1ce9740db2a7c,e8085010136a26d0ebc200ac0751b1d9d673a764,CAD,Executed,v3,,,64c370a753b1db282770cdbf2aba5434a3185b3d,vertical 2,type 8,7.09,9e2b06736b477b7a924f60de14a7e329d82d6f4f,2009-09-05 05:53:15.743496,2009-09-05 05:53:54.221783,2009-09-05 05:53:26.534468,2009-09-05 05:53:51.695954,,2009-09-05 05:53:16.659502,2009-09-05 05:53:48.861190,2009-09-05 05:53:54.221783
85bf89a3b7399950343c6d7c4d43952448764662,fa485aff3f9e34d55d25f78856d4a2526a5f8e6f,CAD,Executed,v3,,,f01dc54a26fe2a3def3dee28f7fb7c56c83ee7e7,vertical 5,type 8,20.0,9e2b06736b477b7a924f60de14a7e329d82d6f4f,2009-12-11 22:16:55.539488,2009-12-11 22:17:15.753000,2009-12-11 22:17:01.211702,2009-12-11 22:17:15.753000,,2009-12-11 22:16:59.616161,2009-12-11 22:17:08.848672,2009-12-11 22:17:15.753000
61ee6af3dc2824091e6c7f7da989c18f28442500,3674b4d292131698ba6c946dda67a8fd8b63f12a,CAD,Executed,v3,,,64c370a753b1db282770cdbf2aba5434a3185b3d,vertical 2,type 8,12.0,9e2b06736b477b7a924f60de14a7e329d82d6f4f,2009-12-12 13:37:24.045168,2009-12-12 13:37:59.813000,2009-12-12 13:37:34.221986,2009-12-12 13:37:59.813000,,2009-12-12 13:37:24.649899,2009-12-12 13:37:58.379476,2009-12-12 13:37:59.813000
9165911029ac31799a559eff6fb8cb945bcf8d32,660054a4565377c6e43ff7709abf56d8494ba604,CAD,Executed,v3,,,f01dc54a26fe2a3def3dee28f7fb7c56c83ee7e7,vertical 5,type 8,2.0,9e2b06736b477b7a924f60de14a7e329d82d6f4f,2009-12-04 13:22:14.780062,2009-12-04 13:22:41.747000,2009-12-04 13:22:19.590718,2009-12-04 13:22:39.860292,,2009-12-04 13:22:17.775450,2009-12-04 13:22:37.216843,2009-12-04 13:22:41.747000
0a70d12e7cbd9cfa0456069530f6fe24b3e80979,1d7f76f54a369b250c4c20515e5b4718dd103af0,CAD,Executed,v3,,,f01dc54a26fe2a3def3dee28f7fb7c56c83ee7e7,vertical 5,type 8,0.5,9e2b06736b477b7a924f60de14a7e329d82d6f4f,2010-01-30 20:56:08.791799,2010-02-02 04:16:47.807000,2010-01-30 20:56:20.279692,2010-01-30 20:56:54.191412,,2010-01-30 20:56:13.584193,2010-01-30 20:56:54.163696,2010-02-02 04:16:47.807000
57efaedd53b88094dc57925bc7f5010a6c7908aa,660054a4565377c6e43ff7709abf56d8494ba604,CAD,Executed,v3,,,f01dc54a26fe2a3def3dee28f7fb7c56c83ee7e7,vertical 5,type 8,5.0,9e2b06736b477b7a924f60de14a7e329d82d6f4f,2009-10-01 14:45:21.442940,2009-10-01 14:45:44.865822,2009-10-01 14:45:26.027455,2009-10-01 14:45:44.865822,,2009-10-01 14:45:24.329614,2009-10-01 14:45:42.944758,2009-10-01 14:45:44.865822
5d925399047b6475f41e4d9f7c77076eacdab937,b5ab8f51d35b64af079485e5bbbc335213f3a0ae,CAD,Failed,v1,,,d292da2283043c07accb1086a004caaf05472d44,vertical 5,type 8,6.0,9e2b06736b477b7a924f60de14a7e329d82d6f4f,2007-11-11 13:21:55.956188,2007-11-11 13:22:07.671651,,,,,,
83fa8efd5bbc283f015e38da47fb44ecc7f8b305,4d762ce64874cd49be593313e92a1e61cf74417e,CAD,Executed,v3,,,d292da2283043c07accb1086a004caaf05472d44,vertical 5,type 8,1.2,9e2b06736b477b7a924f60de14a7e329d82d6f4f,2009-02-18 20:50:08.299769,2009-02-18 20:50:38.659001,2009-02-18 20:50:15.883586,2009-02-18 20:50:38.033770,,2009-02-18 20:50:11.831862,2009-02-18 20:50:38.031081,2009-02-18 20:50:38.659001
be3f4052f4867b71e380c90d82f3b172b19bcadf,0090e57640ed78b0c16ac4606a6773769545bb17,CAD,failed,v3,provider_rejected,authorized,d292da2283043c07accb1086a004caaf05472d44,vertical 5,type 8,1.0,9e2b06736b477b7a924f60de14a7e329d82d6f4f,2010-02-03 10:38:39.584047,2010-02-03 10:39:21.941069,2010-02-03 10:38:48.547722,,2010-02-03 10:39:21.941069,2010-02-03 10:38:43.240448,2010-02-03 10:39:19.256068,
6a5d48749e1303bd0ea43ebeadd7ac9d1673f28e,b5ab8f51d35b64af079485e5bbbc335213f3a0ae,CAD,Executed,v3,,,d292da2283043c07accb1086a004caaf05472d44,vertical 5,type 8,1.0,9e2b06736b477b7a924f60de14a7e329d82d6f4f,2008-12-15 14:55:21.586658,2008-12-15 14:56:00.151349,2008-12-15 14:55:30.503948,2008-12-15 14:56:00.151349,,2008-12-15 14:55:24.905259,2008-12-15 14:55:57.229292,2008-12-15 14:56:00.151349
f4ffaa454bcfc3dda18498df427a4109a027c831,34a0061ba48d1c2810cd930dd69d42482ca92d85,CAD,Executed,v3,,,d292da2283043c07accb1086a004caaf05472d44,vertical 5,type 8,1.7,9e2b06736b477b7a924f60de14a7e329d82d6f4f,2008-09-17 09:48:31.841769,2008-09-17 09:48:59.776151,2008-09-17 09:48:37.994042,2008-09-17 09:48:59.776151,,2008-09-17 09:48:35.360549,2008-09-17 09:48:57.293938,2008-09-17 09:48:59.776151
192387cf9363c81a7f31faa8af31c49ddac7bbbb,6926610db1dfc17aca46a6f67789d7d6c24a7185,CAD,failed,v3,expired,initiated,f01dc54a26fe2a3def3dee28f7fb7c56c83ee7e7,vertical 5,type 8,0.6,9e2b06736b477b7a924f60de14a7e329d82d6f4f,2009-09-15 19:52:24.592680,2009-09-15 20:07:24.743851,2009-09-15 19:52:31.460643,,2009-09-15 20:07:24.743851,2009-09-15 19:52:28.858756,,
da792c2249e7e64d65f96e626e3e01defbff1b29,b5ab8f51d35b64af079485e5bbbc335213f3a0ae,CAD,Executed,v3,,,64c370a753b1db282770cdbf2aba5434a3185b3d,vertical 2,type 8,0.56,9e2b06736b477b7a924f60de14a7e329d82d6f4f,2009-12-02 15:50:36.288395,2009-12-02 15:51:03.173222,2009-12-02 15:50:40.634608,2009-12-02 15:51:03.173222,,2009-12-02 15:50:37.205001,2009-12-02 15:51:01.359066,2009-12-02 15:51:02.840000
34516c704968c66c9dfc1cea79d067b9dc779608,e8085010136a26d0ebc200ac0751b1d9d673a764,CAD,failed,v3,expired,initiated,64c370a753b1db282770cdbf2aba5434a3185b3d,vertical 2,type 8,2.0,9e2b06736b477b7a924f60de14a7e329d82d6f4f,2009-10-05 11:56:57.479357,2009-10-05 12:11:57.526137,2009-10-05 11:57:03.071650,,2009-10-05 12:11:57.526137,2009-10-05 11:56:57.905482,,
ab7a0e5ae076700dfac1154dc8935b9d2953651c,660054a4565377c6e43ff7709abf56d8494ba604,CAD,Executed,v3,,,1911acfcfdc29f5349706da6c1494009e7125da0,vertical 5,type 8,10.0,9e2b06736b477b7a924f60de14a7e329d82d6f4f,2010-02-08 13:43:39.893260,2010-02-08 13:44:14.247000,2010-02-08 13:43:48.013753,2010-02-08 13:44:14.247000,,2010-02-08 13:43:43.145389,2010-02-08 13:44:12.891191,2010-02-08 13:44:14.247000
fd2627b3f980cc8f6c51a86579b8dacbd0c540ce,6926610db1dfc17aca46a6f67789d7d6c24a7185,CAD,Executed,v3,,,1911acfcfdc29f5349706da6c1494009e7125da0,vertical 5,type 8,0.5,9e2b06736b477b7a924f60de14a7e329d82d6f4f,2010-01-23 22:02:21.349559,2010-01-23 22:03:03.641816,2010-01-23 22:02:25.449434,2010-01-23 22:03:03.641816,,2010-01-23 22:02:23.692635,2010-01-23 22:03:02.194715,2010-01-23 22:03:03.300000
aa8d7fea5a74ac55998b81fe70af16aa8a743a7c,b5ab8f51d35b64af079485e5bbbc335213f3a0ae,CAD,failed,v3,expired,initiated,64c370a753b1db282770cdbf2aba5434a3185b3d,vertical 2,type 8,5.33,9e2b06736b477b7a924f60de14a7e329d82d6f4f,2009-08-26 08:01:00.450433,2009-08-26 08:16:00.670989,2009-08-26 08:01:16.964540,,2009-08-26 08:16:00.670989,2009-08-26 08:01:01.154036,,
9668bfdfa58dd1c7e5efab761a6b0dca56eee0e4,660054a4565377c6e43ff7709abf56d8494ba604,CAD,Executed,v3,,,64c370a753b1db282770cdbf2aba5434a3185b3d,vertical 2,type 8,2.0,9e2b06736b477b7a924f60de14a7e329d82d6f4f,2010-01-07 18:04:49.228209,2010-01-07 18:05:24.437000,2010-01-07 18:04:53.341282,2010-01-07 18:05:24.437000,,2010-01-07 18:04:49.790176,2010-01-07 18:05:22.226538,2010-01-07 18:05:24.437000
5c486e4b54236e48cfea82ea0a6c03ee8ab7d259,660054a4565377c6e43ff7709abf56d8494ba604,CAD,Executed,v3,,,64c370a753b1db282770cdbf2aba5434a3185b3d,vertical 2,type 8,20.0,9e2b06736b477b7a924f60de14a7e329d82d6f4f,2010-02-08 10:08:42.886762,2010-02-08 10:09:12.777000,2010-02-08 10:08:48.547601,2010-02-08 10:09:12.777000,,2010-02-08 10:08:43.652598,2010-02-08 10:09:12.194969,2010-02-08 10:09:12.777000
7eafcd0b8a6b9058ae673c30d7c178f9330fb326,b7308502f039e303a048625c725d4aea3380c2ac,CAD,Executed,v3,,,64c370a753b1db282770cdbf2aba5434a3185b3d,vertical 2,type 8,5.6,9e2b06736b477b7a924f60de14a7e329d82d6f4f,2009-11-17 15:28:18.445139,2009-11-17 15:28:44.657000,2009-11-17 15:28:27.916819,2009-11-17 15:28:44.657000,,2009-11-17 15:28:22.130269,2009-11-17 15:28:43.611838,2009-11-17 15:28:44.657000
bcf43e7759e9970007fc72c55e946cda5419b8a7,b5ab8f51d35b64af079485e5bbbc335213f3a0ae,CAD,failed,v3,expired,initiated,64c370a753b1db282770cdbf2aba5434a3185b3d,vertical 2,type 8,1.37,9e2b06736b477b7a924f60de14a7e329d82d6f4f,2009-09-05 22:59:28.701104,2009-09-05 23:14:28.817263,2009-09-05 22:59:34.650531,,2009-09-05 23:14:28.817263,2009-09-05 22:59:29.362682,,
3711161860e9fda7c1897fd01724a432bdf8508a,b5ab8f51d35b64af079485e5bbbc335213f3a0ae,CAD,Executed,v3,,,f01dc54a26fe2a3def3dee28f7fb7c56c83ee7e7,vertical 5,type 8,1.0,9e2b06736b477b7a924f60de14a7e329d82d6f4f,2010-01-05 21:51:18.862768,2010-01-05 21:51:50.035119,2010-01-05 21:51:22.987453,2010-01-05 21:51:50.035119,,2010-01-05 21:51:21.474995,2010-01-05 21:51:47.883464,2010-01-05 21:51:49.647000
409126533a663d11609ddcbf17f1c319be52df03,fa485aff3f9e34d55d25f78856d4a2526a5f8e6f,CAD,Executed,v3,,,f01dc54a26fe2a3def3dee28f7fb7c56c83ee7e7,vertical 5,type 8,0.8,9e2b06736b477b7a924f60de14a7e329d82d6f4f,2009-12-27 17:46:07.198110,2009-12-27 17:47:02.273000,2009-12-27 17:46:11.457904,2009-12-27 17:47:02.273000,,2009-12-27 17:46:09.864407,2009-12-27 17:46:59.970622,2009-12-27 17:47:02.273000
adedb2669b7d01fb5f9c2ff8fde4e868b6870281,b5ab8f51d35b64af079485e5bbbc335213f3a0ae,CAD,Executed,v3,,,f01dc54a26fe2a3def3dee28f7fb7c56c83ee7e7,vertical 5,type 8,2.0,9e2b06736b477b7a924f60de14a7e329d82d6f4f,2010-02-02 12:22:22.225556,2010-02-02 12:22:48.730000,2010-02-02 12:22:29.571587,2010-02-02 12:22:48.730000,,2010-02-02 12:22:27.856565,2010-02-02 12:22:47.229719,2010-02-02 12:22:48.730000
e6199e3e47c356810f892c953d3d7eaf0f1490fd,fb4d35bb6a0aba4df37f4fb5b5e688aba9efca27,USD,authorized,v3,,,6e00ad8c3ecee4ef5ba5f8ddf15527a0493951a9,vertical 2,type 2,12.0,f69ad584c025f9b756ce1e8c70de3a33aef50b32,2008-02-17 05:02:59.084811,2008-02-17 05:03:43.522906,2008-02-17 05:03:02.717957,,,2008-02-17 05:02:59.084811,2008-02-17 05:03:43.522906,
9bce97b9fce0494efbad50673f14d66a0f5ad50c,0090e57640ed78b0c16ac4606a6773769545bb17,CAD,Executed,v3,,,64c370a753b1db282770cdbf2aba5434a3185b3d,vertical 2,type 8,5.17,9e2b06736b477b7a924f60de14a7e329d82d6f4f,2009-10-17 18:21:12.014233,2009-10-17 18:22:00.627605,2009-10-17 18:21:29.459286,2009-10-17 18:22:00.627605,,2009-10-17 18:21:13.035369,2009-10-17 18:21:59.580202,2009-10-17 18:22:00.627605
c6f92abb81cf7e67763d4cfdc0e0a154a1096415,e67095adf654ddc631bcfd3f7aa3c7e43424ce0f,CAD,Executed,v3,,,64c370a753b1db282770cdbf2aba5434a3185b3d,vertical 2,type 8,6.8,9e2b06736b477b7a924f60de14a7e329d82d6f4f,2009-10-08 18:19:01.507981,2009-10-08 18:19:27.714306,2009-10-08 18:19:07.111046,2009-10-08 18:19:27.670945,,2009-10-08 18:19:02.491971,2009-10-08 18:19:26.053968,2009-10-08 18:19:27.714306
a0ebf7ba8d1b52dff3e37b5e28aa6fe397fcf56e,30f7c597c23522d4038935c6491bb91e74647c22,USD,failed,v3,not_authorized,authorizing,6e00ad8c3ecee4ef5ba5f8ddf15527a0493951a9,vertical 2,type 2,2.0,f69ad584c025f9b756ce1e8c70de3a33aef50b32,2008-01-31 20:39:06.015996,2008-01-31 20:39:38.316893,2008-01-31 20:39:06.686267,,2008-01-31 20:39:38.316893,2008-01-31 20:39:06.015996,,
86c7438ac48a04ab1865894a6d0b78d27bb994a3,eb1c4738ae6ac9c907a46a541af2d02d6be2f05b,CAD,failed,v3,not_authorized,authorizing,6e00ad8c3ecee4ef5ba5f8ddf15527a0493951a9,vertical 2,type 8,10.0,9e2b06736b477b7a924f60de14a7e329d82d6f4f,2008-02-24 08:42:37.364665,2008-02-24 08:43:23.109459,2008-02-24 08:42:38.584677,,2008-02-24 08:43:23.109459,2008-02-24 08:42:37.364665,,
2457234b5666ad581603208ed4fbb498aed78969,e9b3eef71fa711e7f8be41affba46f0a1727713d,USD,Executed,v3,,,6e00ad8c3ecee4ef5ba5f8ddf15527a0493951a9,vertical 2,type 3,2.0,1ef393c389ad6e2b2d4d865f843dcf351b1d19f5,2008-02-22 10:51:41.939709,2008-02-22 10:52:26.027186,2008-02-22 10:51:42.545811,2008-02-22 10:52:26.027186,,2008-02-22 10:51:41.939709,2008-02-22 10:52:19.638212,
5697f094c5f9ee8b03b6f4cf57c32980927c4533,34a0061ba48d1c2810cd930dd69d42482ca92d85,CAD,Executed,v3,,,64c370a753b1db282770cdbf2aba5434a3185b3d,vertical 2,type 8,3.0,9e2b06736b477b7a924f60de14a7e329d82d6f4f,2009-12-08 16:18:07.564177,2009-12-08 16:18:54.799803,2009-12-08 16:18:14.430442,2009-12-08 16:18:54.799803,,2009-12-08 16:18:08.199963,2009-12-08 16:18:53.491829,2009-12-08 16:18:54.690000
44ec380568b954278a508ed05a31582af232156f,6cd7d8d37b110668afdca42fc0e1d366b322783e,CAD,Executed,v3,,,64c370a753b1db282770cdbf2aba5434a3185b3d,vertical 2,type 8,7.0,9e2b06736b477b7a924f60de14a7e329d82d6f4f,2009-12-13 15:13:33.411722,2009-12-13 15:14:15.563000,2009-12-13 15:13:39.069862,2009-12-13 15:14:15.506126,,2009-12-13 15:13:34.570470,2009-12-13 15:14:13.858616,2009-12-13 15:14:15.563000
8144f264fb7ca7c314a6edb2a8ca053ce716b822,b7308502f039e303a048625c725d4aea3380c2ac,CAD,Executed,v3,,,64c370a753b1db282770cdbf2aba5434a3185b3d,vertical 2,type 8,1.5,9e2b06736b477b7a924f60de14a7e329d82d6f4f,2009-09-15 14:05:40.020753,2009-09-15 14:06:48.209066,2009-09-15 14:06:10.815026,2009-09-15 14:06:46.961523,,2009-09-15 14:05:43.825279,2009-09-15 14:06:44.752795,2009-09-15 14:06:48.209066
0b41a371e03dd7d64fe2a6c73822dc53ecfcee45,6cd7d8d37b110668afdca42fc0e1d366b322783e,CAD,failed,v3,expired,authorizing,64c370a753b1db282770cdbf2aba5434a3185b3d,vertical 2,type 8,5.0,9e2b06736b477b7a924f60de14a7e329d82d6f4f,2010-01-13 23:25:48.800605,2010-01-13 23:40:48.874238,,,2010-01-13 23:40:48.874238,2010-01-13 23:25:51.805339,,
2234d14818f4c140d88fea8b78d2c64c0bdf8425,e8085010136a26d0ebc200ac0751b1d9d673a764,CAD,Executed,v3,,,64c370a753b1db282770cdbf2aba5434a3185b3d,vertical 2,type 8,5.0,9e2b06736b477b7a924f60de14a7e329d82d6f4f,2009-10-03 05:40:23.415339,2009-10-03 05:40:51.973500,2009-10-03 05:40:31.023424,2009-10-03 05:40:51.973500,,2009-10-03 05:40:25.123743,2009-10-03 05:40:48.291207,2009-10-03 05:40:51.973500
8c7177eee77be57666f35ff83007ad6749d0aafd,660054a4565377c6e43ff7709abf56d8494ba604,CAD,Executed,v3,,,f01dc54a26fe2a3def3dee28f7fb7c56c83ee7e7,vertical 5,type 8,1.0,9e2b06736b477b7a924f60de14a7e329d82d6f4f,2009-08-22 18:24:05.572675,2009-08-22 18:25:05.423058,2009-08-22 18:24:35.020152,2009-08-22 18:25:05.423058,,2009-08-22 18:24:07.991289,2009-08-22 18:25:03.181178,2009-08-22 18:25:05.423058
897af954dda46eaa6cdd8bd8b4f61e5ab900d6c1,e9b3eef71fa711e7f8be41affba46f0a1727713d,USD,failed,v3,not_authorized,authorizing,6e00ad8c3ecee4ef5ba5f8ddf15527a0493951a9,vertical 2,type 3,168.96,1ef393c389ad6e2b2d4d865f843dcf351b1d19f5,2008-02-27 15:26:16.169286,2008-02-27 15:27:16.500355,2008-02-27 15:26:16.774578,,2008-02-27 15:27:16.500355,2008-02-27 15:26:16.169286,,
b6c2ff3176e884ddcbd64939242c07ca69f5227d,36ebb789f8016ca4e1348b28ea126b944b8ff4a4,USD,authorizing,v3,,,6e00ad8c3ecee4ef5ba5f8ddf15527a0493951a9,vertical 2,type 6,100.0,a68db3fc75fd72a12bb2ad1442ff9927bd04139d,2008-01-10 16:11:32.531572,2008-01-10 16:11:32.920512,2008-01-10 16:11:32.920512,,,2008-01-10 16:11:32.802686,,
6182a683ec2d94955a50df8cf28388a6e2383254,eb1c4738ae6ac9c907a46a541af2d02d6be2f05b,CAD,Executed,v3,,,f01dc54a26fe2a3def3dee28f7fb7c56c83ee7e7,vertical 5,type 8,1.5,9e2b06736b477b7a924f60de14a7e329d82d6f4f,2009-10-08 15:54:53.980992,2009-10-08 15:55:31.688119,2009-10-08 15:55:00.246242,2009-10-08 15:55:31.558969,,2009-10-08 15:54:58.456206,2009-10-08 15:55:30.118170,2009-10-08 15:55:31.688119
367fc15d7999157725c6a8fe2bdfb49778c8d98d,b7308502f039e303a048625c725d4aea3380c2ac,CAD,Executed,v3,,,d292da2283043c07accb1086a004caaf05472d44,vertical 5,type 8,1.0,9e2b06736b477b7a924f60de14a7e329d82d6f4f,2008-11-03 17:22:11.297021,2008-11-03 17:22:45.915803,2008-11-03 17:22:22.331139,2008-11-03 17:22:45.915803,,2008-11-03 17:22:15.538844,2008-11-03 17:22:42.261610,2008-11-03 17:22:45.915803
317ea7a5873125b1e6b7c0044e82970732cd5533,614f918e6feee31a627e487db0e58c331fc9d4b7,CAD,Executed,v3,,,d292da2283043c07accb1086a004caaf05472d44,vertical 5,type 8,6.0,9e2b06736b477b7a924f60de14a7e329d82d6f4f,2008-05-17 22:00:41.267588,2008-05-17 22:01:19.927935,2008-05-17 22:00:49.497546,2008-05-17 22:01:19.927935,,2008-05-17 22:00:47.258067,2008-05-17 22:01:17.917852,2008-05-17 22:01:19.927935
b912f55d8b7130a48cd1b657f07f3fd61b016e60,b5ab8f51d35b64af079485e5bbbc335213f3a0ae,CAD,Executed,v3,,,f01dc54a26fe2a3def3dee28f7fb7c56c83ee7e7,vertical 5,type 8,2.5,9e2b06736b477b7a924f60de14a7e329d82d6f4f,2009-08-29 03:53:09.568107,2009-08-29 03:53:45.641525,2009-08-29 03:53:20.558453,2009-08-29 03:53:45.641525,,2009-08-29 03:53:17.938676,2009-08-29 03:53:43.989318,2009-08-29 03:53:45.641525
d0ff555aa68af47e843ba7fd0837bbe61715e61f,4d762ce64874cd49be593313e92a1e61cf74417e,CAD,New,v1,,,01e10adf72398bdf40b668926be2809ccf68b4dd,vertical 2,type 8,4.64,9e2b06736b477b7a924f60de14a7e329d82d6f4f,2008-03-02 07:58:35.820216,2008-03-02 07:58:39.849165,,,,,,
fa7607b6008428aa3bbb59382754ec47670c3792,30f7c597c23522d4038935c6491bb91e74647c22,USD,failed,v3,not_authorized,authorizing,6e00ad8c3ecee4ef5ba5f8ddf15527a0493951a9,vertical 2,type 2,20.0,f69ad584c025f9b756ce1e8c70de3a33aef50b32,2008-02-18 18:37:28.915019,2008-02-18 19:37:37.566740,2008-02-18 18:37:29.589296,,2008-02-18 19:37:37.566740,2008-02-18 18:37:28.915019,,
27444c93eaa54dc9cd6d734c68467f4137199311,6cd7d8d37b110668afdca42fc0e1d366b322783e,CAD,Executed,v3,,,64c370a753b1db282770cdbf2aba5434a3185b3d,vertical 2,type 8,36.0,9e2b06736b477b7a924f60de14a7e329d82d6f4f,2010-01-09 09:00:52.215143,2010-01-09 09:01:49.703515,2010-01-09 09:00:59.407437,2010-01-09 09:01:49.703515,,2010-01-09 09:00:55.708619,2010-01-09 09:01:48.174610,2010-01-09 09:01:49.617000
5fa4cd73dc3c3c02657389cd4096b0abfbbc6335,312dccf7c915f4e8819eb22102edaf29d22e2922,USD,Executed,v3,,,6e00ad8c3ecee4ef5ba5f8ddf15527a0493951a9,vertical 2,type 6,8.0,e663a75ca1d25c297c92ca032b7bd8d1af3b0b5c,2008-02-27 17:15:32.278840,2008-02-27 17:16:20.862241,2008-02-27 17:15:33.442083,2008-02-27 17:16:20.862241,,2008-02-27 17:15:32.278840,2008-02-27 17:15:50.382922,
4528939b1af435a8ef305de0e2e8b338bded104a,3e3b704ede474cd3cb38721a374cbfe582825415,USD,failed,v3,not_authorized,authorizing,6e00ad8c3ecee4ef5ba5f8ddf15527a0493951a9,vertical 2,type 2,16.0,f69ad584c025f9b756ce1e8c70de3a33aef50b32,2008-02-27 10:24:05.487313,2008-02-28 10:24:21.675518,2008-02-27 10:24:07.339693,,2008-02-28 10:24:21.675518,2008-02-27 10:24:05.487313,,
a216a8b5ad16e6040d4d60aa0aa863a4b73a7481,9b9923c2934458e610a7aeeea9efbb1845be3dd8,USD,failed,v3,internal_server_error,authorization_required,6e00ad8c3ecee4ef5ba5f8ddf15527a0493951a9,vertical 2,type 2,100.0,f69ad584c025f9b756ce1e8c70de3a33aef50b32,2008-02-01 16:25:46.996281,2008-02-01 16:25:47.285548,,,2008-02-01 16:25:47.285548,,,
da37fab4dbaf93da3f21b01e0d702acfb59a1d59,7e9aee72ced5976305086d2056a7cb09fb79260f,USD,authorizing,v3,,,6e00ad8c3ecee4ef5ba5f8ddf15527a0493951a9,vertical 2,type 2,1.0,e663a75ca1d25c297c92ca032b7bd8d1af3b0b5c,2008-02-27 06:22:18.762971,2008-02-27 06:22:20.107283,2008-02-27 06:22:20.107283,,,2008-02-27 06:22:18.981807,,
fb17bc37c48ae2c1d9dabdbff83341f78fb8c2ee,b5ab8f51d35b64af079485e5bbbc335213f3a0ae,CAD,Executed,v3,,,f01dc54a26fe2a3def3dee28f7fb7c56c83ee7e7,vertical 5,type 8,10.0,9e2b06736b477b7a924f60de14a7e329d82d6f4f,2010-01-26 01:13:25.724050,2010-01-26 01:14:59.153000,2010-01-26 01:13:32.209451,2010-01-26 01:14:59.153000,,2010-01-26 01:13:30.572551,2010-01-26 01:14:57.951908,2010-01-26 01:14:59.153000
c42364fee54598bc8790bfe87a30c239acc03702,6cd7d8d37b110668afdca42fc0e1d366b322783e,CAD,Executed,v3,,,f01dc54a26fe2a3def3dee28f7fb7c56c83ee7e7,vertical 5,type 8,1.0,9e2b06736b477b7a924f60de14a7e329d82d6f4f,2009-12-01 04:40:46.658865,2009-12-01 04:41:30.696706,2009-12-01 04:40:51.235739,2009-12-01 04:41:30.696706,,2009-12-01 04:40:49.374012,2009-12-01 04:41:29.303618,2009-12-01 04:41:30.423000
ad5c0be18c7ac711a59e29947eee099dced4c61b,34a0061ba48d1c2810cd930dd69d42482ca92d85,CAD,Executed,v3,,,f01dc54a26fe2a3def3dee28f7fb7c56c83ee7e7,vertical 5,type 8,1.5,9e2b06736b477b7a924f60de14a7e329d82d6f4f,2010-01-28 17:29:48.447870,2010-01-28 17:30:21.027000,2010-01-28 17:29:53.736207,2010-01-28 17:30:20.560091,,2010-01-28 17:29:52.013298,2010-01-28 17:30:19.300629,2010-01-28 17:30:21.027000
e7d631df174e0a560799d4acfdb38cc0ac8c440c,6926610db1dfc17aca46a6f67789d7d6c24a7185,CAD,Executed,v3,,,f01dc54a26fe2a3def3dee28f7fb7c56c83ee7e7,vertical 5,type 8,0.5,9e2b06736b477b7a924f60de14a7e329d82d6f4f,2009-07-12 19:09:33.538078,2009-07-12 19:10:16.827285,2009-07-12 19:09:41.269084,2009-07-12 19:10:16.607255,,2009-07-12 19:09:37.162275,2009-07-12 19:10:14.888806,2009-07-12 19:10:16.827285
19378f6674a076844eff2c53bbadfeffb387156b,34a0061ba48d1c2810cd930dd69d42482ca92d85,CAD,Executed,v3,,,64c370a753b1db282770cdbf2aba5434a3185b3d,vertical 2,type 8,5.0,9e2b06736b477b7a924f60de14a7e329d82d6f4f,2010-01-30 09:55:03.985343,2010-01-30 09:56:07.042992,2010-01-30 09:55:09.628837,2010-01-30 09:56:07.042992,,2010-01-30 09:55:04.640143,2010-01-30 09:56:05.813636,2010-01-30 09:56:06.897000
da476d498b6d06248e6e80b9e535163a9e626a23,fa485aff3f9e34d55d25f78856d4a2526a5f8e6f,CAD,Executed,v3,,,f01dc54a26fe2a3def3dee28f7fb7c56c83ee7e7,vertical 5,type 8,2.5,9e2b06736b477b7a924f60de14a7e329d82d6f4f,2009-10-18 23:39:58.172765,2009-10-18 23:40:47.321963,2009-10-18 23:40:04.251837,2009-10-18 23:40:47.186321,,2009-10-18 23:40:02.497184,2009-10-18 23:40:44.704435,2009-10-18 23:40:47.321963
ca555f1899a347b56ab5ef36fb48f660683670c7,b5ab8f51d35b64af079485e5bbbc335213f3a0ae,CAD,Executed,v3,,,f66f2f438fc87dd7deff8e022a67cc5d71aa6968,vertical 2,type 8,108.06,9e2b06736b477b7a924f60de14a7e329d82d6f4f,2009-12-08 18:37:28.970634,2009-12-08 18:37:58.280000,2009-12-08 18:37:38.817844,2009-12-08 18:37:58.280000,,2009-12-08 18:37:32.089468,2009-12-08 18:37:56.621031,2009-12-08 18:37:58.280000
6d90c8a76dee497d0d24804464f175df8f28e55c,e67095adf654ddc631bcfd3f7aa3c7e43424ce0f,CAD,Executed,v3,,,f66f2f438fc87dd7deff8e022a67cc5d71aa6968,vertical 2,type 8,3.0,9e2b06736b477b7a924f60de14a7e329d82d6f4f,2010-02-09 11:20:09.528962,2010-02-09 11:20:40.363000,2010-02-09 11:20:23.541102,2010-02-09 11:20:40.100693,,2010-02-09 11:20:12.816123,2010-02-09 11:20:37.866812,2010-02-09 11:20:40.363000
3e191ed79681389b2c9fd68b49f30d6793f984f3,34a0061ba48d1c2810cd930dd69d42482ca92d85,CAD,Executed,v3,,,f66f2f438fc87dd7deff8e022a67cc5d71aa6968,vertical 2,type 8,5.0,9e2b06736b477b7a924f60de14a7e329d82d6f4f,2009-11-26 19:47:07.333642,2009-11-26 19:47:31.130778,2009-11-26 19:47:14.740706,2009-11-26 19:47:31.130778,,2009-11-26 19:47:10.857750,2009-11-26 19:47:29.950472,2009-11-26 19:47:31.127000
91a5807bf97bd03312e819a7d0ed9444e9fd2307,ac22a3e90a223e0fbb4e0779b6f445083c672064,USD,failed,v3,not_authorized,authorizing,6e00ad8c3ecee4ef5ba5f8ddf15527a0493951a9,vertical 2,type 2,10.0,2709cc79b96641fdf25b1da4ed76b33b0f0cde57,2008-02-28 07:30:12.190050,2008-02-28 07:31:59.399109,2008-02-28 07:30:13.695214,,2008-02-28 07:31:59.399109,2008-02-28 07:30:12.190050,,
f189f275399d4ebed0f223c4a624db8e4b8fb533,b5ab8f51d35b64af079485e5bbbc335213f3a0ae,CAD,failed,v3,expired,initiated,f66f2f438fc87dd7deff8e022a67cc5d71aa6968,vertical 2,type 8,5.0,9e2b06736b477b7a924f60de14a7e329d82d6f4f,2010-02-06 17:59:55.189731,2010-02-06 18:14:55.397883,2010-02-06 18:00:06.036622,,2010-02-06 18:14:55.397883,2010-02-06 17:59:59.591700,,
1e15f0d55adb294b2bffc53fb20f25234c05ae93,b5ab8f51d35b64af079485e5bbbc335213f3a0ae,CAD,failed,v3,expired,initiated,f66f2f438fc87dd7deff8e022a67cc5d71aa6968,vertical 2,type 8,3.73,9e2b06736b477b7a924f60de14a7e329d82d6f4f,2009-11-27 11:05:54.788566,2009-11-27 11:20:55.027767,2009-11-27 11:06:01.298312,,2009-11-27 11:20:55.027767,2009-11-27 11:05:57.696421,,
6e74cbad2de81a7d85eb1526de7aeafac71c0aca,b7308502f039e303a048625c725d4aea3380c2ac,CAD,Executed,v3,,,f66f2f438fc87dd7deff8e022a67cc5d71aa6968,vertical 2,type 8,4.82,9e2b06736b477b7a924f60de14a7e329d82d6f4f,2009-11-04 13:38:09.012370,2009-11-04 13:38:34.733000,2009-11-04 13:38:16.417241,2009-11-04 13:38:34.733000,,2009-11-04 13:38:10.038266,2009-11-04 13:38:33.457351,2009-11-04 13:38:34.733000
37b65ec406e8ea348ac2e3ee172bdb1da59adae6,e8085010136a26d0ebc200ac0751b1d9d673a764,CAD,failed,v3,expired,initiated,f66f2f438fc87dd7deff8e022a67cc5d71aa6968,vertical 2,type 8,5.05,9e2b06736b477b7a924f60de14a7e329d82d6f4f,2009-11-15 08:51:10.492848,2009-11-15 09:06:10.632103,2009-11-15 08:51:35.533723,,2009-11-15 09:06:10.632103,2009-11-15 08:51:10.848336,,
a0f940076415d90592c191d66841dc70cb612b8b,b5ab8f51d35b64af079485e5bbbc335213f3a0ae,CAD,Executed,v3,,,f01dc54a26fe2a3def3dee28f7fb7c56c83ee7e7,vertical 5,type 8,1.0,9e2b06736b477b7a924f60de14a7e329d82d6f4f,2009-09-30 09:31:39.040329,2009-09-30 09:32:01.919535,2009-09-30 09:31:43.606092,2009-09-30 09:32:01.145883,,2009-09-30 09:31:42.119951,2009-09-30 09:31:59.200793,2009-09-30 09:32:01.919535
5dfc93fa77f0d348f7e3e5793c21c28e89f54767,4c330366c06bae9c5907162ada0364a929b6c8bc,USD,failed,v3,not_authorized,authorizing,6e00ad8c3ecee4ef5ba5f8ddf15527a0493951a9,vertical 2,type 2,100.0,f69ad584c025f9b756ce1e8c70de3a33aef50b32,2008-02-16 04:56:22.145829,2008-02-16 04:57:15.382613,2008-02-16 04:56:24.677582,,2008-02-16 04:57:15.382613,2008-02-16 04:56:22.145829,,
8b51802ab63f70732342d4ac942b27cf78fceaf1,b5ab8f51d35b64af079485e5bbbc335213f3a0ae,CAD,failed,v3,expired,authorizing,6e00ad8c3ecee4ef5ba5f8ddf15527a0493951a9,vertical 2,type 8,1.0,9e2b06736b477b7a924f60de14a7e329d82d6f4f,2008-02-27 08:56:25.324025,2008-02-27 09:11:25.349878,2008-02-27 08:56:26.340002,,2008-02-27 09:11:25.349878,2008-02-27 08:56:25.324025,,
08ec399a6cc0abe25f4b76978689d72c503259a7,e9b3eef71fa711e7f8be41affba46f0a1727713d,USD,failed,v3,not_authorized,authorizing,6e00ad8c3ecee4ef5ba5f8ddf15527a0493951a9,vertical 2,type 3,100.0,1ef393c389ad6e2b2d4d865f843dcf351b1d19f5,2008-02-25 17:53:36.509873,2008-02-25 17:53:47.729559,2008-02-25 17:53:37.137691,,2008-02-25 17:53:47.729559,2008-02-25 17:53:36.509873,,
0a25ba02e45847eddc7f037092e49f4b75d70345,e8085010136a26d0ebc200ac0751b1d9d673a764,CAD,failed,v3,not_authorized,authorizing,6e00ad8c3ecee4ef5ba5f8ddf15527a0493951a9,vertical 2,type 8,1.0,9e2b06736b477b7a924f60de14a7e329d82d6f4f,2008-02-02 09:30:44.058100,2008-02-02 09:31:56.551039,2008-02-02 09:30:44.777737,,2008-02-02 09:31:56.551039,2008-02-02 09:30:44.058100,,
4c10c4fcdf6eb462988e429a464dd57ad86eaebc,6cd7d8d37b110668afdca42fc0e1d366b322783e,CAD,Executed,v3,,,6e00ad8c3ecee4ef5ba5f8ddf15527a0493951a9,vertical 2,type 8,1.0,9e2b06736b477b7a924f60de14a7e329d82d6f4f,2008-01-24 08:23:41.994694,2008-01-24 08:25:46.250020,2008-01-24 08:23:43.107590,2008-01-24 08:25:46.250020,,2008-01-24 08:23:41.994694,2008-01-24 08:25:45.778878,
a8cff509de7c4eb4ef79ce225655dc0dea67a040,0c13594466c8f4c9996801c4cc3f822975978c2d,USD,Executed,v3,,,6e00ad8c3ecee4ef5ba5f8ddf15527a0493951a9,vertical 2,type 3,5.0,f69ad584c025f9b756ce1e8c70de3a33aef50b32,2008-02-24 18:55:21.291017,2008-02-24 18:55:42.131846,2008-02-24 18:55:21.920005,2008-02-24 18:55:42.131846,,2008-02-24 18:55:21.291017,2008-02-24 18:55:39.801772,
f47d6ee7c471de762193af7a5e151efc4529c035,0c13594466c8f4c9996801c4cc3f822975978c2d,USD,authorizing,v3,,,6e00ad8c3ecee4ef5ba5f8ddf15527a0493951a9,vertical 2,type 3,500.0,f69ad584c025f9b756ce1e8c70de3a33aef50b32,2008-02-21 20:14:38.723796,2008-02-21 20:14:39.307129,2008-02-21 20:14:39.307129,,,2008-02-21 20:14:38.946493,,
20a14810616fd58ea50502ad95a893046ad5521b,b5ab8f51d35b64af079485e5bbbc335213f3a0ae,CAD,failed,v3,expired,authorizing,01e10adf72398bdf40b668926be2809ccf68b4dd,vertical 2,type 8,112.75,9e2b06736b477b7a924f60de14a7e329d82d6f4f,2008-09-12 20:29:34.427156,2008-09-12 20:44:34.502245,2008-09-12 20:29:38.807692,,2008-09-12 20:44:34.502245,2008-09-12 20:29:34.816892,,
71ecda1cdf3958c77ded14add390f42a88c1c592,b7308502f039e303a048625c725d4aea3380c2ac,CAD,Executed,v3,,,1911acfcfdc29f5349706da6c1494009e7125da0,vertical 5,type 8,2.0,9e2b06736b477b7a924f60de14a7e329d82d6f4f,2010-01-27 18:19:06.738168,2010-01-27 18:19:23.220000,2010-01-27 18:19:09.541573,2010-01-27 18:19:23.220000,,2010-01-27 18:19:08.096900,2010-01-27 18:19:21.580972,2010-01-27 18:19:23.220000
c47f3ec6ad6d0bc949bd7a5fe2463ffea01dbe29,660054a4565377c6e43ff7709abf56d8494ba604,CAD,Executed,v3,,,f01dc54a26fe2a3def3dee28f7fb7c56c83ee7e7,vertical 5,type 8,0.5,9e2b06736b477b7a924f60de14a7e329d82d6f4f,2009-11-20 06:18:22.708417,2009-11-20 06:18:49.147000,2009-11-20 06:18:29.028681,2009-11-20 06:18:49.147000,,2009-11-20 06:18:25.535898,2009-11-20 06:18:48.150891,2009-11-20 06:18:49.147000
0e09ba283f196a12ed5cb4a7dc4e89187c378924,6cd7d8d37b110668afdca42fc0e1d366b322783e,CAD,Executed,v3,,,f01dc54a26fe2a3def3dee28f7fb7c56c83ee7e7,vertical 5,type 8,2.0,9e2b06736b477b7a924f60de14a7e329d82d6f4f,2009-12-23 03:34:50.539032,2009-12-23 03:35:18.803000,2009-12-23 03:34:55.723035,2009-12-23 03:35:18.627107,,2009-12-23 03:34:53.793282,2009-12-23 03:35:17.090650,2009-12-23 03:35:18.803000
59c8e5e986d12083ae93685b9bd1c9de04b5a16b,b5ab8f51d35b64af079485e5bbbc335213f3a0ae,CAD,Executed,v3,,,f01dc54a26fe2a3def3dee28f7fb7c56c83ee7e7,vertical 5,type 8,2.0,9e2b06736b477b7a924f60de14a7e329d82d6f4f,2010-02-02 10:51:23.986679,2010-02-02 10:52:00.563000,2010-02-02 10:51:29.926782,2010-02-02 10:52:00.002618,,2010-02-02 10:51:28.122154,2010-02-02 10:51:58.212794,2010-02-02 10:52:00.563000
77d171d28e0405dec99cce08dd7b2542462001e0,b5ab8f51d35b64af079485e5bbbc335213f3a0ae,CAD,Executed,v3,,,f01dc54a26fe2a3def3dee28f7fb7c56c83ee7e7,vertical 5,type 8,1.4,9e2b06736b477b7a924f60de14a7e329d82d6f4f,2010-01-29 10:29:43.269563,2010-01-29 10:30:08.070000,2010-01-29 10:29:49.999346,2010-01-29 10:30:07.740849,,2010-01-29 10:29:48.567897,2010-01-29 10:30:05.861107,2010-01-29 10:30:08.070000
18128b634eedbc4cddfd7bd7b922c52ad0c246a2,b7308502f039e303a048625c725d4aea3380c2ac,CAD,Executed,v3,,,6e00ad8c3ecee4ef5ba5f8ddf15527a0493951a9,vertical 2,type 8,5.0,9e2b06736b477b7a924f60de14a7e329d82d6f4f,2008-02-26 10:19:05.303455,2008-02-26 10:19:48.024931,2008-02-26 10:19:05.909067,2008-02-26 10:19:48.024931,,2008-02-26 10:19:05.303455,2008-02-26 10:19:38.817193,
e04906d52287a0cbde6bf643c8e158d76afd7727,b5ab8f51d35b64af079485e5bbbc335213f3a0ae,CAD,Executed,v3,,,64c370a753b1db282770cdbf2aba5434a3185b3d,vertical 2,type 8,9.63,9e2b06736b477b7a924f60de14a7e329d82d6f4f,2009-10-24 03:28:59.514836,2009-10-24 03:29:27.515802,2009-10-24 03:29:05.149139,2009-10-24 03:29:26.958354,,2009-10-24 03:29:00.676179,2009-10-24 03:29:25.053133,2009-10-24 03:29:27.515802
9d56474246413e7d9a62d5c6a518e5b12a09d5e8,0090e57640ed78b0c16ac4606a6773769545bb17,CAD,failed,v3,not_authorized,initiated,64c370a753b1db282770cdbf2aba5434a3185b3d,vertical 2,type 8,0.3,9e2b06736b477b7a924f60de14a7e329d82d6f4f,2010-01-06 10:11:50.330827,2010-01-06 10:12:48.974551,2010-01-06 10:11:56.909739,,2010-01-06 10:12:48.974551,2010-01-06 10:11:51.393294,,
e0548a54617f02b7ed48fbe4fc1577db640054de,6926610db1dfc17aca46a6f67789d7d6c24a7185,CAD,Executed,v3,,,64c370a753b1db282770cdbf2aba5434a3185b3d,vertical 2,type 8,1.62,9e2b06736b477b7a924f60de14a7e329d82d6f4f,2009-09-29 20:13:28.146153,2009-09-29 20:14:11.053639,2009-09-29 20:13:32.551378,2009-09-29 20:14:11.053639,,2009-09-29 20:13:28.976594,2009-09-29 20:14:09.435318,2009-09-29 20:14:11.053639
34fa1f5d8f41378245a9957d1048ed5fe856bef5,e8085010136a26d0ebc200ac0751b1d9d673a764,CAD,Executed,v3,,,64c370a753b1db282770cdbf2aba5434a3185b3d,vertical 2,type 8,13.0,9e2b06736b477b7a924f60de14a7e329d82d6f4f,2010-01-18 12:25:24.285745,2010-01-18 12:25:54.953000,2010-01-18 12:25:27.873104,2010-01-18 12:25:53.192158,,2010-01-18 12:25:24.738488,2010-01-18 12:25:50.430309,2010-01-18 12:25:54.953000
9ccd6209ae01fe53031d87fdd9e81406d3064f01,b5ab8f51d35b64af079485e5bbbc335213f3a0ae,CAD,Executed,v3,,,f01dc54a26fe2a3def3dee28f7fb7c56c83ee7e7,vertical 5,type 8,2.0,9e2b06736b477b7a924f60de14a7e329d82d6f4f,2009-11-30 15:13:20.388870,2009-11-30 15:13:40.890699,2009-11-30 15:13:25.318660,2009-11-30 15:13:40.890699,,2009-11-30 15:13:23.623143,2009-11-30 15:13:39.238330,2009-11-30 15:13:40.543000
3402bc0e1f7871472f892c07fced08822f363c56,0090e57640ed78b0c16ac4606a6773769545bb17,CAD,Executed,v3,,,f01dc54a26fe2a3def3dee28f7fb7c56c83ee7e7,vertical 5,type 8,0.5,9e2b06736b477b7a924f60de14a7e329d82d6f4f,2009-12-12 20:29:08.520301,2009-12-12 20:29:49.343000,2009-12-12 20:29:12.908778,2009-12-12 20:29:49.343000,,2009-12-12 20:29:10.897891,2009-12-12 20:29:48.565569,2009-12-12 20:29:49.343000
29a2f04d077277d258ee5a67428710050ebb73f4,e8085010136a26d0ebc200ac0751b1d9d673a764,CAD,Executed,v3,,,f01dc54a26fe2a3def3dee28f7fb7c56c83ee7e7,vertical 5,type 8,5.0,9e2b06736b477b7a924f60de14a7e329d82d6f4f,2010-01-05 11:21:25.971170,2010-01-05 11:21:55.305250,2010-01-05 11:21:33.666472,2010-01-05 11:21:55.305250,,2010-01-05 11:21:32.018598,2010-01-05 11:21:52.350263,2010-01-05 11:21:55.230000
2996906d4e37415c4b2e890669fd015cf1b29c31,e8085010136a26d0ebc200ac0751b1d9d673a764,CAD,Executed,v3,,,f66f2f438fc87dd7deff8e022a67cc5d71aa6968,vertical 2,type 8,2.0,9e2b06736b477b7a924f60de14a7e329d82d6f4f,2009-09-05 06:51:29.358996,2009-09-05 06:52:20.066808,2009-09-05 06:51:33.293444,2009-09-05 06:52:19.218707,,2009-09-05 06:51:29.955381,2009-09-05 06:52:16.340838,2009-09-05 06:52:20.066808
b188eb8f9528bfe6fba4ba42e63ba1d0809314f2,7793607afc91c55351f23d75015223501cd65cd2,USD,Executed,v3,,,6e00ad8c3ecee4ef5ba5f8ddf15527a0493951a9,vertical 2,type 2,5.0,f69ad584c025f9b756ce1e8c70de3a33aef50b32,2008-01-21 10:43:28.853905,2008-01-21 10:46:29.157252,2008-01-21 10:43:29.747601,2008-01-21 10:46:29.157252,,2008-01-21 10:43:28.853905,2008-01-21 10:45:36.309607,
81be23836969c41faaa82ce270c246d16b111a96,6cd7d8d37b110668afdca42fc0e1d366b322783e,CAD,failed,v3,expired,initiated,64c370a753b1db282770cdbf2aba5434a3185b3d,vertical 2,type 8,10.0,9e2b06736b477b7a924f60de14a7e329d82d6f4f,2010-01-06 10:25:19.937589,2010-01-06 10:40:19.980474,2010-01-06 10:25:27.054413,,2010-01-06 10:40:19.980474,2010-01-06 10:25:23.272139,,
03d52f5c91de878f892de78d26ce308dd50af78e,eb1c4738ae6ac9c907a46a541af2d02d6be2f05b,CAD,Executed,v3,,,64c370a753b1db282770cdbf2aba5434a3185b3d,vertical 2,type 8,49.54,9e2b06736b477b7a924f60de14a7e329d82d6f4f,2009-11-01 08:38:29.296403,2009-11-01 08:39:03.034508,2009-11-01 08:38:33.563721,2009-11-01 08:39:02.831829,,2009-11-01 08:38:29.714582,2009-11-01 08:39:01.499036,2009-11-01 08:39:03.034508
207b2bd3709c0925b66af2318200e1e674da3cd9,6cd7d8d37b110668afdca42fc0e1d366b322783e,CAD,Executed,v3,,,d292da2283043c07accb1086a004caaf05472d44,vertical 5,type 8,1.0,9e2b06736b477b7a924f60de14a7e329d82d6f4f,2009-02-07 01:54:42.035163,2009-02-07 01:56:13.207210,2009-02-07 01:55:27.001726,2009-02-07 01:56:12.930580,,2009-02-07 01:55:21.009754,2009-02-07 01:56:12.329684,2009-02-07 01:56:13.207210
2b56d39dfd9756c8a6a08feb524087b9c589cd34,fa485aff3f9e34d55d25f78856d4a2526a5f8e6f,CAD,Executed,v3,,,f01dc54a26fe2a3def3dee28f7fb7c56c83ee7e7,vertical 5,type 8,2.0,9e2b06736b477b7a924f60de14a7e329d82d6f4f,2009-12-16 09:49:23.384954,2009-12-16 09:49:46.757000,2009-12-16 09:49:31.017459,2009-12-16 09:49:46.757000,,2009-12-16 09:49:26.549349,2009-12-16 09:49:44.761400,2009-12-16 09:49:46.757000
939c1bd1a88a18d3c1b400e2106459e2ec9394dc,b5ab8f51d35b64af079485e5bbbc335213f3a0ae,CAD,Executed,v3,,,f01dc54a26fe2a3def3dee28f7fb7c56c83ee7e7,vertical 5,type 8,5.0,9e2b06736b477b7a924f60de14a7e329d82d6f4f,2009-12-31 01:06:07.472091,2009-12-31 01:06:30.970000,2009-12-31 01:06:11.366517,2009-12-31 01:06:30.970000,,2009-12-31 01:06:09.482988,2009-12-31 01:06:29.627145,2009-12-31 01:06:30.970000
77e2d049ccd262e019cd7289afd4204ca081fbc7,b5ab8f51d35b64af079485e5bbbc335213f3a0ae,CAD,Executed,v3,,,f01dc54a26fe2a3def3dee28f7fb7c56c83ee7e7,vertical 5,type 8,0.5,9e2b06736b477b7a924f60de14a7e329d82d6f4f,2009-12-11 12:21:43.069806,2009-12-11 12:22:01.387000,2009-12-11 12:21:47.035837,2009-12-11 12:22:01.173770,,2009-12-11 12:21:45.408569,2009-12-11 12:21:59.661717,2009-12-11 12:22:01.387000
623c26c5e75ee56048d78afed57d3c8cdbb18e1e,b7308502f039e303a048625c725d4aea3380c2ac,CAD,Executed,v3,,,f01dc54a26fe2a3def3dee28f7fb7c56c83ee7e7,vertical 5,type 8,0.5,9e2b06736b477b7a924f60de14a7e329d82d6f4f,2009-12-20 10:33:00.061473,2009-12-20 10:34:55.023000,2009-12-20 10:33:22.192879,2009-12-20 10:34:55.023000,,2009-12-20 10:33:15.707827,2009-12-20 10:34:53.610329,2009-12-20 10:34:55.023000
48963b6fedb1b5e9d081a6b3fb71915f6d9bf145,b5ab8f51d35b64af079485e5bbbc335213f3a0ae,CAD,Executed,v3,,,f01dc54a26fe2a3def3dee28f7fb7c56c83ee7e7,vertical 5,type 8,35.0,9e2b06736b477b7a924f60de14a7e329d82d6f4f,2010-02-03 22:37:58.055208,2010-02-03 22:38:28.815756,2010-02-03 22:38:02.065394,2010-02-03 22:38:28.815756,,2010-02-03 22:38:00.565312,2010-02-03 22:38:27.378511,2010-02-03 22:38:28.620000
0a7b3c200a34d66014fea41d91278acf6dc7f69b,8216651c8989eb69415e6fd793175c69351debc5,USD,Executed,v3,,,6e00ad8c3ecee4ef5ba5f8ddf15527a0493951a9,vertical 2,type 2,1.0,f69ad584c025f9b756ce1e8c70de3a33aef50b32,2008-02-29 06:13:16.792495,2008-02-29 01:25:07.583115,2008-02-29 06:13:18.241557,2008-02-29 01:25:07.583115,,2008-02-29 06:13:16.792495,2008-02-29 06:13:48.236015,
0e37e60e1b6ca90225b6c3425e1b98499daa7c20,b5ab8f51d35b64af079485e5bbbc335213f3a0ae,CAD,Executed,v3,,,f66f2f438fc87dd7deff8e022a67cc5d71aa6968,vertical 2,type 8,16.84,9e2b06736b477b7a924f60de14a7e329d82d6f4f,2010-02-06 23:33:59.543273,2010-02-06 23:34:28.943000,2010-02-06 23:34:03.285572,2010-02-06 23:34:28.943000,,2010-02-06 23:33:59.955318,2010-02-06 23:34:27.560334,2010-02-06 23:34:28.943000
73f38bcb6055643341f2c6ac24e19138449fe144,3674b4d292131698ba6c946dda67a8fd8b63f12a,CAD,Executed,v3,,,f66f2f438fc87dd7deff8e022a67cc5d71aa6968,vertical 2,type 8,5.0,9e2b06736b477b7a924f60de14a7e329d82d6f4f,2009-10-31 02:04:35.821223,2009-10-31 02:05:05.257627,2009-10-31 02:04:41.299807,2009-10-31 02:05:05.257627,,2009-10-31 02:04:37.199577,2009-10-31 02:05:01.286307,2009-10-31 02:05:05.257627
e182e48c88f6c737f7715ea2b8f89c8f2086fbc7,b5ab8f51d35b64af079485e5bbbc335213f3a0ae,CAD,Executed,v3,,,f66f2f438fc87dd7deff8e022a67cc5d71aa6968,vertical 2,type 8,15.0,9e2b06736b477b7a924f60de14a7e329d82d6f4f,2010-01-21 17:52:44.574957,2010-01-21 17:53:31.780000,2010-01-21 17:52:50.306462,2010-01-21 17:53:31.710742,,2010-01-21 17:52:45.413409,2010-01-21 17:53:29.920223,2010-01-21 17:53:31.780000
03e400c1c1bac107c77eca51d66f3c3ead868420,e8085010136a26d0ebc200ac0751b1d9d673a764,CAD,Executed,v3,,,f66f2f438fc87dd7deff8e022a67cc5d71aa6968,vertical 2,type 8,1.0,9e2b06736b477b7a924f60de14a7e329d82d6f4f,2009-06-23 14:09:02.641196,2009-06-23 14:09:53.432519,2009-06-23 14:09:11.013816,2009-06-23 14:09:52.209617,,2009-06-23 14:09:04.445151,2009-06-23 14:09:49.717503,2009-06-23 14:09:53.432519
881a6b1d83928cc3ba6a2b06a12bed7e89ece437,34a0061ba48d1c2810cd930dd69d42482ca92d85,CAD,Executed,v3,,,f66f2f438fc87dd7deff8e022a67cc5d71aa6968,vertical 2,type 8,4.25,9e2b06736b477b7a924f60de14a7e329d82d6f4f,2009-09-15 09:35:02.396012,2009-09-15 09:35:32.995756,2009-09-15 09:35:08.074319,2009-09-15 09:35:32.051777,,2009-09-15 09:35:03.796581,2009-09-15 09:35:30.711713,2009-09-15 09:35:32.995756
53f8ad68dea6d8b6f4c5b3ceaee98576ae35846f,92548b886aedf9b7fedd5f3877cb9554e0f161f2,USD,Executed,v3,,,6e00ad8c3ecee4ef5ba5f8ddf15527a0493951a9,vertical 2,type 6,250.0,e663a75ca1d25c297c92ca032b7bd8d1af3b0b5c,2008-02-19 14:31:56.669248,2008-02-19 14:35:30.453123,2008-02-19 14:31:58.223373,2008-02-19 14:35:30.453123,,2008-02-19 14:31:56.669248,2008-02-19 14:35:20.276757,
6dfd74642becb6fbf8fd34dab47a915c64e918ca,f013de7e1aee607a6c2f86a5c09b2017a5813be0,USD,Executed,v3,,,6e00ad8c3ecee4ef5ba5f8ddf15527a0493951a9,vertical 2,type 6,1.0,1ef393c389ad6e2b2d4d865f843dcf351b1d19f5,2008-02-14 10:35:05.084968,2008-02-14 10:36:30.510012,2008-02-14 10:35:06.409680,2008-02-14 10:36:30.510012,,2008-02-14 10:35:05.084968,2008-02-14 10:35:58.472577,
3b8bb1dfe835229ad2d0338b723ed69b8ca6dd8d,b5ab8f51d35b64af079485e5bbbc335213f3a0ae,CAD,Executed,v3,,,f01dc54a26fe2a3def3dee28f7fb7c56c83ee7e7,vertical 5,type 8,2.87,9e2b06736b477b7a924f60de14a7e329d82d6f4f,2010-02-02 14:51:55.899716,2010-02-02 14:52:54.690000,2010-02-02 14:52:02.109604,2010-02-02 14:52:54.450211,,2010-02-02 14:52:00.468202,2010-02-02 14:52:52.713702,2010-02-02 14:52:54.690000
7500b44ab593401aa459d1e477aee4e283314451,3674b4d292131698ba6c946dda67a8fd8b63f12a,CAD,failed,v3,expired,initiated,f01dc54a26fe2a3def3dee28f7fb7c56c83ee7e7,vertical 5,type 8,0.5,9e2b06736b477b7a924f60de14a7e329d82d6f4f,2009-09-29 06:19:33.962679,2009-09-29 06:34:34.159769,2009-09-29 06:19:49.233804,,2009-09-29 06:34:34.159769,2009-09-29 06:19:41.529636,,
